  0.00921534,  1.52053,  0.78
  0.0476126,  1.61268,  0.744
  0.082938,  1.52053,  0.816
  0.119799,  1.56661,  0.732
  0.155125,  1.56661,  0.816
  0.19045,  1.52053,  0.768
  0.225776,  1.56661,  0.684
  0.259565,  1.52053,  0.768
  0.294891,  1.47445,  0.804
  0.330216,  1.52053,  0.72
  0.365542,  1.52053,  0.72
  0.399331,  1.47445,  0.708
  0.433121,  1.47445,  0.66
  0.465375,  1.42838,  0.786
  0.5007,  1.42838,  0.642
  0.532954,  1.42838,  0.69
  0.562136,  1.42838,  0.69
  0.595925,  1.3823,  0.726
  0.626643,  1.3823,  0.678
  0.657361,  1.33622,  0.75
  0.689614,  1.33622,  0.666
  0.720332,  1.33622,  0.618
  0.75105,  1.29015,  0.654
  0.778696,  1.24407,  0.654
  0.807878,  1.29015,  0.522
  0.83706,  1.24407,  0.594
  0.864706,  1.19799,  0.582
  0.893888,  1.15192,  0.618
  0.918462,  1.10584,  0.618
  0.946108,  1.15192,  0.57
  0.970682,  1.10584,  0.552
  0.995257,  1.05976,  0.588
  1.02137,  1.05976,  0.54
  1.04594,  1.05976,  0.492
  1.06744,  1.01369,  0.528
  1.09048,  0.967611,  0.564
  1.11198,  0.921534,  0.6
  1.13502,  0.967611,  0.468
  1.15652,  0.921534,  0.456
  1.17956,  0.921534,  0.408
  1.19799,  0.82938,  0.474
  1.21796,  0.82938,  0.426
  1.23486,  0.783304,  0.414
  1.25482,  0.783304,  0.366
  1.27172,  0.783304,  0.354
  1.28554,  0.69115,  0.39
  1.3009,  0.645074,  0.426
  1.31626,  0.69115,  0.378
  1.33162,  0.645074,  0.33
  1.34544,  0.598997,  0.234
  1.35926,  0.55292,  0.348
  1.37155,  0.55292,  0.384
  1.38384,  0.55292,  0.3
  1.39612,  0.506844,  0.192
  1.40688,  0.460767,  0.228
  1.41609,  0.41469,  0.264
  1.42531,  0.368614,  0.252
  1.43452,  0.368614,  0.204
  1.4422,  0.322537,  0.24
  1.44988,  0.322537,  0.192
  1.45756,  0.322537,  0.096
  1.46217,  0.230383,  0.162
  1.46677,  0.230383,  0.162
  1.47138,  0.184307,  0.15
  1.47599,  0.184307,  0.102
  1.47906,  0.13823,  0.138
  1.48213,  0.13823,  0.09
  1.48521,  0.13823,  -0.006
  1.48521,  0,  0.144
  1.48674,  0,  0.048
  1.48521,  0,  0.096
  1.48674,  0,  -0
  1.48521,  0,  -0.096
  1.48674,  0,  -0.144
  1.48521,  0,  -0.192
  1.48367,  -0.0921534,  -0.288
  1.4806,  -0.13823,  -0.234
  1.47753,  -0.184307,  -0.282
  1.47292,  -0.184307,  -0.294
  1.46677,  -0.27646,  -0.174
  1.4591,  -0.322537,  -0.144
  1.45295,  -0.322537,  -0.174
  1.44681,  -0.27646,  -0.222
  1.44066,  -0.27646,  -0.318
  1.43299,  -0.27646,  -0.204
  1.42377,  -0.368614,  -0.252
  1.41455,  -0.368614,  -0.252
  1.40534,  -0.41469,  -0.264
  1.39612,  -0.41469,  -0.312
  1.38537,  -0.460767,  -0.324
  1.37309,  -0.506844,  -0.24
  1.36233,  -0.506844,  -0.288
  1.35158,  -0.506844,  -0.336
  1.3393,  -0.506844,  -0.336
  1.32701,  -0.506844,  -0.336
  1.31472,  -0.506844,  -0.384
  1.3009,  -0.55292,  -0.348
  1.28861,  -0.55292,  -0.396
  1.27479,  -0.598997,  -0.318
  1.2625,  -0.55292,  -0.396
  1.24714,  -0.645074,  -0.33
  1.23332,  -0.645074,  -0.33
  1.2195,  -0.598997,  -0.378
  1.20414,  -0.598997,  -0.462
  1.18878,  -0.645074,  -0.342
  1.17035,  -0.69115,  -0.39
  1.15499,  -0.69115,  -0.354
  1.13809,  -0.69115,  -0.39
  1.12274,  -0.69115,  -0.474
  1.10584,  -0.69115,  -0.438
  1.09048,  -0.69115,  -0.486
  1.07205,  -0.737227,  -0.45
  1.05516,  -0.783304,  -0.414
  1.03673,  -0.783304,  -0.366
  1.02137,  -0.69115,  -0.534
  1.00294,  -0.737227,  -0.45
  0.986041,  -0.737227,  -0.498
  0.969146,  -0.737227,  -0.498
  0.950716,  -0.82938,  -0.33
  0.932285,  -0.783304,  -0.414
  0.91539,  -0.737227,  -0.498
  0.89696,  -0.783304,  -0.414
  0.880065,  -0.783304,  -0.414
  0.861634,  -0.783304,  -0.414
  0.844739,  -0.737227,  -0.498
  0.826309,  -0.737227,  -0.498
  0.807878,  -0.737227,  -0.498
  0.789447,  -0.783304,  -0.414
  0.772553,  -0.737227,  -0.498
  0.754122,  -0.783304,  -0.366
  0.737227,  -0.783304,  -0.534
  0.718796,  -0.737227,  -0.45
  0.701902,  -0.737227,  -0.366
  0.683471,  -0.783304,  -0.414
  0.666576,  -0.737227,  -0.486
  0.649681,  -0.737227,  -0.45
  0.632787,  -0.737227,  -0.438
  0.615892,  -0.737227,  -0.402
  0.598997,  -0.737227,  -0.402
  0.582102,  -0.737227,  -0.354
  0.566743,  -0.645074,  -0.474
  0.549849,  -0.737227,  -0.354
  0.53449,  -0.69115,  -0.39
  0.519131,  -0.737227,  -0.306
  0.502236,  -0.69115,  -0.294
  0.488413,  -0.598997,  -0.414
  0.47459,  -0.598997,  -0.33
  0.457695,  -0.645074,  -0.282
  0.445408,  -0.645074,  -0.366
  0.431585,  -0.598997,  -0.366
  0.416226,  -0.645074,  -0.282
  0.403939,  -0.598997,  -0.348
  0.390116,  -0.55292,  -0.3
  0.379365,  -0.506844,  -0.3
  0.365542,  -0.506844,  -0.336
  0.353255,  -0.55292,  -0.252
  0.340968,  -0.506844,  -0.24
  0.330216,  -0.460767,  -0.276
  0.319465,  -0.460767,  -0.276
  0.308714,  -0.460767,  -0.36
  0.297963,  -0.460767,  -0.276
  0.285675,  -0.506844,  -0.144
  0.277996,  -0.41469,  -0.264
  0.268781,  -0.368614,  -0.3
  0.259565,  -0.41469,  -0.216
  0.25035,  -0.368614,  -0.204
  0.242671,  -0.322537,  -0.24
  0.233455,  -0.27646,  -0.174
  0.228848,  -0.322537,  -0.192
  0.221168,  -0.27646,  -0.222
  0.213489,  -0.322537,  -0.144
  0.208881,  -0.230383,  -0.096
  0.202737,  -0.230383,  -0.21
  0.19813,  -0.230383,  -0.162
  0.193522,  -0.184307,  -0.15
  0.188914,  -0.230383,  -0.15
  0.184307,  -0.184307,  -0.102
  0.181235,  -0.184307,  -0.102
  0.178163,  -0.13823,  -0.138
  0.176627,  -0.13823,  -0.138
  0.17202,  -0.13823,  -0.09
  0.168948,  -0.13823,  -0.042
  0.168948,  0,  -0.192
  0.167412,  0,  -0.192
  0.165876,  0,  -0.144
  0.16434,  0,  -0.096
  0.16434,  0,  -0.096
  0.16434,  0,  -0.096
  0.16434,  0,  -0.096
  0.16434,  0,  -0.048
  0.16434,  0,  -0
  0.16434,  0,  0.048
  0.16434,  0,  0.096
  0.16434,  0,  0.144
  0.165876,  0,  0.24
  0.165876,  0,  0.288
  0.168948,  0.0921534,  0.222
  0.17202,  0.13823,  0.186
  0.176627,  0.0921534,  0.222
  0.179699,  0.13823,  0.138
  0.182771,  0.184307,  0.15
  0.187379,  0.184307,  0.186
  0.19045,  0.184307,  0.15
  0.193522,  0.13823,  0.234
  0.196594,  0.184307,  0.198
  0.201202,  0.184307,  0.198
  0.205809,  0.230383,  0.162
  0.210417,  0.184307,  0.198
  0.215025,  0.184307,  0.246
  0.221168,  0.230383,  0.162
  0.225776,  0.184307,  0.198
  0.230383,  0.184307,  0.246
  0.236527,  0.230383,  0.162
  0.241135,  0.230383,  0.21
  0.247278,  0.230383,  0.162
  0.251886,  0.230383,  0.21
  0.258029,  0.230383,  0.162
  0.262637,  0.230383,  0.21
  0.268781,  0.230383,  0.162
  0.273388,  0.230383,  0.21
  0.279532,  0.27646,  0.126
  0.28414,  0.230383,  0.258
  0.290283,  0.230383,  0.21
  0.294891,  0.27646,  0.126
  0.301034,  0.184307,  0.198
  0.305642,  0.230383,  0.114
  0.31025,  0.184307,  0.198
  0.314857,  0.184307,  0.198
  0.319465,  0.184307,  0.198
  0.324073,  0.184307,  0.15
  0.32868,  0.13823,  0.186
  0.333288,  0.184307,  0.102
  0.33636,  0.184307,  0.102
  0.339432,  0.13823,  0.138
  0.342503,  0.13823,  0.138
  0.345575,  0.13823,  0.138
  0.348647,  0.13823,  0.09
  0.350183,  0.0921534,  0.126
  0.351719,  0,  0.192
  0.354791,  0.0921534,  0.078
  0.354791,  0,  0.192
  0.357862,  0.0921534,  0.03
  0.357862,  0,  0.096
  0.357862,  0,  0.096
  0.357862,  0,  0.096
  0.357862,  0,  0.048
  0.357862,  0,  -0
  0.357862,  0,  -0.048
  0.357862,  0,  -0.096
  0.357862,  0,  -0.192
  0.356326,  0,  -0.24
  0.354791,  0,  -0.288
  0.351719,  -0.0921534,  -0.15
  0.347111,  -0.184307,  -0.198
  0.344039,  -0.184307,  -0.282
  0.337896,  -0.230383,  -0.162
  0.333288,  -0.230383,  -0.126
  0.327145,  -0.230383,  -0.21
  0.321001,  -0.27646,  -0.222
  0.314857,  -0.27646,  -0.258
  0.307178,  -0.322537,  -0.24
  0.299498,  -0.368614,  -0.288
  0.290283,  -0.41469,  -0.216
  0.282604,  -0.368614,  -0.216
  0.273388,  -0.368614,  -0.3
  0.264173,  -0.368614,  -0.348
  0.253422,  -0.41469,  -0.312
  0.242671,  -0.460767,  -0.276
  0.231919,  -0.460767,  -0.324
  0.219632,  -0.506844,  -0.288
  0.208881,  -0.460767,  -0.372
  0.196594,  -0.506844,  -0.384
  0.185843,  -0.506844,  -0.432
  0.17202,  -0.55292,  -0.396
  0.158197,  -0.598997,  -0.414
  0.142838,  -0.645074,  -0.33
  0.129015,  -0.645074,  -0.378
  0.113656,  -0.645074,  -0.462
  0.0982969,  -0.645074,  -0.474
  0.0814022,  -0.69115,  -0.474
  0.0645074,  -0.783304,  -0.366
  0.0491485,  -0.69115,  -0.45
  0.0307178,  -0.737227,  -0.498
  0.0122871,  -0.737227,  -0.498
  -0.00614356,  -0.783304,  -0.51
  -0.0261101,  -0.875457,  -0.396
  -0.0445408,  -0.82938,  -0.51
  -0.0629715,  -0.82938,  -0.57
  -0.0844739,  -0.875457,  -0.492
  -0.101369,  -0.875457,  -0.588
  -0.124407,  -0.967611,  -0.468
  -0.144374,  -0.921534,  -0.552
  -0.165876,  -0.921534,  -0.552
  -0.187379,  -0.875457,  -0.588
  -0.210417,  -0.967611,  -0.516
  -0.231919,  -1.01369,  -0.48
  -0.254958,  -0.967611,  -0.564
  -0.27646,  -0.967611,  -0.564
  -0.299498,  -0.967611,  -0.564
  -0.322537,  -0.967611,  -0.612
  -0.345575,  -1.01369,  -0.576
  -0.370149,  -1.01369,  -0.576
  -0.393188,  -1.01369,  -0.54
  -0.417762,  -1.05976,  -0.624
  -0.442336,  -1.05976,  -0.54
  -0.465375,  -1.05976,  -0.54
  -0.489949,  -1.01369,  -0.624
  -0.514523,  -1.05976,  -0.54
  -0.540633,  -1.05976,  -0.54
  -0.563672,  -1.05976,  -0.624
  -0.588246,  -1.05976,  -0.588
  -0.614356,  -1.10584,  -0.54
  -0.637394,  -1.05976,  -0.588
  -0.661968,  -1.05976,  -0.624
  -0.685007,  -1.01369,  -0.624
  -0.712653,  -1.05976,  -0.54
  -0.735691,  -1.01369,  -0.624
  -0.760265,  -1.05976,  -0.54
  -0.783304,  -1.01369,  -0.576
  -0.809414,  -1.05976,  -0.492
  -0.830916,  -0.967611,  -0.612
  -0.855491,  -1.01369,  -0.528
  -0.876993,  -1.01369,  -0.528
  -0.900031,  -1.01369,  -0.48
  -0.921534,  -0.967611,  -0.516
  -0.944572,  -0.967611,  -0.468
  -0.967611,  -0.967611,  -0.468
  -0.989113,  -0.967611,  -0.468
  -1.01062,  -0.921534,  -0.504
  -1.03365,  -0.921534,  -0.456
  -1.05516,  -0.921534,  -0.408
  -1.07512,  -0.875457,  -0.444
  -1.09355,  -0.82938,  -0.396
  -1.11352,  -0.82938,  -0.51
  -1.13349,  -0.875457,  -0.426
  -1.15192,  -0.82938,  -0.378
  -1.16881,  -0.783304,  -0.498
  -1.18724,  -0.737227,  -0.45
  -1.20567,  -0.783304,  -0.318
  -1.22103,  -0.69115,  -0.354
  -1.23793,  -0.737227,  -0.354
  -1.25329,  -0.645074,  -0.378
  -1.26864,  -0.645074,  -0.33
  -1.28247,  -0.598997,  -0.366
  -1.29629,  -0.55292,  -0.348
  -1.31011,  -0.598997,  -0.27
  -1.32087,  -0.55292,  -0.3
  -1.33469,  -0.55292,  -0.3
  -1.34698,  -0.55292,  -0.252
  -1.35773,  -0.460767,  -0.276
  -1.36848,  -0.460767,  -0.228
  -1.37923,  -0.41469,  -0.18
  -1.38844,  -0.368614,  -0.252
  -1.39766,  -0.41469,  -0.204
  -1.40534,  -0.322537,  -0.24
  -1.41302,  -0.368614,  -0.192
  -1.41916,  -0.27646,  -0.174
  -1.42531,  -0.230383,  -0.21
  -1.43145,  -0.27646,  -0.114
  -1.43452,  -0.230383,  -0.114
  -1.43913,  -0.184307,  -0.186
  -1.4422,  -0.13823,  -0.138
  -1.44681,  -0.13823,  -0.126
  -1.44834,  -0.13823,  -0.042
  -1.44834,  0,  -0.144
  -1.44988,  0,  -0.096
  -1.44988,  0,  -0.096
  -1.44988,  0,  -0.048
  -1.44988,  0,  0.048
  -1.44988,  0,  0.144
  -1.44988,  0,  0.24
  -1.44834,  0.0921534,  0.174
  -1.44374,  0.13823,  0.186
  -1.4422,  0.0921534,  0.318
  -1.43759,  0.13823,  0.246
  -1.43145,  0.230383,  0.258
  -1.42531,  0.230383,  0.192
  -1.41763,  0.27646,  0.222
  -1.40995,  0.322537,  0.192
  -1.4038,  0.322537,  0.318
  -1.39612,  0.368614,  0.204
  -1.38691,  0.368614,  0.252
  -1.37923,  0.322537,  0.384
  -1.36848,  0.368614,  0.264
  -1.35773,  0.460767,  0.228
  -1.34698,  0.460767,  0.276
  -1.33622,  0.460767,  0.324
  -1.32547,  0.506844,  0.324
  -1.31319,  0.506844,  0.288
  -1.30243,  0.506844,  0.372
  -1.29015,  0.506844,  0.288
  -1.27786,  0.506844,  0.336
  -1.26711,  0.506844,  0.384
  -1.25329,  0.55292,  0.348
  -1.241,  0.506844,  0.432
  -1.22718,  0.55292,  0.396
  -1.21335,  0.598997,  0.366
  -1.19953,  0.598997,  0.366
  -1.18571,  0.598997,  0.414
  -1.17188,  0.598997,  0.366
  -1.15652,  0.645074,  0.378
  -1.14117,  0.645074,  0.33
  -1.12734,  0.598997,  0.414
  -1.11352,  0.645074,  0.33
  -1.09816,  0.645074,  0.378
  -1.08434,  0.598997,  0.414
  -1.06744,  0.69115,  0.294
  -1.05208,  0.645074,  0.33
  -1.03826,  0.645074,  0.33
  -1.02444,  0.598997,  0.366
  -1.01062,  0.598997,  0.33
  -0.995257,  0.645074,  0.33
  -0.979898,  0.645074,  0.366
  -0.966075,  0.598997,  0.366
  -0.950716,  0.645074,  0.282
  -0.938429,  0.598997,  0.366
  -0.924606,  0.598997,  0.318
  -0.910783,  0.598997,  0.27
  -0.898495,  0.55292,  0.348
  -0.884672,  0.598997,  0.222
  -0.870849,  0.460767,  0.276
  -0.866242,  0.41469,  0.504
  -0.853955,  0.55292,  0.3
  -0.840132,  0.506844,  0.288
  -0.82938,  0.460767,  0.324
  -0.817093,  0.460767,  0.228
  -0.807878,  0.41469,  0.264
  -0.798663,  0.41469,  0.3
  -0.789447,  0.41469,  0.216
  -0.780232,  0.41469,  0.168
  -0.771017,  0.368614,  0.204
  -0.763337,  0.322537,  0.192
  -0.757194,  0.322537,  0.222
  -0.75105,  0.27646,  0.144
  -0.744907,  0.27646,  0.174
  -0.738763,  0.27646,  0.126
  -0.732619,  0.230383,  0.162
  -0.728012,  0.230383,  0.114
  -0.723404,  0.184307,  0.102
  -0.720332,  0.13823,  0.138
  -0.717261,  0.13823,  0.09
  -0.715725,  0.0921534,  0.126
  -0.714189,  0,  0.144
  -0.712653,  0,  0.144
  -0.712653,  0,  0.096
  -0.712653,  0,  0.048
  -0.712653,  0,  -0
  -0.711117,  0,  -0.048
  -0.712653,  0,  -0.144
  -0.712653,  0,  -0.24
  -0.714189,  0,  -0.336
  -0.718796,  -0.13823,  -0.234
  -0.723404,  -0.230383,  -0.246
  -0.728012,  -0.184307,  -0.246
  -0.734155,  -0.230383,  -0.258
  -0.740299,  -0.27646,  -0.258
  -0.746442,  -0.27646,  -0.27
  -0.754122,  -0.322537,  -0.288
  -0.761801,  -0.322537,  -0.288
  -0.769481,  -0.368614,  -0.384
  -0.780232,  -0.41469,  -0.264
  -0.789447,  -0.41469,  -0.228
  -0.800199,  -0.460767,  -0.312
  -0.81095,  -0.460767,  -0.276
  -0.821701,  -0.506844,  -0.288
  -0.832452,  -0.460767,  -0.372
  -0.843203,  -0.506844,  -0.384
  -0.857026,  -0.506844,  -0.3
  -0.869314,  -0.55292,  -0.396
  -0.883137,  -0.598997,  -0.366
  -0.895424,  -0.598997,  -0.366
  -0.909247,  -0.55292,  -0.444
  -0.92307,  -0.598997,  -0.462
  -0.938429,  -0.645074,  -0.426
  -0.953788,  -0.645074,  -0.426
  -0.970682,  -0.69115,  -0.342
  -0.987577,  -0.645074,  -0.426
  -1.0014,  -0.645074,  -0.426
  -1.01676,  -0.645074,  -0.438
  -1.03519,  -0.69115,  -0.438
  -1.05055,  -0.69115,  -0.354
  -1.06898,  -0.737227,  -0.354
  -1.08587,  -0.737227,  -0.402
  -1.10277,  -0.737227,  -0.402
  -1.11813,  -0.69115,  -0.402
  -1.13656,  -0.737227,  -0.45
  -1.15345,  -0.783304,  -0.366
  -1.17188,  -0.783304,  -0.402
  -1.18724,  -0.69115,  -0.402
  -1.20414,  -0.69115,  -0.402
  -1.22257,  -0.737227,  -0.402
  -1.23946,  -0.737227,  -0.402
  -1.25636,  -0.737227,  -0.354
  -1.27172,  -0.69115,  -0.426
  -1.28708,  -0.645074,  -0.474
  -1.30397,  -0.69115,  -0.39
  -1.31933,  -0.69115,  -0.39
  -1.33469,  -0.69115,  -0.39
  -1.35158,  -0.69115,  -0.294
  -1.36541,  -0.645074,  -0.378
  -1.38076,  -0.645074,  -0.33
  -1.39612,  -0.598997,  -0.366
  -1.40995,  -0.598997,  -0.318
  -1.42223,  -0.55292,  -0.348
  -1.43759,  -0.55292,  -0.252
  -1.44834,  -0.506844,  -0.336
  -1.46063,  -0.506844,  -0.24
  -1.47138,  -0.460767,  -0.276
  -1.4806,  -0.460767,  -0.312
  -1.48981,  -0.41469,  -0.264
  -1.50056,  -0.41469,  -0.264
  -1.50978,  -0.41469,  -0.216
  -1.51746,  -0.322537,  -0.156
  -1.52667,  -0.368614,  -0.156
  -1.53282,  -0.27646,  -0.174
  -1.53896,  -0.322537,  -0.048
  -1.54357,  -0.230383,  -0.162
  -1.54818,  -0.184307,  -0.15
  -1.55125,  -0.13823,  -0.186
  -1.55432,  -0.13823,  -0.174
  -1.55739,  -0.0921534,  -0.078
  -1.55893,  0,  -0.096
  -1.55893,  0,  -0.048
  -1.55893,  0,  -0
  -1.55739,  0,  0.048
  -1.55893,  0,  0.24
  -1.55739,  0,  0.336
  -1.55432,  0.0921534,  0.366
  -1.54971,  0.184307,  0.342
  -1.54203,  0.27646,  0.27
  -1.53435,  0.322537,  0.288
  -1.52667,  0.368614,  0.3
  -1.51746,  0.368614,  0.348
  -1.50824,  0.41469,  0.312
  -1.49596,  0.460767,  0.324
  -1.48521,  0.506844,  0.336
  -1.47445,  0.506844,  0.432
  -1.46063,  0.598997,  0.414
  -1.44527,  0.598997,  0.426
  -1.42838,  0.69115,  0.39
  -1.41302,  0.69115,  0.534
  -1.39459,  0.783304,  0.51
  -1.37462,  0.783304,  0.606
  -1.35312,  0.875457,  0.54
  -1.33162,  0.921534,  0.504
  -1.31165,  0.921534,  0.6
  -1.28861,  0.967611,  0.564
  -1.26711,  0.967611,  0.708
  -1.24253,  1.05976,  0.684
  -1.21642,  1.10584,  0.696
  -1.19031,  1.15192,  0.714
  -1.1642,  1.19799,  0.726
  -1.13502,  1.19799,  0.774
  -1.1043,  1.24407,  0.738
  -1.07512,  1.24407,  0.786
  -1.04441,  1.33622,  0.762
  -1.01522,  1.33622,  0.858
  -0.979898,  1.3823,  0.87
  -0.944572,  1.52053,  0.672
  -0.912319,  1.3823,  0.918
  -0.880065,  1.42838,  0.768
  -0.843203,  1.56661,  0.816
  -0.807878,  1.47445,  0.948
  -0.771017,  1.61268,  0.744
  -0.735691,  1.52053,  0.96
  -0.697294,  1.61268,  0.936
  -0.657361,  1.65876,  0.948
  -0.617428,  1.65876,  0.816
  -0.57903,  1.65876,  0.996
  -0.537561,  1.70484,  0.996
  -0.497628,  1.75091,  0.93
  -0.456159,  1.79699,  0.894
  -0.416226,  1.75091,  0.93
  -0.376293,  1.75091,  1.074
  -0.331752,  1.84307,  0.906
  -0.290283,  1.84307,  0.954
  -0.247278,  1.84307,  0.906
  -0.207345,  1.79699,  1.038
  -0.16434,  1.79699,  1.038
  -0.121335,  1.88914,  0.918
  -0.0798663,  1.79699,  1.038
  -0.0383972,  1.84307,  1.002
  0.00460767,  1.79699,  1.086
  0.0491485,  1.93522,  0.834
  0.0906175,  1.84307,  0.99
  0.133622,  1.75091,  1.074
  0.175091,  1.84307,  0.906
  0.218096,  1.79699,  1.038
  0.259565,  1.84307,  0.834
  0.30257,  1.84307,  0.906
  0.345575,  1.84307,  0.894
  0.387044,  1.79699,  0.846
  0.426977,  1.75091,  0.912
  0.46691,  1.70484,  0.912
  0.506844,  1.75091,  0.93
  0.546777,  1.70484,  0.864
  0.58671,  1.70484,  0.864
  0.625107,  1.65876,  0.9
  0.663504,  1.61268,  0.888
  0.703438,  1.70484,  0.672
  0.738763,  1.56661,  0.78
  0.772553,  1.47445,  0.9
  0.806342,  1.52053,  0.816
  0.843203,  1.52053,  0.768
  0.876993,  1.52053,  0.672
  0.910783,  1.42838,  0.738
  0.9415,  1.3823,  0.726
  0.973754,  1.3823,  0.63
  1.00447,  1.33622,  0.618
  1.03212,  1.29015,  0.654
  1.06284,  1.24407,  0.594
  1.08895,  1.19799,  0.582
  1.11659,  1.19799,  0.57
  1.14117,  1.10584,  0.552
  1.16881,  1.10584,  0.456
  1.19185,  1.05976,  0.444
  1.21489,  0.967611,  0.468
  1.241,  0.921534,  0.312
  1.25482,  0.82938,  0.558
  1.27479,  0.875457,  0.426
  1.29168,  0.783304,  0.366
  1.30704,  0.69115,  0.306
  1.32394,  0.69115,  0.294
  1.33776,  0.645074,  0.318
  1.35158,  0.598997,  0.222
  1.36387,  0.55292,  0.288
  1.37462,  0.506844,  0.192
  1.38384,  0.41469,  0.216
  1.39305,  0.368614,  0.156
  1.40073,  0.322537,  0.096
  1.40534,  0.230383,  0.114
  1.40995,  0.230383,  0.018
  1.41148,  0.184307,  0.006
  1.41302,  0,  0.096
  1.41302,  0,  0.048
  1.41302,  0,  -0.048
  1.41302,  0,  -0.144
  1.41302,  0,  -0.336
  1.40995,  -0.13823,  -0.33
  1.4038,  -0.230383,  -0.27
  1.39459,  -0.368614,  -0.252
  1.38691,  -0.368614,  -0.312
  1.37616,  -0.41469,  -0.36
  1.36541,  -0.460767,  -0.42
  1.35158,  -0.55292,  -0.348
  1.33776,  -0.598997,  -0.396
  1.32394,  -0.598997,  -0.414
  1.30858,  -0.69115,  -0.438
  1.29322,  -0.69115,  -0.486
  1.27632,  -0.783304,  -0.462
  1.25789,  -0.783304,  -0.558
  1.23793,  -0.82938,  -0.57
  1.21642,  -0.875457,  -0.588
  1.19646,  -0.875457,  -0.684
  1.17035,  -0.967611,  -0.612
  1.14731,  -1.01369,  -0.624
  1.12274,  -1.01369,  -0.72
  1.09816,  -1.05976,  -0.732
  1.06898,  -1.15192,  -0.666
  1.04133,  -1.19799,  -0.678
  1.01522,  -1.19799,  -0.774
  0.986041,  -1.24407,  -0.738
  0.956859,  -1.33622,  -0.75
  0.924606,  -1.33622,  -0.714
  0.893888,  -1.3823,  -0.81
  0.861634,  -1.42838,  -0.69
  0.830916,  -1.3823,  -0.858
  0.797127,  -1.42838,  -0.786
  0.763337,  -1.42838,  -0.834
  0.729548,  -1.42838,  -0.852
  0.692686,  -1.56661,  -0.78
  0.658897,  -1.47445,  -0.852
  0.623571,  -1.52053,  -0.912
  0.585174,  -1.61268,  -0.828
  0.549849,  -1.56661,  -0.828
  0.512987,  -1.56661,  -0.876
  0.477662,  -1.56661,  -0.924
  0.439264,  -1.65876,  -0.804
  0.403939,  -1.61268,  -0.84
  0.365542,  -1.56661,  -0.924
  0.32868,  -1.61268,  -0.888
  0.288747,  -1.65876,  -0.804
  0.251886,  -1.61268,  -0.888
  0.215025,  -1.65876,  -0.84
  0.178163,  -1.56661,  -0.876
  0.142838,  -1.56661,  -0.876
  0.102905,  -1.61268,  -0.792
  0.0675791,  -1.56661,  -0.828
  0.0307178,  -1.65876,  -0.744
  -0.00460767,  -1.52053,  -0.864
  -0.0399331,  -1.56661,  -0.816
  -0.0752586,  -1.52053,  -0.768
  -0.107512,  -1.47445,  -0.804
  -0.142838,  -1.47445,  -0.804
  -0.176627,  -1.47445,  -0.786
  -0.210417,  -1.47445,  -0.756
  -0.244206,  -1.47445,  -0.66
  -0.27646,  -1.42838,  -0.69
  -0.307178,  -1.33622,  -0.762
  -0.337896,  -1.33622,  -0.714
  -0.368614,  -1.33622,  -0.714
  -0.399331,  -1.33622,  -0.618
  -0.428513,  -1.29015,  -0.606
  -0.456159,  -1.19799,  -0.63
  -0.482269,  -1.10584,  -0.696
  -0.509915,  -1.15192,  -0.57
  -0.53449,  -1.15192,  -0.522
  -0.559064,  -1.05976,  -0.588
  -0.583638,  -1.01369,  -0.528
  -0.606676,  -0.967611,  -0.516
  -0.629715,  -0.967611,  -0.42
  -0.648145,  -0.875457,  -0.408
  -0.668112,  -0.82938,  -0.426
  -0.686543,  -0.82938,  -0.378
  -0.706509,  -0.783304,  -0.318
  -0.723404,  -0.737227,  -0.342
  -0.737227,  -0.69115,  -0.294
  -0.752586,  -0.645074,  -0.27
  -0.763337,  -0.55292,  -0.252
  -0.77716,  -0.506844,  -0.192
  -0.786376,  -0.460767,  -0.18
  -0.795591,  -0.41469,  -0.12
  -0.80327,  -0.322537,  -0.108
  -0.81095,  -0.322537,  -0.096
  -0.817093,  -0.27646,  -0.078
  -0.821701,  -0.230383,  -0.018
  -0.823237,  -0.13823,  -0.09
  -0.826309,  -0.13823,  0.006
  -0.826309,  0,  -0.048
  -0.826309,  0,  0.048
  -0.826309,  0,  0.192
  -0.824773,  0,  0.288
  -0.821701,  0.13823,  0.282
  -0.817093,  0.184307,  0.342
  -0.809414,  0.27646,  0.318
  -0.801734,  0.322537,  0.384
  -0.792519,  0.41469,  0.276
  -0.780232,  0.506844,  0.288
  -0.769481,  0.506844,  0.336
  -0.757194,  0.506844,  0.48
  -0.743371,  0.598997,  0.414
  -0.728012,  0.645074,  0.51
  -0.711117,  0.69115,  0.486
  -0.694222,  0.737227,  0.498
  -0.67272,  0.82938,  0.474
  -0.655825,  0.783304,  0.606
  -0.632787,  0.921534,  0.552
  -0.611284,  0.921534,  0.6
  -0.588246,  1.01369,  0.576
  -0.565207,  0.967611,  0.708
  -0.540633,  1.05976,  0.684
  -0.514523,  1.10584,  0.696
  -0.486877,  1.19799,  0.63
  -0.459231,  1.19799,  0.678
  -0.431585,  1.19799,  0.726
  -0.402403,  1.24407,  0.738
  -0.374757,  1.24407,  0.882
  -0.342503,  1.29015,  0.846
  -0.308714,  1.42838,  0.69
  -0.277996,  1.33622,  0.858
  -0.244206,  1.3823,  0.822
  -0.211953,  1.47445,  0.804
  -0.178163,  1.42838,  0.93
  -0.141302,  1.52053,  0.816
  -0.105976,  1.56661,  0.732
  -0.0752586,  1.47445,  0.9
  -0.0383972,  1.52053,  0.912
  -0.00153589,  1.56661,  0.924
  0.0368614,  1.61268,  0.804
  0.0783304,  1.65876,  0.756
  0.11212,  1.56661,  1.008
  0.150517,  1.70484,  0.864
  0.188914,  1.65876,  0.852
  0.225776,  1.65876,  0.948
  0.265709,  1.70484,  0.912
  0.304106,  1.65876,  0.9
  0.344039,  1.70484,  0.912
  0.382437,  1.65876,  0.9
  0.42237,  1.65876,  0.9
  0.460767,  1.70484,  0.864
  0.497628,  1.61268,  0.984
  0.537561,  1.65876,  0.9
  0.574423,  1.56661,  1.02
  0.614356,  1.65876,  0.9
  0.651217,  1.65876,  0.852
  0.69115,  1.65876,  0.804
  0.728012,  1.61268,  0.792
  0.763337,  1.56661,  0.96
  0.80327,  1.61268,  0.744
  0.835524,  1.56661,  0.828
  0.872385,  1.47445,  0.852
  0.906175,  1.52053,  0.732
  0.943036,  1.42838,  0.834
  0.976826,  1.47445,  0.672
  1.01062,  1.52053,  0.66
  1.04287,  1.42838,  0.678
  1.07512,  1.3823,  0.63
  1.10584,  1.29015,  0.75
  1.13656,  1.29015,  0.654
  1.16728,  1.33622,  0.57
  1.19799,  1.24407,  0.63
  1.22564,  1.19799,  0.63
  1.25329,  1.19799,  0.582
  1.27786,  1.15192,  0.57
  1.30397,  1.10584,  0.504
  1.32701,  1.01369,  0.576
  1.35158,  1.01369,  0.528
  1.37309,  0.967611,  0.516
  1.39766,  0.921534,  0.408
  1.41609,  0.875457,  0.444
  1.43606,  0.82938,  0.378
  1.45449,  0.82938,  0.282
  1.47138,  0.783304,  0.354
  1.48828,  0.645074,  0.33
  1.5021,  0.69115,  0.246
  1.51746,  0.598997,  0.222
  1.52975,  0.55292,  0.204
  1.54357,  0.506844,  0.096
  1.54818,  0.368614,  0.3
  1.55739,  0.368614,  0.168
  1.56661,  0.368614,  0.108
  1.57275,  0.27646,  0.126
  1.57736,  0.230383,  0.114
  1.58197,  0.184307,  0.054
  1.58504,  0.13823,  0.042
  1.58657,  0.0921534,  0.096
  1.58504,  0,  0.048
  1.58657,  0,  -0.096
  1.58657,  0,  -0.24
  1.58504,  0,  -0.384
  1.58043,  -0.13823,  -0.378
  1.57429,  -0.230383,  -0.354
  1.56661,  -0.368614,  -0.252
  1.55739,  -0.368614,  -0.348
  1.54664,  -0.41469,  -0.36
  1.53589,  -0.506844,  -0.42
  1.52207,  -0.55292,  -0.348
  1.50978,  -0.598997,  -0.366
  1.49596,  -0.55292,  -0.54
  1.47906,  -0.69115,  -0.522
  1.46217,  -0.737227,  -0.45
  1.44374,  -0.737227,  -0.594
  1.42377,  -0.82938,  -0.57
  1.40227,  -0.875457,  -0.588
  1.38076,  -0.967611,  -0.648
  1.35773,  -1.01369,  -0.624
  1.33469,  -1.01369,  -0.624
  1.31011,  -1.01369,  -0.684
  1.284,  -1.05976,  -0.732
  1.25789,  -1.15192,  -0.63
  1.22871,  -1.24407,  -0.69
  1.20107,  -1.19799,  -0.81
  1.17035,  -1.24407,  -0.834
  1.13963,  -1.33622,  -0.81
  1.10891,  -1.33622,  -0.858
  1.07512,  -1.42838,  -0.786
  1.04287,  -1.42838,  -0.882
  1.01062,  -1.3823,  -1.014
  0.97529,  -1.52053,  -0.912
  0.938429,  -1.56661,  -0.876
  0.903103,  -1.61268,  -0.84
  0.864706,  -1.61268,  -0.888
  0.827845,  -1.56661,  -0.972
  0.790983,  -1.61268,  -0.984
  0.754122,  -1.61268,  -1.032
  0.714189,  -1.70484,  -0.96
  0.671184,  -1.70484,  -0.912
  0.632787,  -1.70484,  -1.092
  0.591318,  -1.75091,  -0.978
  0.551384,  -1.75091,  -0.942
  0.50838,  -1.79699,  -0.99
  0.465375,  -1.79699,  -0.942
  0.42237,  -1.84307,  -0.942
  0.379365,  -1.79699,  -0.942
  0.337896,  -1.75091,  -0.954
  0.293355,  -1.84307,  -1.002
  0.25035,  -1.84307,  -0.954
  0.205809,  -1.88914,  -0.966
  0.162804,  -1.88914,  -0.906
  0.121335,  -1.79699,  -1.038
  0.0767945,  -1.84307,  -1.002
  0.0337896,  -1.88914,  -0.966
  -0.00921534,  -1.88914,  -0.966
  -0.0522203,  -1.84307,  -1.002
  -0.0952252,  -1.79699,  -1.038
  -0.136694,  -1.84307,  -1.002
  -0.179699,  -1.84307,  -1.002
  -0.22424,  -1.88914,  -0.87
  -0.265709,  -1.88914,  -0.87
  -0.307178,  -1.75091,  -1.026
  -0.350183,  -1.84307,  -0.846
  -0.390116,  -1.75091,  -0.978
  -0.430049,  -1.75091,  -0.93
  -0.471518,  -1.79699,  -0.846
  -0.511451,  -1.70484,  -0.912
  -0.551384,  -1.75091,  -0.834
  -0.591318,  -1.61268,  -0.936
  -0.628179,  -1.61268,  -0.852
  -0.668112,  -1.65876,  -0.852
  -0.706509,  -1.61268,  -0.84
  -0.744907,  -1.65876,  -0.708
  -0.780232,  -1.52053,  -0.78
  -0.817093,  -1.56661,  -0.732
  -0.852419,  -1.52053,  -0.72
  -0.884672,  -1.47445,  -0.786
  -0.918462,  -1.47445,  -0.708
  -0.950716,  -1.42838,  -0.69
  -0.982969,  -1.3823,  -0.678
  -1.01522,  -1.33622,  -0.666
  -1.04441,  -1.29015,  -0.702
  -1.07512,  -1.29015,  -0.606
  -1.10277,  -1.24407,  -0.594
  -1.13041,  -1.15192,  -0.618
  -1.15652,  -1.15192,  -0.57
  -1.18264,  -1.05976,  -0.588
  -1.20721,  -1.05976,  -0.588
  -1.23178,  -1.05976,  -0.444
  -1.25482,  -0.967611,  -0.468
  -1.27632,  -0.967611,  -0.456
  -1.29629,  -0.875457,  -0.444
  -1.31472,  -0.82938,  -0.474
  -1.33315,  -0.783304,  -0.462
  -1.35158,  -0.783304,  -0.318
  -1.36848,  -0.737227,  -0.27
  -1.38537,  -0.645074,  -0.294
  -1.40073,  -0.645074,  -0.282
  -1.41455,  -0.598997,  -0.27
  -1.42684,  -0.55292,  -0.288
  -1.43759,  -0.506844,  -0.24
  -1.44834,  -0.41469,  -0.18
  -1.45756,  -0.41469,  -0.168
  -1.46524,  -0.368614,  -0.108
  -1.47138,  -0.27646,  -0.174
  -1.47753,  -0.27646,  -0.078
  -1.4806,  -0.230383,  -0.066
  -1.48521,  -0.13823,  -0.138
  -1.48674,  -0.0921534,  -0.126
  -1.48981,  -0.0921534,  -0.03
  -1.48981,  0,  -0.048
  -1.48981,  0,  0.048
  -1.48981,  0,  0.096
  -1.48828,  0,  0.24
  -1.48674,  0.0921534,  0.318
  -1.48367,  0.13823,  0.33
  -1.47753,  0.230383,  0.306
  -1.46985,  0.322537,  0.288
  -1.46217,  0.368614,  0.3
  -1.45295,  0.368614,  0.348
  -1.4422,  0.41469,  0.36
  -1.43145,  0.41469,  0.408
  -1.41916,  0.506844,  0.42
  -1.40688,  0.506844,  0.432
  -1.39305,  0.55292,  0.444
  -1.37923,  0.598997,  0.426
  -1.3608,  0.69115,  0.474
  -1.3439,  0.69115,  0.486
  -1.32701,  0.783304,  0.51
  -1.30858,  0.783304,  0.51
  -1.28861,  0.82938,  0.474
  -1.26864,  0.875457,  0.522
  -1.24868,  0.875457,  0.588
  -1.22871,  0.921534,  0.6
  -1.20567,  0.921534,  0.648
  -1.17956,  1.01369,  0.624
  -1.15806,  1.01369,  0.588
  -1.13195,  1.05976,  0.636
  -1.10738,  1.05976,  0.636
  -1.08127,  1.05976,  0.732
  -1.05516,  1.15192,  0.666
  -1.02751,  1.19799,  0.714
  -0.999864,  1.15192,  0.678
  -0.969146,  1.24407,  0.606
  -0.938429,  1.24407,  0.738
  -0.910783,  1.19799,  0.702
  -0.880065,  1.33622,  0.762
  -0.849347,  1.33622,  0.714
  -0.817093,  1.3823,  0.762
  -0.78484,  1.3823,  0.762
  -0.754122,  1.33622,  0.774
  -0.720332,  1.42838,  0.786
  -0.686543,  1.42838,  0.786
  -0.652753,  1.42838,  0.834
  -0.618964,  1.42838,  0.834
  -0.583638,  1.47445,  0.804
  -0.549849,  1.47445,  0.852
  -0.516059,  1.47445,  0.852
  -0.479198,  1.52053,  0.816
  -0.446944,  1.52053,  0.816
  -0.408547,  1.52053,  0.816
  -0.374757,  1.47445,  0.9
  -0.339432,  1.47445,  0.948
  -0.304106,  1.61268,  0.744
  -0.267245,  1.56661,  0.828
  -0.231919,  1.52053,  0.864
  -0.195058,  1.56661,  0.828
  -0.158197,  1.52053,  0.912
  -0.121335,  1.61268,  0.708
  -0.0875457,  1.56661,  0.828
  -0.0522203,  1.52053,  0.864
  -0.0168948,  1.56661,  0.924
  0.0215025,  1.52053,  0.864
  0.0568279,  1.56661,  0.78
  0.0921534,  1.52053,  0.912
  0.129015,  1.52053,  0.816
  0.16434,  1.56661,  0.828
  0.199666,  1.56661,  0.816
  0.233455,  1.52053,  0.864
  0.270317,  1.56661,  0.78
  0.304106,  1.42838,  0.882
  0.342503,  1.52053,  0.72
  0.373221,  1.47445,  0.804
  0.408547,  1.42838,  0.786
  0.442336,  1.42838,  0.786
  0.47459,  1.3823,  0.822
  0.50838,  1.42838,  0.69
  0.539097,  1.42838,  0.774
  0.572887,  1.3823,  0.774
  0.605141,  1.42838,  0.726
  0.637394,  1.3823,  0.678
  0.666576,  1.33622,  0.714
  0.69883,  1.3823,  0.63
  0.729548,  1.29015,  0.618
  0.757194,  1.24407,  0.738
  0.787911,  1.24407,  0.642
  0.817093,  1.24407,  0.594
  0.846275,  1.15192,  0.666
  0.873921,  1.19799,  0.546
  0.901567,  1.19799,  0.582
  0.926142,  1.10584,  0.6
  0.953788,  1.15192,  0.57
  0.979898,  1.15192,  0.552
  1.00294,  1.05976,  0.588
  1.02751,  1.05976,  0.54
  1.05208,  1.05976,  0.492
  1.07512,  1.01369,  0.528
  1.09816,  0.967611,  0.516
  1.11966,  0.967611,  0.516
  1.14117,  0.921534,  0.504
  1.16267,  0.875457,  0.492
  1.18571,  0.921534,  0.36
  1.20414,  0.82938,  0.426
  1.22257,  0.783304,  0.462
  1.241,  0.783304,  0.414
  1.25943,  0.783304,  0.366
  1.27479,  0.737227,  0.402
  1.29168,  0.737227,  0.342
  1.30551,  0.645074,  0.378
  1.32087,  0.645074,  0.33
  1.33776,  0.69115,  0.246
  1.35158,  0.645074,  0.282
  1.36387,  0.55292,  0.27
  1.37616,  0.506844,  0.252
  1.38998,  0.55292,  0.204
  1.40073,  0.506844,  0.192
  1.40995,  0.41469,  0.264
  1.41916,  0.368614,  0.3
  1.42991,  0.41469,  0.168
  1.43759,  0.368614,  0.204
  1.44527,  0.322537,  0.192
  1.45295,  0.322537,  0.144
  1.4591,  0.27646,  0.126
  1.4637,  0.230383,  0.162
  1.46831,  0.184307,  0.198
  1.47292,  0.184307,  0.15
  1.47753,  0.184307,  0.102
  1.47906,  0.13823,  0.09
  1.48213,  0.0921534,  0.126
  1.48367,  0.13823,  -0.006
  1.48521,  0,  0.096
  1.48521,  0,  0.096
  1.48521,  0,  0.048
  1.48521,  0,  -0
  1.48521,  0,  -0.048
  1.48521,  0,  -0.144
  1.48367,  0,  -0.192
  1.48213,  -0.0921534,  -0.222
  1.4806,  -0.0921534,  -0.318
  1.47599,  -0.13823,  -0.282
  1.47138,  -0.230383,  -0.258
  1.46524,  -0.230383,  -0.258
  1.45756,  -0.322537,  -0.144
  1.45142,  -0.27646,  -0.222
  1.44527,  -0.27646,  -0.27
  1.43759,  -0.322537,  -0.24
  1.42991,  -0.322537,  -0.288
  1.42223,  -0.322537,  -0.336
  1.41302,  -0.368614,  -0.3
  1.40227,  -0.41469,  -0.264
  1.39305,  -0.41469,  -0.36
  1.3823,  -0.460767,  -0.324
  1.37001,  -0.506844,  -0.24
  1.3608,  -0.506844,  -0.288
  1.34698,  -0.506844,  -0.288
  1.33776,  -0.506844,  -0.336
  1.32394,  -0.506844,  -0.384
  1.31165,  -0.55292,  -0.3
  1.29936,  -0.506844,  -0.348
  1.28554,  -0.598997,  -0.318
  1.27325,  -0.598997,  -0.444
  1.25789,  -0.598997,  -0.366
  1.24407,  -0.598997,  -0.414
  1.23025,  -0.598997,  -0.378
  1.21489,  -0.598997,  -0.378
  1.19953,  -0.645074,  -0.378
  1.18417,  -0.645074,  -0.474
  1.16574,  -0.69115,  -0.342
  1.15038,  -0.69115,  -0.438
  1.13349,  -0.69115,  -0.354
  1.11813,  -0.69115,  -0.486
  1.0997,  -0.737227,  -0.438
  1.08434,  -0.737227,  -0.45
  1.06591,  -0.737227,  -0.402
  1.04901,  -0.737227,  -0.402
  1.03212,  -0.737227,  -0.45
  1.01522,  -0.737227,  -0.45
  0.998328,  -0.783304,  -0.462
  0.981434,  -0.737227,  -0.498
  0.961467,  -0.783304,  -0.318
  0.946108,  -0.737227,  -0.498
  0.927677,  -0.737227,  -0.498
  0.909247,  -0.783304,  -0.414
  0.892352,  -0.783304,  -0.414
  0.873921,  -0.783304,  -0.414
  0.855491,  -0.783304,  -0.414
  0.838596,  -0.69115,  -0.534
  0.821701,  -0.783304,  -0.462
  0.801734,  -0.82938,  -0.33
  0.78484,  -0.737227,  -0.45
  0.766409,  -0.783304,  -0.366
  0.747978,  -0.783304,  -0.414
  0.731084,  -0.737227,  -0.366
  0.714189,  -0.737227,  -0.498
  0.695758,  -0.737227,  -0.402
  0.677327,  -0.737227,  -0.402
  0.661968,  -0.69115,  -0.402
  0.645074,  -0.69115,  -0.486
  0.626643,  -0.737227,  -0.402
  0.609748,  -0.737227,  -0.39
  0.592853,  -0.737227,  -0.354
  0.577495,  -0.69115,  -0.39
  0.562136,  -0.645074,  -0.474
  0.545241,  -0.69115,  -0.39
  0.529882,  -0.69115,  -0.39
  0.512987,  -0.737227,  -0.306
  0.499164,  -0.645074,  -0.378
  0.483805,  -0.598997,  -0.414
  0.469982,  -0.598997,  -0.414
  0.454623,  -0.598997,  -0.366
  0.4408,  -0.645074,  -0.282
  0.426977,  -0.598997,  -0.282
  0.411618,  -0.598997,  -0.27
  0.399331,  -0.598997,  -0.3
  0.387044,  -0.506844,  -0.384
  0.374757,  -0.506844,  -0.336
  0.36247,  -0.506844,  -0.336
  0.350183,  -0.55292,  -0.288
  0.339432,  -0.506844,  -0.288
  0.327145,  -0.506844,  -0.24
  0.316393,  -0.460767,  -0.192
  0.305642,  -0.460767,  -0.324
  0.294891,  -0.41469,  -0.312
  0.28414,  -0.460767,  -0.228
  0.274924,  -0.41469,  -0.216
  0.265709,  -0.368614,  -0.252
  0.256494,  -0.368614,  -0.252
  0.247278,  -0.41469,  -0.168
  0.239599,  -0.368614,  -0.156
  0.233455,  -0.322537,  -0.192
  0.225776,  -0.27646,  -0.222
  0.219632,  -0.27646,  -0.222
  0.211953,  -0.27646,  -0.174
  0.207345,  -0.27646,  -0.126
  0.201202,  -0.230383,  -0.21
  0.196594,  -0.230383,  -0.162
  0.191986,  -0.230383,  -0.114
  0.187379,  -0.230383,  -0.114
  0.184307,  -0.13823,  -0.186
  0.179699,  -0.184307,  -0.102
  0.176627,  -0.13823,  -0.138
  0.173556,  -0.13823,  -0.09
  0.17202,  -0.0921534,  -0.174
  0.168948,  -0.13823,  -0.126
  0.167412,  -0.0921534,  -0.078
  0.165876,  0,  -0.144
  0.16434,  0,  -0.096
  0.16434,  0,  -0.096
  0.16434,  0,  -0.096
  0.16434,  0,  -0.096
  0.16434,  0,  -0.096
  0.16434,  0,  -0.048
  0.16434,  0,  -0
  0.16434,  0,  0.048
  0.16434,  0,  0.096
  0.16434,  0,  0.192
  0.165876,  0,  0.24
  0.167412,  0,  0.24
  0.170484,  0.0921534,  0.174
  0.17202,  0.0921534,  0.222
  0.176627,  0.13823,  0.186
  0.179699,  0.13823,  0.186
  0.184307,  0.184307,  0.15
  0.188914,  0.13823,  0.186
  0.191986,  0.184307,  0.15
  0.195058,  0.184307,  0.198
  0.19813,  0.184307,  0.198
  0.202737,  0.184307,  0.198
  0.207345,  0.230383,  0.114
  0.211953,  0.184307,  0.198
  0.218096,  0.230383,  0.162
  0.221168,  0.184307,  0.282
  0.227312,  0.230383,  0.246
  0.231919,  0.230383,  0.21
  0.238063,  0.27646,  0.126
  0.242671,  0.230383,  0.246
  0.248814,  0.230383,  0.162
  0.253422,  0.184307,  0.246
  0.259565,  0.230383,  0.162
  0.264173,  0.230383,  0.246
  0.268781,  0.184307,  0.246
  0.274924,  0.230383,  0.21
  0.281068,  0.230383,  0.162
  0.285675,  0.230383,  0.258
  0.291819,  0.230383,  0.21
  0.297963,  0.230383,  0.162
  0.30257,  0.27646,  0.078
  0.307178,  0.184307,  0.198
  0.311786,  0.184307,  0.198
  0.316393,  0.184307,  0.114
  0.322537,  0.230383,  0.114
  0.325609,  0.184307,  0.066
  0.330216,  0.184307,  0.15
  0.334824,  0.184307,  0.102
  0.337896,  0.184307,  0.102
  0.340968,  0.13823,  0.138
  0.344039,  0.13823,  0.138
  0.347111,  0.13823,  0.09
  0.348647,  0.0921534,  0.174
  0.351719,  0.0921534,  0.126
  0.353255,  0.0921534,  0.126
  0.354791,  0,  0.144
  0.356326,  0,  0.144
  0.356326,  0,  0.144
  0.357862,  0,  0.096
  0.357862,  0,  0.096
  0.357862,  0,  0.096
  0.357862,  0,  0.048
  0.357862,  0,  -0
  0.357862,  0,  -0.048
  0.357862,  0,  -0.144
  0.356326,  0,  -0.144
  0.354791,  -0.0921534,  -0.126
  0.354791,  0,  -0.336
  0.350183,  -0.13823,  -0.234
  0.347111,  -0.184307,  -0.246
  0.340968,  -0.230383,  -0.162
  0.33636,  -0.230383,  -0.162
  0.331752,  -0.27646,  -0.126
  0.325609,  -0.230383,  -0.21
  0.319465,  -0.27646,  -0.222
  0.313322,  -0.27646,  -0.27
  0.305642,  -0.322537,  -0.288
  0.296427,  -0.368614,  -0.252
  0.288747,  -0.368614,  -0.252
  0.279532,  -0.368614,  -0.252
  0.271852,  -0.322537,  -0.348
  0.261101,  -0.41469,  -0.312
  0.25035,  -0.460767,  -0.276
  0.239599,  -0.460767,  -0.276
  0.228848,  -0.460767,  -0.324
  0.218096,  -0.460767,  -0.372
  0.205809,  -0.506844,  -0.384
  0.195058,  -0.506844,  -0.384
  0.181235,  -0.55292,  -0.348
  0.168948,  -0.598997,  -0.414
  0.153589,  -0.645074,  -0.378
  0.139766,  -0.645074,  -0.378
  0.124407,  -0.645074,  -0.378
  0.109048,  -0.598997,  -0.462
  0.0936893,  -0.645074,  -0.474
  0.0767945,  -0.69115,  -0.486
  0.0583638,  -0.82938,  -0.402
  0.041469,  -0.783304,  -0.414
  0.0245742,  -0.737227,  -0.414
  0.00460767,  -0.82938,  -0.414
  -0.0122871,  -0.783304,  -0.462
  -0.0307178,  -0.783304,  -0.462
  -0.0506844,  -0.783304,  -0.51
  -0.0706509,  -0.82938,  -0.522
  -0.0906175,  -0.875457,  -0.492
  -0.109048,  -0.875457,  -0.492
  -0.130551,  -0.921534,  -0.504
  -0.152053,  -0.967611,  -0.504
  -0.17202,  -0.875457,  -0.588
  -0.195058,  -0.921534,  -0.552
  -0.21656,  -0.967611,  -0.564
  -0.239599,  -0.967611,  -0.516
  -0.262637,  -0.967611,  -0.516
  -0.28414,  -0.921534,  -0.648
  -0.307178,  -0.967611,  -0.612
  -0.331752,  -1.01369,  -0.528
  -0.353255,  -1.01369,  -0.624
  -0.376293,  -1.01369,  -0.576
  -0.402403,  -1.01369,  -0.576
  -0.425441,  -1.05976,  -0.624
  -0.450016,  -1.01369,  -0.624
  -0.473054,  -1.01369,  -0.576
  -0.497628,  -1.05976,  -0.54
  -0.522203,  -1.01369,  -0.624
  -0.546777,  -1.05976,  -0.624
  -0.571351,  -1.05976,  -0.588
  -0.594389,  -1.05976,  -0.588
  -0.620499,  -1.10584,  -0.552
  -0.645074,  -1.05976,  -0.624
  -0.668112,  -1.01369,  -0.672
  -0.695758,  -1.05976,  -0.54
  -0.720332,  -1.05976,  -0.54
  -0.743371,  -1.05976,  -0.54
  -0.766409,  -0.967611,  -0.576
  -0.790983,  -1.05976,  -0.54
  -0.815557,  -1.05976,  -0.576
  -0.838596,  -1.01369,  -0.576
  -0.86317,  -1.01369,  -0.528
  -0.884672,  -1.01369,  -0.48
  -0.907711,  -0.967611,  -0.516
  -0.927677,  -0.921534,  -0.552
  -0.950716,  -0.921534,  -0.552
  -0.972218,  -0.967611,  -0.468
  -0.995257,  -0.921534,  -0.552
  -1.01676,  -0.875457,  -0.588
  -1.03826,  -0.967611,  -0.54
  -1.05976,  -0.875457,  -0.492
  -1.07973,  -0.875457,  -0.408
  -1.0997,  -0.82938,  -0.474
  -1.11813,  -0.783304,  -0.426
  -1.13656,  -0.783304,  -0.462
  -1.15499,  -0.783304,  -0.378
  -1.17496,  -0.82938,  -0.378
  -1.19185,  -0.737227,  -0.45
  -1.20875,  -0.737227,  -0.366
  -1.22564,  -0.737227,  -0.402
  -1.24253,  -0.737227,  -0.306
  -1.25789,  -0.69115,  -0.294
  -1.27325,  -0.645074,  -0.33
  -1.28708,  -0.598997,  -0.318
  -1.29936,  -0.598997,  -0.366
  -1.31165,  -0.55292,  -0.396
  -1.32547,  -0.55292,  -0.3
  -1.33776,  -0.506844,  -0.336
  -1.35005,  -0.506844,  -0.288
  -1.3608,  -0.506844,  -0.192
  -1.37155,  -0.460767,  -0.228
  -1.3823,  -0.368614,  -0.3
  -1.39152,  -0.41469,  -0.252
  -1.40073,  -0.41469,  -0.168
  -1.40841,  -0.322537,  -0.192
  -1.41455,  -0.27646,  -0.222
  -1.42223,  -0.27646,  -0.21
  -1.42684,  -0.230383,  -0.21
  -1.43299,  -0.230383,  -0.114
  -1.43759,  -0.230383,  -0.102
  -1.44066,  -0.184307,  -0.138
  -1.4422,  -0.0921534,  -0.222
  -1.44527,  -0.0921534,  -0.174
  -1.44834,  -0.0921534,  -0.078
  -1.44988,  0,  -0.096
  -1.44988,  0,  -0.096
  -1.44988,  0,  -0.048
  -1.44988,  0,  -0
  -1.44988,  0,  0.048
  -1.44988,  0,  0.144
  -1.44834,  0,  0.192
  -1.44681,  0.0921534,  0.222
  -1.4422,  0.184307,  0.15
  -1.43913,  0.184307,  0.246
  -1.43299,  0.27646,  0.126
  -1.42838,  0.230383,  0.21
  -1.42223,  0.27646,  0.222
  -1.41609,  0.27646,  0.27
  -1.40995,  0.27646,  0.318
  -1.40073,  0.368614,  0.204
  -1.39305,  0.322537,  0.288
  -1.38537,  0.322537,  0.336
  -1.37462,  0.368614,  0.348
  -1.36541,  0.368614,  0.348
  -1.35465,  0.460767,  0.228
  -1.3439,  0.41469,  0.312
  -1.33469,  0.41469,  0.324
  -1.32087,  0.55292,  0.252
  -1.31011,  0.506844,  0.288
  -1.29936,  0.460767,  0.288
  -1.28708,  0.506844,  0.336
  -1.27632,  0.460767,  0.336
  -1.26404,  0.506844,  0.432
  -1.25021,  0.55292,  0.432
  -1.23639,  0.598997,  0.366
  -1.22257,  0.598997,  0.366
  -1.20875,  0.598997,  0.366
  -1.19492,  0.598997,  0.318
  -1.17956,  0.598997,  0.414
  -1.16728,  0.598997,  0.366
  -1.15192,  0.598997,  0.414
  -1.13656,  0.645074,  0.33
  -1.12274,  0.598997,  0.414
  -1.10738,  0.598997,  0.366
  -1.09355,  0.645074,  0.378
  -1.07819,  0.69115,  0.378
  -1.06284,  0.598997,  0.414
  -1.04901,  0.645074,  0.378
  -1.03519,  0.598997,  0.414
  -1.01983,  0.645074,  0.33
  -1.00601,  0.645074,  0.414
  -0.992185,  0.598997,  0.33
  -0.97529,  0.645074,  0.246
  -0.961467,  0.598997,  0.366
  -0.947644,  0.55292,  0.396
  -0.933821,  0.598997,  0.318
  -0.921534,  0.55292,  0.348
  -0.907711,  0.598997,  0.318
  -0.893888,  0.598997,  0.384
  -0.883137,  0.55292,  0.3
  -0.870849,  0.55292,  0.252
  -0.860098,  0.460767,  0.372
  -0.847811,  0.506844,  0.288
  -0.83706,  0.506844,  0.288
  -0.824773,  0.506844,  0.24
  -0.814022,  0.506844,  0.192
  -0.804806,  0.41469,  0.264
  -0.795591,  0.41469,  0.264
  -0.786376,  0.41469,  0.168
  -0.77716,  0.368614,  0.204
  -0.767945,  0.322537,  0.192
  -0.763337,  0.27646,  0.27
  -0.754122,  0.322537,  0.192
  -0.746442,  0.322537,  0.096
  -0.741835,  0.27646,  0.174
  -0.737227,  0.184307,  0.246
  -0.731084,  0.184307,  0.198
  -0.726476,  0.184307,  0.066
  -0.721868,  0.184307,  0.102
  -0.718796,  0.13823,  0.054
  -0.717261,  0.0921534,  0.126
  -0.714189,  0.0921534,  0.078
  -0.714189,  0,  0.192
  -0.712653,  0,  0.144
  -0.711117,  0,  0.048
  -0.711117,  0,  -0
  -0.711117,  0,  -0.048
  -0.711117,  0,  -0.144
  -0.712653,  0,  -0.192
  -0.712653,  0,  -0.288
  -0.715725,  -0.0921534,  -0.27
  -0.721868,  -0.230383,  -0.114
  -0.72494,  -0.184307,  -0.246
  -0.731084,  -0.230383,  -0.21
  -0.735691,  -0.230383,  -0.258
  -0.741835,  -0.230383,  -0.306
  -0.749514,  -0.27646,  -0.27
  -0.755658,  -0.322537,  -0.24
  -0.763337,  -0.27646,  -0.288
  -0.772553,  -0.368614,  -0.252
  -0.781768,  -0.41469,  -0.264
  -0.792519,  -0.460767,  -0.276
  -0.801734,  -0.41469,  -0.276
  -0.812486,  -0.41469,  -0.324
  -0.824773,  -0.460767,  -0.324
  -0.835524,  -0.460767,  -0.372
  -0.847811,  -0.460767,  -0.42
  -0.860098,  -0.506844,  -0.432
  -0.873921,  -0.598997,  -0.318
  -0.886208,  -0.598997,  -0.396
  -0.900031,  -0.598997,  -0.366
  -0.913854,  -0.598997,  -0.444
  -0.927677,  -0.598997,  -0.462
  -0.943036,  -0.598997,  -0.462
  -0.959931,  -0.69115,  -0.342
  -0.97529,  -0.69115,  -0.342
  -0.992185,  -0.598997,  -0.51
  -1.00754,  -0.69115,  -0.438
  -1.02444,  -0.69115,  -0.39
  -1.0398,  -0.69115,  -0.438
  -1.05669,  -0.69115,  -0.438
  -1.07359,  -0.737227,  -0.402
  -1.09048,  -0.69115,  -0.486
  -1.10738,  -0.737227,  -0.45
  -1.12581,  -0.737227,  -0.402
  -1.14117,  -0.783304,  -0.366
  -1.1596,  -0.783304,  -0.402
  -1.17496,  -0.737227,  -0.402
  -1.19185,  -0.69115,  -0.402
  -1.21028,  -0.737227,  -0.402
  -1.22564,  -0.737227,  -0.366
  -1.24253,  -0.737227,  -0.318
  -1.25943,  -0.737227,  -0.354
  -1.27632,  -0.69115,  -0.306
  -1.29168,  -0.645074,  -0.474
  -1.30858,  -0.69115,  -0.39
  -1.3224,  -0.69115,  -0.438
  -1.3393,  -0.69115,  -0.342
  -1.35465,  -0.69115,  -0.342
  -1.37001,  -0.69115,  -0.342
  -1.38537,  -0.598997,  -0.414
  -1.3992,  -0.598997,  -0.366
  -1.41455,  -0.598997,  -0.318
  -1.42684,  -0.55292,  -0.348
  -1.44066,  -0.598997,  -0.27
  -1.45295,  -0.55292,  -0.252
  -1.4637,  -0.506844,  -0.24
  -1.47445,  -0.460767,  -0.276
  -1.48367,  -0.460767,  -0.228
  -1.49442,  -0.460767,  -0.264
  -1.50364,  -0.41469,  -0.216
  -1.51285,  -0.41469,  -0.168
  -1.52053,  -0.322537,  -0.24
  -1.52821,  -0.322537,  -0.192
  -1.53589,  -0.322537,  -0.096
  -1.5405,  -0.27646,  -0.162
  -1.54511,  -0.230383,  -0.198
  -1.55125,  -0.230383,  -0.066
  -1.55278,  -0.13823,  -0.054
  -1.55586,  -0.13823,  -0.09
  -1.55739,  0,  -0.144
  -1.55893,  0,  -0.096
  -1.55739,  0,  -0.096
  -1.55893,  0,  0.048
  -1.55893,  0,  0.144
  -1.55893,  0,  0.288
  -1.55586,  0.0921534,  0.27
  -1.55278,  0.13823,  0.33
  -1.54818,  0.184307,  0.342
  -1.5405,  0.27646,  0.318
  -1.53282,  0.322537,  0.288
  -1.52514,  0.368614,  0.3
  -1.51439,  0.41469,  0.312
  -1.50364,  0.460767,  0.324
  -1.49288,  0.506844,  0.324
  -1.48213,  0.460767,  0.42
  -1.46985,  0.460767,  0.516
  -1.45449,  0.598997,  0.414
  -1.44066,  0.645074,  0.474
  -1.42377,  0.69115,  0.438
  -1.40688,  0.69115,  0.534
  -1.38844,  0.783304,  0.546
  -1.36848,  0.783304,  0.606
  -1.34851,  0.82938,  0.54
  -1.32701,  0.921534,  0.6
  -1.30551,  0.921534,  0.552
  -1.28247,  0.967611,  0.612
  -1.25943,  0.967611,  0.66
  -1.23486,  1.01369,  0.636
  -1.20875,  1.10584,  0.696
  -1.17956,  1.15192,  0.714
  -1.15345,  1.19799,  0.726
  -1.12427,  1.24407,  0.69
  -1.09663,  1.19799,  0.822
  -1.06437,  1.33622,  0.714
  -1.03519,  1.29015,  0.846
  -1.00294,  1.33622,  0.81
  -0.969146,  1.42838,  0.738
  -0.935357,  1.42838,  0.834
  -0.903103,  1.42838,  0.882
  -0.867778,  1.52053,  0.816
  -0.833988,  1.52053,  0.864
  -0.797127,  1.56661,  0.828
  -0.761801,  1.52053,  0.96
  -0.72494,  1.56661,  0.888
  -0.683471,  1.61268,  0.936
  -0.64661,  1.65876,  0.948
  -0.606676,  1.70484,  0.96
  -0.568279,  1.65876,  0.996
  -0.528346,  1.70484,  0.96
  -0.485341,  1.75091,  0.978
  -0.445408,  1.75091,  1.056
  -0.403939,  1.79699,  0.99
  -0.354791,  1.65876,  0.852
  -0.325609,  1.70484,  1.248
  -0.279532,  1.88914,  0.966
  -0.238063,  1.84307,  1.05
  -0.193522,  1.88914,  0.966
  -0.152053,  1.79699,  1.086
  -0.107512,  1.88914,  0.918
  -0.0706509,  1.75091,  1.122
  -0.0261101,  1.79699,  1.086
  0.0153589,  1.88914,  0.966
  0.0614356,  1.84307,  1.002
  0.101369,  1.84307,  1.05
  0.14591,  1.88914,  0.954
  0.19045,  1.84307,  0.954
  0.230383,  1.88914,  0.954
  0.273388,  1.79699,  0.99
  0.314857,  1.79699,  0.906
  0.356326,  1.79699,  0.858
  0.397795,  1.75091,  0.894
  0.437729,  1.75091,  0.882
  0.482269,  1.65876,  0.9
  0.520667,  1.75091,  0.864
  0.5606,  1.70484,  0.816
  0.597461,  1.65876,  0.816
  0.637394,  1.65876,  0.852
  0.675791,  1.65876,  0.84
  0.714189,  1.70484,  0.696
  0.749514,  1.52053,  0.816
  0.78484,  1.52053,  0.816
  0.820165,  1.52053,  0.72
  0.853955,  1.47445,  0.708
  0.887744,  1.47445,  0.756
  0.921534,  1.42838,  0.69
  0.953788,  1.3823,  0.678
  0.982969,  1.33622,  0.666
  1.01369,  1.29015,  0.654
  1.04287,  1.29015,  0.606
  1.07052,  1.24407,  0.546
  1.09816,  1.15192,  0.618
  1.12274,  1.10584,  0.6
  1.15038,  1.15192,  0.474
  1.17649,  1.10584,  0.408
  1.19953,  1.01369,  0.48
  1.22103,  0.921534,  0.504
  1.24253,  0.921534,  0.36
  1.2625,  0.82938,  0.426
  1.2794,  0.82938,  0.414
  1.29783,  0.783304,  0.354
  1.31319,  0.737227,  0.342
  1.32854,  0.69115,  0.246
  1.3439,  0.645074,  0.222
  1.35619,  0.55292,  0.252
  1.36848,  0.55292,  0.156
  1.37769,  0.460767,  0.228
  1.38691,  0.41469,  0.168
  1.39459,  0.368614,  0.156
  1.40227,  0.322537,  0.048
  1.40688,  0.230383,  0.066
  1.40841,  0.13823,  0.138
  1.41148,  0.0921534,  0.126
  1.41302,  0,  0.096
  1.41455,  0,  -0
  1.41302,  0,  -0.048
  1.41455,  0,  -0.288
  1.41148,  0,  -0.336
  1.40688,  -0.184307,  -0.294
  1.40073,  -0.27646,  -0.27
  1.39305,  -0.322537,  -0.384
  1.3823,  -0.460767,  -0.276
  1.37309,  -0.460767,  -0.372
  1.3608,  -0.506844,  -0.336
  1.34851,  -0.55292,  -0.396
  1.33469,  -0.598997,  -0.444
  1.31933,  -0.645074,  -0.426
  1.30551,  -0.645074,  -0.522
  1.28861,  -0.69115,  -0.534
  1.27172,  -0.737227,  -0.546
  1.25175,  -0.82938,  -0.522
  1.23178,  -0.875457,  -0.54
  1.21182,  -0.875457,  -0.636
  1.18878,  -0.967611,  -0.648
  1.1642,  -1.01369,  -0.624
  1.13963,  -1.05976,  -0.636
  1.11506,  -1.10584,  -0.648
  1.08895,  -1.10584,  -0.744
  1.05976,  -1.19799,  -0.63
  1.03365,  -1.15192,  -0.762
  1.00447,  -1.19799,  -0.774
  0.978362,  -1.24407,  -0.75
  0.947644,  -1.33622,  -0.714
  0.916926,  -1.33622,  -0.798
  0.884672,  -1.33622,  -0.81
  0.852419,  -1.3823,  -0.858
  0.821701,  -1.33622,  -0.906
  0.780232,  -1.42838,  -0.594
  0.754122,  -1.47445,  -0.882
  0.718796,  -1.42838,  -0.804
  0.683471,  -1.52053,  -0.816
  0.648145,  -1.52053,  -0.864
  0.611284,  -1.52053,  -0.9
  0.574423,  -1.56661,  -0.828
  0.540633,  -1.56661,  -0.912
  0.502236,  -1.56661,  -0.876
  0.465375,  -1.56661,  -0.828
  0.428513,  -1.56661,  -0.876
  0.390116,  -1.61268,  -0.84
  0.353255,  -1.56661,  -0.924
  0.314857,  -1.65876,  -0.804
  0.277996,  -1.61268,  -0.888
  0.239599,  -1.61268,  -0.84
  0.201202,  -1.61268,  -0.792
  0.167412,  -1.56661,  -0.876
  0.129015,  -1.61268,  -0.792
  0.0936893,  -1.61268,  -0.792
  0.0568279,  -1.52053,  -0.864
  0.0199666,  -1.56661,  -0.828
  -0.0153589,  -1.52053,  -0.864
  -0.0506844,  -1.56661,  -0.78
  -0.0860098,  -1.52053,  -0.768
  -0.118264,  -1.47445,  -0.756
  -0.153589,  -1.52053,  -0.756
  -0.188914,  -1.42838,  -0.786
  -0.221168,  -1.42838,  -0.624
  -0.254958,  -1.42838,  -0.69
  -0.285675,  -1.29015,  -0.798
  -0.317929,  -1.33622,  -0.666
  -0.348647,  -1.33622,  -0.666
  -0.379365,  -1.29015,  -0.57
  -0.408547,  -1.29015,  -0.654
  -0.437729,  -1.24407,  -0.546
  -0.465375,  -1.19799,  -0.63
  -0.493021,  -1.19799,  -0.57
  -0.519131,  -1.15192,  -0.522
  -0.543705,  -1.10584,  -0.504
  -0.568279,  -1.05976,  -0.492
  -0.591318,  -1.01369,  -0.48
  -0.61282,  -0.967611,  -0.468
  -0.635858,  -0.967611,  -0.372
  -0.654289,  -0.82938,  -0.474
  -0.674256,  -0.82938,  -0.426
  -0.694222,  -0.82938,  -0.282
  -0.711117,  -0.783304,  -0.27
  -0.726476,  -0.69115,  -0.294
  -0.741835,  -0.645074,  -0.33
  -0.755658,  -0.598997,  -0.27
  -0.767945,  -0.55292,  -0.252
  -0.780232,  -0.506844,  -0.192
  -0.789447,  -0.460767,  -0.132
  -0.798663,  -0.41469,  -0.204
  -0.806342,  -0.322537,  -0.144
  -0.812486,  -0.27646,  -0.126
  -0.817093,  -0.230383,  -0.114
  -0.821701,  -0.184307,  -0.054
  -0.823237,  -0.0921534,  -0.126
  -0.826309,  -0.0921534,  0.018
  -0.826309,  0,  -0
  -0.824773,  0,  0.048
  -0.826309,  0,  0.24
  -0.824773,  0,  0.336
  -0.820165,  0.13823,  0.33
  -0.814022,  0.230383,  0.306
  -0.807878,  0.27646,  0.366
  -0.798663,  0.322537,  0.384
  -0.789447,  0.41469,  0.312
  -0.77716,  0.506844,  0.336
  -0.764873,  0.506844,  0.384
  -0.754122,  0.506844,  0.528
  -0.738763,  0.598997,  0.462
  -0.723404,  0.645074,  0.438
  -0.706509,  0.737227,  0.534
  -0.686543,  0.783304,  0.546
  -0.668112,  0.783304,  0.594
  -0.648145,  0.82938,  0.618
  -0.626643,  0.921534,  0.468
  -0.603605,  0.921534,  0.6
  -0.582102,  0.967611,  0.66
  -0.559064,  0.967611,  0.756
  -0.532954,  1.10584,  0.684
  -0.505308,  1.15192,  0.618
  -0.480733,  1.15192,  0.762
  -0.453087,  1.15192,  0.81
  -0.42237,  1.24407,  0.69
  -0.393188,  1.29015,  0.75
  -0.364006,  1.29015,  0.798
  -0.333288,  1.33622,  0.762
  -0.299498,  1.3823,  0.774
  -0.267245,  1.3823,  0.822
  -0.233455,  1.42838,  0.786
  -0.201202,  1.47445,  0.852
  -0.165876,  1.42838,  0.882
  -0.129015,  1.52053,  0.768
  -0.0982969,  1.52053,  0.864
  -0.0614356,  1.52053,  0.912
  -0.0261101,  1.61268,  0.84
  0.0168948,  1.61268,  0.648
  0.0491485,  1.61268,  0.84
  0.0875457,  1.65876,  0.84
  0.125943,  1.61268,  0.888
  0.16434,  1.65876,  0.768
  0.199666,  1.61268,  0.936
  0.239599,  1.65876,  0.888
  0.277996,  1.65876,  0.948
  0.316393,  1.65876,  0.936
  0.357862,  1.75091,  0.738
  0.39626,  1.65876,  0.9
  0.434657,  1.65876,  0.852
  0.473054,  1.65876,  0.9
  0.512987,  1.65876,  0.888
  0.549849,  1.65876,  0.9
  0.588246,  1.61268,  0.936
  0.629715,  1.65876,  0.756
  0.66504,  1.61268,  0.888
  0.701902,  1.70484,  0.72
  0.740299,  1.61268,  0.84
  0.775624,  1.56661,  0.828
  0.814022,  1.56661,  0.78
  0.847811,  1.56661,  0.78
  0.883137,  1.56661,  0.732
  0.918462,  1.42838,  0.882
  0.952252,  1.47445,  0.804
  0.987577,  1.52053,  0.672
  1.01983,  1.47445,  0.738
  1.05208,  1.42838,  0.69
  1.08587,  1.42838,  0.594
  1.11352,  1.33622,  0.714
  1.14424,  1.33622,  0.666
  1.17496,  1.33622,  0.57
  1.20567,  1.24407,  0.642
  1.23332,  1.19799,  0.666
  1.26097,  1.19799,  0.582
  1.28554,  1.15192,  0.522
  1.30858,  1.05976,  0.636
  1.33469,  1.05976,  0.54
  1.35926,  1.05976,  0.444
  1.38076,  0.967611,  0.516
  1.4038,  0.921534,  0.408
  1.42377,  0.921534,  0.36
  1.44066,  0.875457,  0.3
  1.46063,  0.783304,  0.366
  1.47599,  0.737227,  0.306
  1.49442,  0.69115,  0.246
  1.50824,  0.645074,  0.234
  1.52053,  0.598997,  0.27
  1.53282,  0.506844,  0.24
  1.54511,  0.460767,  0.216
  1.55278,  0.368614,  0.252
  1.56046,  0.41469,  0.12
  1.56814,  0.322537,  0.06
  1.57429,  0.27646,  0.078
  1.57889,  0.184307,  0.114
  1.5835,  0.184307,  0.006
  1.58504,  0.0921534,  0.078
  1.58504,  0,  0.096
  1.58657,  0,  -0.048
  1.58657,  0,  -0.144
  1.58504,  0,  -0.24
  1.5835,  0,  -0.318
  1.57889,  -0.184307,  -0.342
  1.57275,  -0.230383,  -0.318
  1.56354,  -0.368614,  -0.3
  1.55432,  -0.368614,  -0.396
  1.54357,  -0.41469,  -0.408
  1.53128,  -0.506844,  -0.384
  1.51746,  -0.55292,  -0.348
  1.50364,  -0.598997,  -0.414
  1.48981,  -0.645074,  -0.51
  1.47292,  -0.69115,  -0.486
  1.45602,  -0.737227,  -0.498
  1.43606,  -0.82938,  -0.474
  1.41763,  -0.82938,  -0.492
  1.39612,  -0.875457,  -0.588
  1.37462,  -0.921534,  -0.6
  1.35158,  -1.01369,  -0.54
  1.32701,  -1.01369,  -0.672
  1.29936,  -1.10584,  -0.6
  1.27479,  -1.15192,  -0.648
  1.24868,  -1.15192,  -0.744
  1.22103,  -1.24407,  -0.738
  1.19185,  -1.19799,  -0.738
  1.1596,  -1.29015,  -0.666
  1.12734,  -1.33622,  -0.75
  1.09816,  -1.29015,  -0.846
  1.06437,  -1.42838,  -0.786
  1.03212,  -1.3823,  -0.918
  0.998328,  -1.42838,  -0.93
  0.963003,  -1.52053,  -0.864
  0.927677,  -1.52053,  -0.828
  0.890816,  -1.56661,  -0.876
  0.852419,  -1.56661,  -0.876
  0.817093,  -1.56661,  -1.02
  0.778696,  -1.65876,  -0.9
  0.738763,  -1.70484,  -0.912
  0.700366,  -1.70484,  -0.96
  0.660433,  -1.75091,  -0.882
  0.611284,  -1.65876,  -0.804
  0.582102,  -1.70484,  -1.14
  0.539097,  -1.79699,  -1.086
  0.497628,  -1.79699,  -0.954
  0.453087,  -1.88914,  -0.954
  0.411618,  -1.79699,  -0.954
  0.368614,  -1.84307,  -1.002
  0.324073,  -1.84307,  -1.002
  0.281068,  -1.84307,  -0.918
  0.236527,  -1.88914,  -0.966
  0.195058,  -1.84307,  -1.038
  0.152053,  -1.84307,  -1.05
  0.107512,  -1.93522,  -0.882
  0.0660433,  -1.84307,  -1.05
  0.0215025,  -1.88914,  -1.014
  -0.0199666,  -1.79699,  -1.134
  -0.0675791,  -1.88914,  -0.918
  -0.104441,  -1.84307,  -1.002
  -0.148981,  -1.79699,  -1.086
  -0.191986,  -1.84307,  -1.002
  -0.234991,  -1.84307,  -1.002
  -0.277996,  -1.84307,  -0.954
  -0.317929,  -1.79699,  -1.026
  -0.359398,  -1.79699,  -0.99
  -0.400867,  -1.79699,  -0.894
  -0.445408,  -1.79699,  -0.846
  -0.482269,  -1.70484,  -0.96
  -0.523738,  -1.75091,  -0.882
  -0.562136,  -1.65876,  -0.948
  -0.603605,  -1.75091,  -0.9
  -0.642002,  -1.65876,  -0.852
  -0.677327,  -1.56661,  -0.924
  -0.717261,  -1.61268,  -0.888
  -0.754122,  -1.56661,  -0.828
  -0.790983,  -1.56661,  -0.828
  -0.826309,  -1.56661,  -0.768
  -0.860098,  -1.47445,  -0.72
  -0.895424,  -1.56661,  -0.636
  -0.927677,  -1.47445,  -0.774
  -0.959931,  -1.42838,  -0.69
  -0.993721,  -1.42838,  -0.714
  -1.0229,  -1.29015,  -0.75
  -1.05516,  -1.33622,  -0.522
  -1.08434,  -1.24407,  -0.594
  -1.11198,  -1.19799,  -0.63
  -1.13656,  -1.19799,  -0.63
  -1.1642,  -1.15192,  -0.618
  -1.19031,  -1.10584,  -0.504
  -1.21489,  -1.05976,  -0.54
  -1.23793,  -1.01369,  -0.432
  -1.26097,  -0.921534,  -0.504
  -1.28093,  -0.875457,  -0.54
  -1.3009,  -0.921534,  -0.492
  -1.32087,  -0.82938,  -0.426
  -1.3393,  -0.82938,  -0.33
  -1.35773,  -0.783304,  -0.366
  -1.37462,  -0.737227,  -0.306
  -1.39152,  -0.69115,  -0.33
  -1.40534,  -0.598997,  -0.318
  -1.41916,  -0.598997,  -0.252
  -1.43145,  -0.55292,  -0.204
  -1.4422,  -0.460767,  -0.192
  -1.45142,  -0.41469,  -0.216
  -1.46063,  -0.368614,  -0.156
  -1.46677,  -0.322537,  -0.192
  -1.47445,  -0.27646,  -0.126
  -1.47906,  -0.230383,  -0.114
  -1.48367,  -0.230383,  -0.066
  -1.48521,  -0.13823,  -0.138
  -1.48828,  -0.0921534,  -0.078
  -1.48981,  -0.0921534,  -0.03
  -1.48981,  0,  -0
  -1.48981,  0,  0.048
  -1.48981,  0,  0.192
  -1.48828,  0,  0.288
  -1.48521,  0.0921534,  0.27
  -1.48213,  0.13823,  0.33
  -1.47753,  0.184307,  0.354
  -1.46831,  0.322537,  0.336
  -1.4591,  0.41469,  0.264
  -1.44988,  0.41469,  0.264
  -1.44066,  0.41469,  0.36
  -1.42838,  0.460767,  0.42
  -1.41609,  0.506844,  0.432
  -1.40227,  0.55292,  0.396
  -1.38844,  0.598997,  0.462
  -1.37155,  0.645074,  0.474
  -1.35465,  0.737227,  0.402
  -1.3393,  0.737227,  0.45
  -1.32087,  0.737227,  0.546
  -1.30243,  0.82938,  0.474
  -1.28247,  0.82938,  0.51
  -1.26404,  0.82938,  0.618
  -1.24253,  0.875457,  0.588
  -1.22103,  0.921534,  0.648
  -1.19799,  0.967611,  0.612
  -1.17496,  1.01369,  0.672
  -1.14885,  1.05976,  0.588
  -1.12581,  1.05976,  0.636
  -1.0997,  1.05976,  0.732
  -1.07052,  1.10584,  0.648
  -1.04594,  1.15192,  0.714
  -1.01829,  1.19799,  0.726
  -0.990649,  1.24407,  0.69
  -0.959931,  1.29015,  0.654
  -0.930749,  1.24407,  0.738
  -0.900031,  1.24407,  0.786
  -0.870849,  1.33622,  0.678
  -0.840132,  1.3823,  0.762
  -0.809414,  1.33622,  0.81
  -0.775624,  1.42838,  0.69
  -0.744907,  1.33622,  0.858
  -0.711117,  1.3823,  0.738
  -0.677327,  1.42838,  0.834
  -0.645074,  1.3823,  0.918
  -0.608212,  1.52053,  0.768
  -0.574423,  1.52053,  0.852
  -0.540633,  1.47445,  0.9
  -0.505308,  1.52053,  0.864
  -0.469982,  1.52053,  0.864
  -0.434657,  1.52053,  0.864
  -0.399331,  1.56661,  0.828
  -0.364006,  1.52053,  0.864
  -0.330216,  1.56661,  0.876
  -0.291819,  1.61268,  0.792
  -0.254958,  1.56661,  0.828
  -0.219632,  1.52053,  0.912
  -0.184307,  1.56661,  0.876
  -0.147445,  1.56661,  0.876
  -0.110584,  1.56661,  0.828
  -0.0767945,  1.52053,  0.864
  -0.041469,  1.56661,  0.828
  -0.00460767,  1.56661,  0.828
  0.0337896,  1.61268,  0.696
  0.0706509,  1.52053,  0.816
  0.104441,  1.52053,  0.816
  0.141302,  1.52053,  0.816
  0.176627,  1.56661,  0.732
  0.210417,  1.52053,  0.816
  0.245742,  1.52053,  0.72
  0.281068,  1.52053,  0.816
  0.316393,  1.52053,  0.72
  0.351719,  1.52053,  0.672
  0.385508,  1.42838,  0.786
  0.419298,  1.42838,  0.738
  0.453087,  1.47445,  0.756
  0.486877,  1.47445,  0.708
  0.520667,  1.47445,  0.66
  0.55292,  1.42838,  0.69
  0.583638,  1.33622,  0.714
  0.618964,  1.3823,  0.582
  0.643538,  1.29015,  0.798
  0.677327,  1.33622,  0.714
  0.708045,  1.33622,  0.666
  0.738763,  1.29015,  0.702
  0.766409,  1.24407,  0.69
  0.797127,  1.29015,  0.69
  0.824773,  1.24407,  0.642
  0.852419,  1.19799,  0.678
  0.883137,  1.19799,  0.582
  0.907711,  1.15192,  0.618
  0.935357,  1.15192,  0.648
  0.961467,  1.15192,  0.6
  0.986041,  1.15192,  0.474
  1.01062,  1.05976,  0.588
  1.03365,  1.05976,  0.54
  1.05823,  1.05976,  0.54
  1.08127,  0.967611,  0.516
  1.1043,  0.967611,  0.516
  1.12581,  0.921534,  0.468
  1.14885,  0.967611,  0.372
  1.17035,  0.967611,  0.372
  1.19031,  0.82938,  0.474
  1.21028,  0.82938,  0.426
  1.22871,  0.783304,  0.462
  1.24714,  0.783304,  0.414
  1.26404,  0.783304,  0.318
  1.2794,  0.69115,  0.438
  1.29476,  0.69115,  0.342
  1.31011,  0.645074,  0.378
  1.32547,  0.69115,  0.294
  1.34083,  0.69115,  0.198
  1.35465,  0.55292,  0.348
  1.36848,  0.598997,  0.27
  1.38076,  0.55292,  0.252
  1.39152,  0.506844,  0.288
  1.40227,  0.460767,  0.276
  1.41302,  0.41469,  0.264
  1.42377,  0.460767,  0.132
  1.43145,  0.368614,  0.252
  1.43913,  0.368614,  0.156
  1.44681,  0.322537,  0.192
  1.45449,  0.322537,  0.174
  1.46063,  0.27646,  0.126
  1.46524,  0.230383,  0.162
  1.46985,  0.184307,  0.198
  1.47445,  0.184307,  0.15
  1.47906,  0.184307,  0.054
  1.4806,  0.0921534,  0.126
  1.48213,  0,  0.192
  1.48367,  0,  0.144
  1.48521,  0,  0.096
  1.48521,  0,  0.096
  1.48521,  0,  0.048
  1.48521,  0,  -0
  1.48521,  0,  -0.096
  1.48521,  0,  -0.192
  1.48367,  0,  -0.24
  1.48213,  0,  -0.336
  1.47906,  -0.0921534,  -0.318
  1.47445,  -0.13823,  -0.282
  1.46831,  -0.230383,  -0.21
  1.46217,  -0.27646,  -0.258
  1.45602,  -0.27646,  -0.306
  1.44988,  -0.322537,  -0.144
  1.4422,  -0.27646,  -0.27
  1.43452,  -0.322537,  -0.24
  1.42684,  -0.322537,  -0.204
  1.41763,  -0.368614,  -0.252
  1.40841,  -0.41469,  -0.216
  1.40073,  -0.368614,  -0.264
  1.38998,  -0.41469,  -0.36
  1.37923,  -0.460767,  -0.276
  1.36848,  -0.460767,  -0.372
  1.35619,  -0.506844,  -0.336
  1.3439,  -0.506844,  -0.288
  1.33162,  -0.506844,  -0.336
  1.31933,  -0.55292,  -0.3
  1.30704,  -0.55292,  -0.348
  1.29476,  -0.506844,  -0.432
  1.28093,  -0.55292,  -0.396
  1.26711,  -0.598997,  -0.366
  1.25329,  -0.598997,  -0.366
  1.23946,  -0.598997,  -0.414
  1.22564,  -0.598997,  -0.378
  1.21028,  -0.598997,  -0.414
  1.19492,  -0.645074,  -0.426
  1.17956,  -0.645074,  -0.39
  1.16113,  -0.69115,  -0.39
  1.14424,  -0.737227,  -0.39
  1.12888,  -0.69115,  -0.474
  1.11352,  -0.69115,  -0.402
  1.09509,  -0.783304,  -0.366
  1.07819,  -0.737227,  -0.402
  1.0613,  -0.783304,  -0.414
  1.04441,  -0.737227,  -0.486
  1.02751,  -0.737227,  -0.402
  1.01062,  -0.69115,  -0.534
  0.992185,  -0.783304,  -0.498
  0.97529,  -0.783304,  -0.414
  0.956859,  -0.737227,  -0.45
  0.9415,  -0.69115,  -0.534
  0.92307,  -0.737227,  -0.498
  0.904639,  -0.737227,  -0.498
  0.886208,  -0.783304,  -0.462
  0.867778,  -0.783304,  -0.414
  0.850883,  -0.69115,  -0.534
  0.832452,  -0.737227,  -0.498
  0.814022,  -0.783304,  -0.414
  0.797127,  -0.82938,  -0.378
  0.778696,  -0.783304,  -0.378
  0.761801,  -0.737227,  -0.45
  0.743371,  -0.737227,  -0.402
  0.72494,  -0.783304,  -0.414
  0.708045,  -0.737227,  -0.45
  0.689614,  -0.783304,  -0.282
  0.674256,  -0.69115,  -0.486
  0.657361,  -0.737227,  -0.402
  0.640466,  -0.737227,  -0.486
  0.623571,  -0.737227,  -0.402
  0.605141,  -0.783304,  -0.366
  0.588246,  -0.737227,  -0.354
  0.572887,  -0.69115,  -0.438
  0.557528,  -0.645074,  -0.39
  0.542169,  -0.645074,  -0.474
  0.525274,  -0.69115,  -0.39
  0.509915,  -0.69115,  -0.39
  0.494556,  -0.645074,  -0.378
  0.479198,  -0.645074,  -0.378
  0.465375,  -0.598997,  -0.414
  0.450016,  -0.645074,  -0.33
  0.436193,  -0.598997,  -0.366
  0.420834,  -0.645074,  -0.234
  0.408547,  -0.598997,  -0.348
  0.394724,  -0.598997,  -0.27
  0.382437,  -0.55292,  -0.3
  0.370149,  -0.506844,  -0.336
  0.357862,  -0.506844,  -0.288
  0.347111,  -0.506844,  -0.336
  0.334824,  -0.506844,  -0.324
  0.324073,  -0.460767,  -0.24
  0.311786,  -0.460767,  -0.276
  0.301034,  -0.460767,  -0.276
  0.290283,  -0.460767,  -0.228
  0.281068,  -0.41469,  -0.18
  0.271852,  -0.368614,  -0.252
  0.262637,  -0.368614,  -0.252
  0.253422,  -0.368614,  -0.204
  0.245742,  -0.368614,  -0.12
  0.238063,  -0.322537,  -0.24
  0.228848,  -0.27646,  -0.174
  0.22424,  -0.230383,  -0.258
  0.218096,  -0.27646,  -0.222
  0.210417,  -0.27646,  -0.174
  0.204273,  -0.27646,  -0.126
  0.199666,  -0.230383,  -0.162
  0.196594,  -0.184307,  -0.198
  0.19045,  -0.27646,  -0.078
  0.187379,  -0.184307,  -0.15
  0.184307,  -0.13823,  -0.234
  0.179699,  -0.13823,  -0.186
  0.175091,  -0.13823,  -0.09
  0.173556,  -0.0921534,  -0.174
  0.170484,  -0.0921534,  -0.126
  0.168948,  -0.13823,  -0.042
  0.167412,  0,  -0.192
  0.165876,  0,  -0.144
  0.16434,  -0.0921534,  -0.096
  0.16434,  0,  -0.096
  0.16434,  0,  -0.096
  0.16434,  0,  -0.096
  0.16434,  0,  -0.048
  0.16434,  0,  -0.048
  0.16434,  0,  -0
  0.16434,  0,  0.096
  0.16434,  0,  0.144
  0.16434,  0,  0.192
  0.165876,  0,  0.24
  0.167412,  0,  0.288
  0.170484,  0.0921534,  0.222
  0.175091,  0.184307,  0.102
  0.178163,  0.0921534,  0.222
  0.181235,  0.13823,  0.186
  0.184307,  0.13823,  0.186
  0.188914,  0.13823,  0.186
  0.191986,  0.13823,  0.234
  0.196594,  0.184307,  0.198
  0.199666,  0.184307,  0.198
  0.204273,  0.184307,  0.198
  0.208881,  0.184307,  0.198
  0.213489,  0.184307,  0.162
  0.218096,  0.230383,  0.21
  0.22424,  0.230383,  0.162
  0.228848,  0.230383,  0.21
  0.234991,  0.230383,  0.162
  0.239599,  0.230383,  0.21
  0.245742,  0.230383,  0.162
  0.25035,  0.230383,  0.21
  0.254958,  0.184307,  0.246
  0.261101,  0.230383,  0.21
  0.265709,  0.184307,  0.246
  0.273388,  0.27646,  0.078
  0.27646,  0.184307,  0.246
  0.282604,  0.27646,  0.174
  0.288747,  0.27646,  0.174
  0.294891,  0.27646,  0.126
  0.299498,  0.230383,  0.162
  0.304106,  0.184307,  0.198
  0.308714,  0.184307,  0.198
  0.313322,  0.184307,  0.198
  0.319465,  0.230383,  0.114
  0.322537,  0.184307,  0.066
  0.327145,  0.184307,  0.15
  0.330216,  0.13823,  0.186
  0.334824,  0.184307,  0.102
  0.337896,  0.13823,  0.138
  0.340968,  0.13823,  0.222
  0.344039,  0.13823,  0.138
  0.347111,  0.13823,  0.138
  0.350183,  0.13823,  0.09
  0.351719,  0.0921534,  0.126
  0.353255,  0.0921534,  0.126
  0.354791,  0,  0.078
  0.356326,  0,  0.03
  0.357862,  0,  0.096
  0.357862,  0,  0.096
  0.357862,  0,  0.096
  0.357862,  0,  0.096
  0.357862,  0,  0.048
  0.357862,  0,  -0
  0.357862,  0,  -0.096
  0.357862,  0,  -0.144
  0.357862,  0,  -0.24
  0.354791,  0,  -0.24
  0.353255,  -0.0921534,  -0.27
  0.350183,  -0.0921534,  -0.27
  0.345575,  -0.184307,  -0.198
  0.340968,  -0.184307,  -0.246
  0.33636,  -0.27646,  -0.174
  0.32868,  -0.322537,  -0.144
  0.322537,  -0.27646,  -0.174
  0.317929,  -0.230383,  -0.174
  0.31025,  -0.27646,  -0.222
  0.304106,  -0.27646,  -0.366
  0.294891,  -0.368614,  -0.252
  0.285675,  -0.41469,  -0.252
  0.27646,  -0.41469,  -0.216
  0.268781,  -0.368614,  -0.348
  0.258029,  -0.41469,  -0.312
  0.247278,  -0.460767,  -0.276
  0.234991,  -0.460767,  -0.276
  0.225776,  -0.460767,  -0.372
  0.213489,  -0.506844,  -0.336
  0.201202,  -0.55292,  -0.3
  0.19045,  -0.55292,  -0.348
  0.178163,  -0.55292,  -0.396
  0.16434,  -0.55292,  -0.444
  0.148981,  -0.645074,  -0.378
  0.133622,  -0.645074,  -0.378
  0.118264,  -0.645074,  -0.378
  0.102905,  -0.645074,  -0.426
  0.0890816,  -0.69115,  -0.438
  0.0706509,  -0.737227,  -0.438
  0.0537561,  -0.737227,  -0.45
  0.0368614,  -0.783304,  -0.45
  0.0184307,  -0.737227,  -0.498
  0.00153589,  -0.737227,  -0.546
  -0.0168948,  -0.783304,  -0.51
  -0.0368614,  -0.875457,  -0.396
  -0.055292,  -0.82938,  -0.522
  -0.0752586,  -0.82938,  -0.522
  -0.0952252,  -0.82938,  -0.522
  -0.115192,  -0.875457,  -0.54
  -0.135158,  -0.875457,  -0.54
  -0.156661,  -0.921534,  -0.552
  -0.178163,  -0.921534,  -0.636
  -0.199666,  -0.921534,  -0.516
  -0.222704,  -0.967611,  -0.564
  -0.245742,  -0.967611,  -0.564
  -0.267245,  -0.967611,  -0.612
  -0.290283,  -0.967611,  -0.612
  -0.313322,  -1.01369,  -0.624
  -0.337896,  -1.05976,  -0.54
  -0.360934,  -1.01369,  -0.576
  -0.383972,  -1.01369,  -0.624
  -0.407011,  -1.01369,  -0.624
  -0.433121,  -1.05976,  -0.588
  -0.456159,  -1.05976,  -0.54
  -0.480733,  -0.967611,  -0.66
  -0.503772,  -1.05976,  -0.588
  -0.528346,  -1.05976,  -0.588
  -0.55292,  -1.05976,  -0.588
  -0.577495,  -1.05976,  -0.588
  -0.603605,  -1.05976,  -0.588
  -0.626643,  -1.01369,  -0.588
  -0.652753,  -1.05976,  -0.588
  -0.675791,  -1.01369,  -0.576
  -0.701902,  -1.05976,  -0.588
  -0.726476,  -1.05976,  -0.54
  -0.75105,  -1.05976,  -0.576
  -0.774088,  -1.01369,  -0.624
  -0.798663,  -1.01369,  -0.528
  -0.823237,  -1.01369,  -0.528
  -0.844739,  -0.967611,  -0.564
  -0.867778,  -0.967611,  -0.612
  -0.890816,  -0.967611,  -0.48
  -0.913854,  -0.967611,  -0.516
  -0.935357,  -0.921534,  -0.6
  -0.956859,  -1.01369,  -0.48
  -0.979898,  -0.967611,  -0.516
  -1.00294,  -0.967611,  -0.42
  -1.02444,  -0.875457,  -0.54
  -1.04441,  -0.921534,  -0.408
  -1.06591,  -0.875457,  -0.522
  -1.08741,  -0.921534,  -0.408
  -1.10738,  -0.875457,  -0.396
  -1.12581,  -0.82938,  -0.426
  -1.14424,  -0.82938,  -0.426
  -1.16267,  -0.783304,  -0.414
  -1.17956,  -0.737227,  -0.498
  -1.19953,  -0.783304,  -0.318
  -1.21489,  -0.737227,  -0.402
  -1.23178,  -0.737227,  -0.354
  -1.24714,  -0.69115,  -0.342
  -1.26404,  -0.69115,  -0.246
  -1.27786,  -0.598997,  -0.318
  -1.29015,  -0.55292,  -0.318
  -1.30397,  -0.598997,  -0.318
  -1.31626,  -0.55292,  -0.3
  -1.33008,  -0.55292,  -0.3
  -1.34237,  -0.55292,  -0.252
  -1.35312,  -0.506844,  -0.24
  -1.36541,  -0.460767,  -0.228
  -1.37462,  -0.41469,  -0.264
  -1.38691,  -0.460767,  -0.132
  -1.39459,  -0.368614,  -0.204
  -1.40227,  -0.368614,  -0.204
  -1.40995,  -0.322537,  -0.192
  -1.41763,  -0.322537,  -0.144
  -1.42377,  -0.27646,  -0.126
  -1.42838,  -0.230383,  -0.162
  -1.43299,  -0.184307,  -0.198
  -1.43759,  -0.184307,  -0.15
  -1.4422,  -0.230383,  -0.102
  -1.44527,  -0.13823,  -0.09
  -1.44681,  -0.13823,  -0.126
  -1.44834,  -0.0921534,  -0.078
  -1.44988,  0,  -0.096
  -1.44988,  0,  -0.096
  -1.44988,  0,  -0.048
  -1.44988,  0,  -0
  -1.44988,  0,  0.096
  -1.44988,  0,  0.192
  -1.44834,  0,  0.24
  -1.44681,  0.0921534,  0.186
  -1.4422,  0.13823,  0.234
  -1.43913,  0.13823,  0.33
  -1.43299,  0.230383,  0.258
  -1.42684,  0.27646,  0.222
  -1.4207,  0.27646,  0.222
  -1.41455,  0.230383,  0.306
  -1.40688,  0.230383,  0.402
  -1.3992,  0.322537,  0.288
  -1.38998,  0.368614,  0.252
  -1.3823,  0.368614,  0.3
  -1.37155,  0.368614,  0.348
  -1.36233,  0.41469,  0.348
  -1.35158,  0.41469,  0.312
  -1.34237,  0.41469,  0.36
  -1.33008,  0.460767,  0.324
  -1.31779,  0.506844,  0.288
  -1.30704,  0.506844,  0.372
  -1.29476,  0.506844,  0.288
  -1.284,  0.506844,  0.288
  -1.27172,  0.506844,  0.384
  -1.25943,  0.55292,  0.348
  -1.24561,  0.598997,  0.318
  -1.23332,  0.55292,  0.432
  -1.2195,  0.598997,  0.414
  -1.20567,  0.55292,  0.444
  -1.19031,  0.645074,  0.33
  -1.17649,  0.598997,  0.414
  -1.16113,  0.598997,  0.366
  -1.14731,  0.645074,  0.378
  -1.13349,  0.645074,  0.33
  -1.11966,  0.598997,  0.462
  -1.1043,  0.645074,  0.33
  -1.08895,  0.645074,  0.378
  -1.07359,  0.645074,  0.33
  -1.05976,  0.598997,  0.414
  -1.04594,  0.598997,  0.414
  -1.03058,  0.598997,  0.414
  -1.01522,  0.645074,  0.33
  -1.0014,  0.645074,  0.366
  -0.987577,  0.55292,  0.444
  -0.970682,  0.645074,  0.33
  -0.956859,  0.598997,  0.282
  -0.943036,  0.55292,  0.348
  -0.929213,  0.598997,  0.348
  -0.916926,  0.55292,  0.348
  -0.900031,  0.55292,  0.204
  -0.892352,  0.506844,  0.42
  -0.881601,  0.55292,  0.3
  -0.867778,  0.55292,  0.3
  -0.855491,  0.506844,  0.288
  -0.844739,  0.460767,  0.24
  -0.832452,  0.460767,  0.276
  -0.821701,  0.506844,  0.24
  -0.81095,  0.460767,  0.228
  -0.800199,  0.460767,  0.18
  -0.792519,  0.368614,  0.252
  -0.783304,  0.368614,  0.252
  -0.774088,  0.368614,  0.204
  -0.766409,  0.322537,  0.192
  -0.760265,  0.27646,  0.27
  -0.752586,  0.322537,  0.192
  -0.746442,  0.27646,  0.222
  -0.738763,  0.27646,  0.126
  -0.734155,  0.230383,  0.162
  -0.729548,  0.184307,  0.15
  -0.72494,  0.184307,  0.102
  -0.721868,  0.13823,  0.138
  -0.718796,  0.13823,  0.138
  -0.715725,  0.13823,  0.09
  -0.714189,  0.0921534,  0.078
  -0.712653,  0,  0.144
  -0.712653,  0,  0.096
  -0.712653,  0,  0.096
  -0.712653,  0,  0.048
  -0.711117,  0,  -0.048
  -0.711117,  0,  -0.096
  -0.711117,  0,  -0.24
  -0.714189,  0,  -0.288
  -0.717261,  -0.13823,  -0.234
  -0.721868,  -0.230383,  -0.162
  -0.726476,  -0.184307,  -0.246
  -0.732619,  -0.230383,  -0.21
  -0.737227,  -0.230383,  -0.258
  -0.743371,  -0.230383,  -0.306
  -0.75105,  -0.27646,  -0.318
  -0.760265,  -0.368614,  -0.204
  -0.766409,  -0.322537,  -0.336
  -0.775624,  -0.368614,  -0.3
  -0.78484,  -0.460767,  -0.228
  -0.795591,  -0.460767,  -0.312
  -0.806342,  -0.460767,  -0.276
  -0.817093,  -0.460767,  -0.324
  -0.827845,  -0.460767,  -0.288
  -0.838596,  -0.506844,  -0.336
  -0.852419,  -0.55292,  -0.348
  -0.867778,  -0.506844,  -0.288
  -0.876993,  -0.506844,  -0.432
  -0.88928,  -0.598997,  -0.414
  -0.903103,  -0.598997,  -0.366
  -0.918462,  -0.645074,  -0.378
  -0.932285,  -0.598997,  -0.462
  -0.947644,  -0.645074,  -0.378
  -0.963003,  -0.69115,  -0.39
  -0.978362,  -0.645074,  -0.474
  -0.996792,  -0.69115,  -0.39
  -1.01215,  -0.69115,  -0.438
  -1.02751,  -0.645074,  -0.522
  -1.04594,  -0.69115,  -0.438
  -1.06284,  -0.737227,  -0.402
  -1.07973,  -0.737227,  -0.402
  -1.09663,  -0.737227,  -0.354
  -1.11198,  -0.69115,  -0.486
  -1.13041,  -0.737227,  -0.318
  -1.14731,  -0.737227,  -0.402
  -1.1642,  -0.783304,  -0.45
  -1.17956,  -0.69115,  -0.486
  -1.19799,  -0.737227,  -0.45
  -1.21489,  -0.737227,  -0.402
  -1.23178,  -0.737227,  -0.402
  -1.25021,  -0.783304,  -0.354
  -1.26711,  -0.69115,  -0.342
  -1.28093,  -0.69115,  -0.39
  -1.29783,  -0.69115,  -0.342
  -1.31319,  -0.69115,  -0.39
  -1.32854,  -0.69115,  -0.426
  -1.3439,  -0.645074,  -0.342
  -1.3608,  -0.69115,  -0.294
  -1.37462,  -0.645074,  -0.378
  -1.38998,  -0.598997,  -0.282
  -1.40534,  -0.598997,  -0.318
  -1.41916,  -0.598997,  -0.27
  -1.43145,  -0.55292,  -0.3
  -1.44374,  -0.55292,  -0.3
  -1.45602,  -0.506844,  -0.24
  -1.46677,  -0.506844,  -0.24
  -1.47599,  -0.41469,  -0.36
  -1.48674,  -0.41469,  -0.312
  -1.49596,  -0.41469,  -0.264
  -1.50671,  -0.41469,  -0.216
  -1.51592,  -0.368614,  -0.204
  -1.5236,  -0.368614,  -0.156
  -1.53128,  -0.322537,  -0.144
  -1.53743,  -0.27646,  -0.126
  -1.54203,  -0.230383,  -0.162
  -1.54664,  -0.184307,  -0.15
  -1.55125,  -0.184307,  -0.102
  -1.55278,  -0.13823,  -0.174
  -1.55586,  -0.13823,  -0.126
  -1.55739,  -0.0921534,  -0.078
  -1.55739,  0,  -0.048
  -1.55893,  0,  -0
  -1.55893,  0,  0.048
  -1.55739,  0,  0.144
  -1.55739,  0,  0.24
  -1.55586,  0.0921534,  0.318
  -1.55125,  0.184307,  0.294
  -1.54511,  0.230383,  0.306
  -1.53896,  0.27646,  0.318
  -1.52975,  0.368614,  0.252
  -1.52053,  0.41469,  0.264
  -1.51132,  0.41469,  0.312
  -1.50056,  0.460767,  0.324
  -1.48981,  0.506844,  0.336
  -1.47906,  0.506844,  0.348
  -1.4637,  0.55292,  0.396
  -1.44988,  0.598997,  0.462
  -1.43452,  0.645074,  0.474
  -1.41916,  0.737227,  0.45
  -1.40227,  0.69115,  0.498
  -1.38384,  0.783304,  0.558
  -1.36233,  0.82938,  0.606
  -1.34237,  0.82938,  0.666
  -1.32087,  0.921534,  0.6
  -1.29783,  0.967611,  0.564
  -1.27479,  0.967611,  0.66
  -1.25175,  0.967611,  0.708
  -1.22718,  1.05976,  0.684
  -1.20107,  1.10584,  0.744
  -1.17342,  1.15192,  0.714
  -1.14577,  1.19799,  0.774
  -1.11659,  1.24407,  0.738
  -1.08741,  1.24407,  0.738
  -1.05516,  1.33622,  0.714
  -1.02597,  1.33622,  0.81
  -0.995257,  1.33622,  0.906
  -0.959931,  1.42838,  0.834
  -0.927677,  1.42838,  0.882
  -0.892352,  1.42838,  0.93
  -0.858562,  1.56661,  0.828
  -0.823237,  1.47445,  0.996
  -0.78484,  1.65876,  0.708
  -0.746442,  1.56661,  0.876
  -0.712653,  1.56661,  0.924
  -0.67272,  1.70484,  0.864
  -0.634322,  1.61268,  0.936
  -0.582102,  1.61268,  0.648
  -0.563672,  1.47445,  1.428
  -0.517595,  1.79699,  0.99
  -0.47459,  1.88914,  0.822
  -0.431585,  1.79699,  0.894
  -0.390116,  1.84307,  0.894
  -0.350183,  1.75091,  0.978
  -0.308714,  1.79699,  0.906
  -0.265709,  1.84307,  1.002
  -0.222704,  1.79699,  0.942
  -0.179699,  1.88914,  0.918
  -0.136694,  1.88914,  0.99
  -0.0967611,  1.79699,  1.038
  -0.0537561,  1.79699,  1.038
  -0.0122871,  1.79699,  1.086
  0.0337896,  1.88914,  0.918
  0.0752586,  1.88914,  0.87
  0.118264,  1.79699,  0.99
  0.158197,  1.84307,  0.954
  0.201202,  1.79699,  0.99
  0.242671,  1.79699,  0.99
  0.285675,  1.84307,  0.906
  0.32868,  1.79699,  0.81
  0.370149,  1.84307,  0.858
  0.411618,  1.75091,  0.93
  0.450016,  1.79699,  0.846
  0.491485,  1.70484,  0.912
  0.531418,  1.75091,  0.864
  0.569815,  1.70484,  0.9
  0.609748,  1.70484,  0.816
  0.64661,  1.61268,  0.852
  0.686543,  1.70484,  0.768
  0.723404,  1.61268,  0.876
  0.760265,  1.52053,  0.864
  0.795591,  1.56661,  0.816
  0.82938,  1.47445,  0.852
  0.864706,  1.52053,  0.72
  0.89696,  1.42838,  0.786
  0.929213,  1.3823,  0.774
  0.961467,  1.3823,  0.726
  0.992185,  1.3823,  0.63
  1.0229,  1.33622,  0.57
  1.05208,  1.24407,  0.594
  1.07819,  1.15192,  0.714
  1.1043,  1.15192,  0.618
  1.13195,  1.10584,  0.6
  1.15652,  1.15192,  0.474
  1.18417,  1.05976,  0.444
  1.20567,  1.01369,  0.432
  1.22718,  0.921534,  0.456
  1.24868,  0.875457,  0.444
  1.26864,  0.875457,  0.378
  1.284,  0.737227,  0.45
  1.3009,  0.737227,  0.354
  1.31779,  0.737227,  0.342
  1.33315,  0.69115,  0.162
  1.34698,  0.598997,  0.27
  1.35926,  0.55292,  0.252
  1.37001,  0.460767,  0.276
  1.38076,  0.460767,  0.18
  1.38998,  0.41469,  0.12
  1.39766,  0.368614,  0.108
  1.4038,  0.322537,  0.048
  1.40841,  0.230383,  0.066
  1.41148,  0.184307,  0.054
  1.41302,  0.0921534,  0.078
  1.41455,  0,  0.048
  1.41455,  0,  -0.048
  1.41455,  0,  -0.144
  1.41455,  0,  -0.288
  1.41148,  -0.0921534,  -0.366
  1.40534,  -0.230383,  -0.306
  1.3992,  -0.27646,  -0.24
  1.38998,  -0.368614,  -0.348
  1.38076,  -0.41469,  -0.396
  1.37001,  -0.41469,  -0.408
  1.35773,  -0.506844,  -0.336
  1.34544,  -0.55292,  -0.444
  1.33162,  -0.55292,  -0.414
  1.31626,  -0.598997,  -0.426
  1.29936,  -0.69115,  -0.522
  1.28247,  -0.69115,  -0.45
  1.26557,  -0.737227,  -0.594
  1.24561,  -0.82938,  -0.444
  1.22564,  -0.875457,  -0.588
  1.20414,  -0.875457,  -0.588
  1.1811,  -0.967611,  -0.612
  1.15499,  -1.05976,  -0.576
  1.13041,  -1.05976,  -0.588
  1.10738,  -1.05976,  -0.732
  1.08127,  -1.10584,  -0.744
  1.05208,  -1.19799,  -0.678
  1.02444,  -1.19799,  -0.726
  0.995257,  -1.24407,  -0.738
  0.967611,  -1.29015,  -0.618
  0.936893,  -1.29015,  -0.75
  0.906175,  -1.33622,  -0.762
  0.875457,  -1.33622,  -0.81
  0.841668,  -1.3823,  -0.822
  0.81095,  -1.3823,  -0.87
  0.774088,  -1.47445,  -0.708
  0.741835,  -1.42838,  -0.882
  0.708045,  -1.47445,  -0.852
  0.671184,  -1.47445,  -0.852
  0.637394,  -1.47445,  -0.852
  0.600533,  -1.52053,  -0.864
  0.565207,  -1.56661,  -0.828
  0.528346,  -1.56661,  -0.876
  0.491485,  -1.61268,  -0.828
  0.454623,  -1.61268,  -0.84
  0.416226,  -1.65876,  -0.792
  0.379365,  -1.61268,  -0.84
  0.342503,  -1.61268,  -0.936
  0.305642,  -1.61268,  -0.804
  0.265709,  -1.65876,  -0.804
  0.228848,  -1.61268,  -0.84
  0.193522,  -1.56661,  -0.876
  0.155125,  -1.61268,  -0.84
  0.118264,  -1.61268,  -0.792
  0.0814022,  -1.56661,  -0.828
  0.0476126,  -1.52053,  -0.912
  0.00921534,  -1.56661,  -0.696
  -0.0245742,  -1.56661,  -0.78
  -0.0629715,  -1.56661,  -0.78
  -0.0967611,  -1.52053,  -0.768
  -0.130551,  -1.52053,  -0.72
  -0.165876,  -1.47445,  -0.756
  -0.196594,  -1.42838,  -0.786
  -0.233455,  -1.47445,  -0.66
  -0.264173,  -1.42838,  -0.69
  -0.296427,  -1.42838,  -0.678
  -0.327145,  -1.3823,  -0.75
  -0.357862,  -1.33622,  -0.702
  -0.385508,  -1.24407,  -0.738
  -0.416226,  -1.24407,  -0.606
  -0.445408,  -1.29015,  -0.606
  -0.473054,  -1.19799,  -0.666
  -0.499164,  -1.15192,  -0.618
  -0.525274,  -1.10584,  -0.522
  -0.549849,  -1.05976,  -0.588
  -0.574423,  -1.05976,  -0.54
  -0.602069,  -0.967611,  -0.372
  -0.618964,  -0.921534,  -0.552
  -0.63893,  -0.967611,  -0.42
  -0.658897,  -0.82938,  -0.522
  -0.678863,  -0.82938,  -0.426
  -0.69883,  -0.783304,  -0.366
  -0.717261,  -0.737227,  -0.306
  -0.731084,  -0.69115,  -0.294
  -0.746442,  -0.645074,  -0.282
  -0.764873,  -0.55292,  -0.03
  -0.771017,  -0.506844,  -0.288
  -0.783304,  -0.506844,  -0.192
  -0.792519,  -0.460767,  -0.18
  -0.801734,  -0.41469,  -0.12
  -0.809414,  -0.322537,  -0.096
  -0.814022,  -0.27646,  -0.078
  -0.818629,  -0.184307,  -0.066
  -0.821701,  -0.184307,  -0.054
  -0.824773,  -0.0921534,  -0.078
  -0.826309,  0,  -0.048
  -0.826309,  0,  -0
  -0.826309,  0,  0.144
  -0.826309,  0,  0.24
  -0.823237,  0.0921534,  0.318
  -0.818629,  0.184307,  0.294
  -0.812486,  0.230383,  0.354
  -0.804806,  0.322537,  0.336
  -0.795591,  0.368614,  0.348
  -0.78484,  0.460767,  0.324
  -0.772553,  0.506844,  0.336
  -0.761801,  0.460767,  0.468
  -0.747978,  0.55292,  0.444
  -0.734155,  0.645074,  0.426
  -0.717261,  0.645074,  0.522
  -0.700366,  0.737227,  0.498
  -0.680399,  0.783304,  0.51
  -0.663504,  0.783304,  0.606
  -0.642002,  0.82938,  0.54
  -0.620499,  0.921534,  0.552
  -0.597461,  0.967611,  0.648
  -0.574423,  0.967611,  0.66
  -0.549849,  1.05976,  0.672
  -0.525274,  1.10584,  0.648
  -0.497628,  1.15192,  0.666
  -0.471518,  1.15192,  0.678
  -0.443872,  1.19799,  0.726
  -0.41469,  1.19799,  0.738
  -0.385508,  1.24407,  0.834
  -0.354791,  1.24407,  0.834
  -0.321001,  1.3823,  0.726
  -0.290283,  1.3823,  0.726
  -0.258029,  1.3823,  0.822
  -0.22424,  1.47445,  0.804
  -0.19045,  1.47445,  0.852
  -0.155125,  1.52053,  0.816
  -0.119799,  1.52053,  0.768
  -0.0875457,  1.47445,  0.948
  -0.0522203,  1.52053,  0.912
  -0.0153589,  1.52053,  0.96
  0.0245742,  1.56661,  0.876
  0.0598997,  1.65876,  0.888
  0.0982969,  1.61268,  0.936
  0.135158,  1.65876,  0.852
  0.176627,  1.65876,  0.852
  0.210417,  1.61268,  0.936
  0.25035,  1.65876,  0.9
  0.288747,  1.61268,  0.936
  0.32868,  1.70484,  0.864
  0.368614,  1.65876,  0.9
  0.407011,  1.65876,  0.816
  0.445408,  1.65876,  0.948
  0.482269,  1.61268,  0.936
  0.523738,  1.70484,  0.864
  0.5606,  1.65876,  0.936
  0.598997,  1.70484,  0.768
  0.637394,  1.65876,  0.9
  0.675791,  1.61268,  0.888
  0.714189,  1.70484,  0.768
  0.749514,  1.56661,  0.924
  0.786376,  1.56661,  0.876
  0.823237,  1.56661,  0.828
  0.858562,  1.52053,  0.864
  0.895424,  1.56661,  0.78
  0.927677,  1.42838,  0.882
  0.963003,  1.42838,  0.834
  0.995257,  1.52053,  0.72
  1.03058,  1.3823,  0.726
  1.0613,  1.3823,  0.726
  1.09202,  1.3823,  0.678
  1.12274,  1.33622,  0.714
  1.15345,  1.33622,  0.618
  1.18724,  1.33622,  0.522
  1.21335,  1.19799,  0.63
  1.24253,  1.15192,  0.618
  1.26864,  1.15192,  0.534
  1.29322,  1.15192,  0.552
  1.31779,  1.05976,  0.492
  1.34237,  1.05976,  0.492
  1.36694,  1.05976,  0.396
  1.38844,  0.921534,  0.42
  1.40995,  0.921534,  0.408
  1.42991,  0.875457,  0.348
  1.44988,  0.875457,  0.252
  1.46677,  0.783304,  0.354
  1.4806,  0.645074,  0.426
  1.49749,  0.69115,  0.294
  1.51285,  0.645074,  0.234
  1.52667,  0.598997,  0.174
  1.53743,  0.506844,  0.192
  1.54664,  0.460767,  0.132
  1.55586,  0.368614,  0.204
  1.56354,  0.322537,  0.192
  1.56968,  0.27646,  0.174
  1.57582,  0.230383,  0.114
  1.58043,  0.184307,  0.102
  1.5835,  0.184307,  0.09
  1.58504,  0.0921534,  0.03
  1.58657,  0,  0.048
  1.58657,  0,  -0.048
  1.58657,  0,  -0.192
  1.58504,  0,  -0.336
  1.58197,  -0.13823,  -0.282
  1.57582,  -0.230383,  -0.306
  1.56814,  -0.27646,  -0.318
  1.56046,  -0.368614,  -0.384
  1.55125,  -0.460767,  -0.276
  1.5405,  -0.41469,  -0.324
  1.52667,  -0.55292,  -0.3
  1.51439,  -0.55292,  -0.396
  1.50056,  -0.598997,  -0.462
  1.48521,  -0.645074,  -0.474
  1.46831,  -0.69115,  -0.534
  1.44988,  -0.783304,  -0.51
  1.42991,  -0.82938,  -0.474
  1.41148,  -0.82938,  -0.666
  1.38844,  -0.875457,  -0.636
  1.36694,  -1.01369,  -0.528
  1.34237,  -1.01369,  -0.624
  1.31933,  -1.05976,  -0.636
  1.29322,  -1.05976,  -0.732
  1.26864,  -1.15192,  -0.666
  1.241,  -1.19799,  -0.678
  1.21335,  -1.15192,  -0.81
  1.18417,  -1.19799,  -0.786
  1.15192,  -1.29015,  -0.798
  1.11966,  -1.33622,  -0.846
  1.08741,  -1.3823,  -0.822
  1.05516,  -1.42838,  -0.822
  1.0229,  -1.3823,  -0.918
  0.987577,  -1.47445,  -0.882
  0.953788,  -1.52053,  -0.864
  0.916926,  -1.56661,  -0.876
  0.881601,  -1.52053,  -0.96
  0.843203,  -1.61268,  -0.936
  0.806342,  -1.61268,  -1.032
  0.766409,  -1.65876,  -0.948
  0.726476,  -1.75091,  -0.882
  0.686543,  -1.70484,  -0.96
  0.648145,  -1.70484,  -1.056
  0.600533,  -1.75091,  -0.738
  0.565207,  -1.75091,  -1.026
  0.525274,  -1.79699,  -0.99
  0.482269,  -1.79699,  -1.038
  0.439264,  -1.84307,  -0.906
  0.397795,  -1.84307,  -0.954
  0.356326,  -1.79699,  -1.086
  0.311786,  -1.88914,  -1.002
  0.265709,  -1.88914,  -0.918
  0.22424,  -1.88914,  -1.002
  0.182771,  -1.88914,  -1.014
  0.13823,  -1.84307,  -1.002
  0.0936893,  -1.88914,  -0.834
  0.0506844,  -1.84307,  -0.87
  0.00767945,  -1.84307,  -0.906
  -0.0368614,  -1.88914,  -0.906
  -0.0783304,  -1.79699,  -0.87
  -0.119799,  -1.79699,  -1.038
  -0.162804,  -1.79699,  -0.99
  -0.205809,  -1.84307,  -1.002
  -0.25035,  -1.93522,  -0.834
  -0.290283,  -1.75091,  -1.026
  -0.333288,  -1.75091,  -0.978
  -0.374757,  -1.79699,  -0.942
  -0.417762,  -1.84307,  -0.81
  -0.457695,  -1.75091,  -0.834
  -0.496092,  -1.65876,  -0.996
  -0.53449,  -1.75091,  -0.882
  -0.575959,  -1.65876,  -0.948
  -0.614356,  -1.70484,  -0.816
  -0.652753,  -1.65876,  -0.888
  -0.692686,  -1.56661,  -0.924
  -0.729548,  -1.65876,  -0.792
  -0.767945,  -1.61268,  -0.744
  -0.801734,  -1.52053,  -0.816
  -0.83706,  -1.52053,  -0.768
  -0.873921,  -1.47445,  -0.708
  -0.904639,  -1.47445,  -0.708
  -0.936893,  -1.3823,  -0.726
  -0.969146,  -1.33622,  -0.678
  -1.00294,  -1.3823,  -0.678
  -1.03212,  -1.29015,  -0.738
  -1.06284,  -1.33622,  -0.618
  -1.09355,  -1.29015,  -0.594
  -1.11966,  -1.15192,  -0.666
  -1.14731,  -1.15192,  -0.618
  -1.17342,  -1.10584,  -0.6
  -1.19953,  -1.10584,  -0.504
  -1.22257,  -1.01369,  -0.528
  -1.24561,  -1.01369,  -0.432
  -1.26864,  -0.875457,  -0.492
  -1.28708,  -0.875457,  -0.54
  -1.30704,  -0.921534,  -0.408
  -1.32701,  -0.875457,  -0.348
  -1.34544,  -0.783304,  -0.414
  -1.36387,  -0.783304,  -0.318
  -1.38076,  -0.69115,  -0.342
  -1.39612,  -0.645074,  -0.282
  -1.40995,  -0.645074,  -0.27
  -1.42223,  -0.506844,  -0.288
  -1.43299,  -0.506844,  -0.204
  -1.44527,  -0.506844,  -0.192
  -1.45449,  -0.41469,  -0.216
  -1.4637,  -0.41469,  -0.072
  -1.46985,  -0.322537,  -0.174
  -1.47599,  -0.27646,  -0.078
  -1.4806,  -0.230383,  -0.198
  -1.48367,  -0.184307,  -0.102
  -1.48674,  -0.13823,  -0.09
  -1.48828,  -0.0921534,  -0.078
  -1.48981,  0,  -0.048
  -1.48981,  0,  -0
  -1.48981,  0,  0.096
  -1.48981,  0,  0.24
  -1.48828,  0,  0.336
  -1.48521,  0.0921534,  0.318
  -1.4806,  0.184307,  0.342
  -1.47445,  0.27646,  0.318
  -1.46677,  0.368614,  0.3
  -1.45602,  0.41469,  0.264
  -1.44681,  0.460767,  0.276
  -1.43452,  0.460767,  0.324
  -1.42377,  0.506844,  0.336
  -1.41302,  0.506844,  0.396
  -1.3992,  0.55292,  0.444
  -1.38384,  0.645074,  0.426
  -1.36694,  0.69115,  0.474
  -1.35158,  0.69115,  0.45
  -1.33315,  0.737227,  0.414
  -1.31472,  0.82938,  0.51
  -1.29629,  0.783304,  0.462
  -1.27632,  0.82938,  0.558
  -1.25636,  0.875457,  0.492
  -1.23486,  0.921534,  0.552
  -1.21335,  0.967611,  0.516
  -1.19185,  0.921534,  0.696
  -1.16728,  1.01369,  0.624
  -1.14117,  1.10584,  0.552
  -1.11659,  1.05976,  0.684
  -1.09048,  1.10584,  0.6
  -1.06284,  1.19799,  0.582
  -1.03826,  1.15192,  0.714
  -1.00908,  1.15192,  0.762
  -0.979898,  1.24407,  0.69
  -0.94918,  1.29015,  0.654
  -0.921534,  1.24407,  0.738
  -0.890816,  1.29015,  0.75
  -0.860098,  1.33622,  0.714
  -0.830916,  1.33622,  0.762
  -0.797127,  1.3823,  0.726
  -0.766409,  1.3823,  0.774
  -0.734155,  1.3823,  0.81
  -0.701902,  1.3823,  0.822
  -0.666576,  1.42838,  0.786
  -0.632787,  1.3823,  0.918
  -0.597461,  1.47445,  0.804
  -0.565207,  1.47445,  0.9
  -0.529882,  1.47445,  0.768
  -0.493021,  1.56661,  0.78
  -0.457695,  1.56661,  0.852
  -0.423906,  1.47445,  0.9
  -0.387044,  1.56661,  0.78
  -0.356326,  1.56661,  -0.228
