-1.0798917517662678,50.0
-1.0572202225821008,50.0
-1.0339615395924437,50.0
-1.0101254591912756,50.0
-0.9857222806383854,50.0
-0.9607628376070292,50.0
-0.9352584891935862,50.0
-0.9092211103985158,50.0
-0.8826630820884704,50.0
-0.8555972804499294,50.0
-0.828037065945251,50.0
-0.799996271782536,50.0
-0.7714891919111881,50.0
-0.7425305685555371,50.0
-0.7131355792993623,50.0
-0.6833198237345951,50.0
-0.6530993096879318,50.0
-0.6224904390394993,50.0
-0.5915099931481347,50.0
-0.5601751178982306,50.0
-0.5285033083834739,50.0
-0.49651239324317065,50.0
-0.46422051866719377,50.0
-0.43164613208592256,50.0
-0.3988079655618448,50.0
-0.3657250188998008,50.0
-0.3324165424931131,50.0
-0.2989020199231075,50.0
-0.2652011503297743,50.0
-0.23133383057153856,50.0
-0.19732013719230557,50.0
-0.1631803082141451,50.0
-0.12893472477412316,50.0
-0.09460389262396046,50.0
-0.060208423511298736,50.0
-0.025769016461480887,50.0
0.00869356102117158,50.0
0.04315849181352549,50.0
0.07760492807614816,50.0
0.11201201017903462,50.0
0.14635888563140165,50.0
0.18062472799643048,50.0
0.2147887557718532,50.0
0.2488302512173352,50.0
0.28272857910967975,50.0
0.3164632054069583,50.0
0.35001371580279783,50.0
0.3833598341521569,50.0
0.416481440750103,50.0
0.449358590445239,50.0
0.48197153056962716,50.0
0.5143007186672628,50.0
0.5463268400033635,50.0
0.5780308248369843,50.0
0.6093938654397258,50.0
0.6403974328435784,50.0
0.6710232933012292,50.0
0.7012535244424829,50.0
0.7310705311107601,50.0
0.7604570608639782,50.0
0.7893962191244899,50.0
0.8178714839631112,50.0
0.8458667205026732,50.0
0.8733661949269216,50.0
0.9003545880810137,50.0
0.9268170086502949,50.0
0.9527390059044686,50.0
0.9781065819947412,50.0
1.0029062037919931,50.0
1.0271248142545009,50.0
1.0507498433142302,50.0
1.0737692182712273,50.0
1.0961713736861483,50.0
1.1179452607614815,50.0
1.139080356202565,50.0
1.159566670550027,50.0
1.1793947559758402,50.0
1.19855571353573,50.0
1.217041199871243,50.0
1.2348434333553486,50.0
1.2519551996760372,50.0
1.2683698568529331,50.0
1.2840813396825626,50.0
1.299084163608463,50.0
1.3133734280129636,50.0
1.3269448189280153,50.0
1.3397946111630836,50.0
1.351919669848692,50.0
1.363317451394824,50.0
1.3739860038639784,50.0
1.3839239667592809,50.0
1.3931305702286536,50.0
1.4016056336866443,50.0
1.4093495638561055,50.0
1.4163633522325194,50.0
1.4226485719743451,50.0
1.428207374223353,50.0
1.4330424838594977,50.0
1.4371571946954493,50.0
1.44055536411648,50.0
1.4432414071719655,50.0
1.4452202901253142,50.0
1.446497523469699,50.0
1.4470791544174895,50.0
1.4469717588718352,50.0
1.4461824328893624,50.0
1.4447187836434685,50.0
1.4425889198981952,50.0
1.4398014420031633,50.0
1.4363654314205359,50.0
1.4322904397954292,50.0
1.4275864775816827,50.0
1.4222640022353084,50.0
1.4163339059884068,50.0
1.4098075032167314,50.0
1.4026965174145019,50.0
1.3950130677904589,50.0
1.3867696554995232,50.0
1.3779791495247895,50.0
1.3686547722249287,50.0
1.3588100845624045,50.0
1.348458971028228,50.0
1.337615624279261,50.0
1.3262945295043802,50.0
1.3145104485360544,50.0
1.3022784037241584,50.0
1.2896136615890572,50.0
1.2765317162712206,50.0
1.2630482727948154,50.0
1.2491792301628981,50.0
1.2349406643019976,50.0
1.2203488108740053,50.0
1.205420047973415,50.0
1.1901708787280698,50.0
1.1746179138216324,50.0
1.158777853956086,50.0
1.1426674722726002,50.0
1.1263035967491328,50.0
1.1097030925931475,50.0
1.0928828446478072,50.0
1.075859739829987,50.0
1.0586506496183925,50.0
1.0412724126100055,50.0
1.0237418171629913,50.0
1.0060755841441051,50.0
0.9882903497984981,50.0
0.9704026487596982,50.0
0.9524288972173695,50.0
0.9343853762602847,50.0
0.916288215411742,50.0
0.8981533763744547,50.0
0.8799966370016994,50.0
0.8618335755112803,50.0
0.8436795549585746,50.0
0.8255497079846753,50.0
0.8074589218553236,50.0
0.7894218238060282,50.0
0.7714527667084291,50.0
0.753565815072626,50.0
0.735774731399828,50.0
0.7180929628993103,50.0
0.7005336285832767,50.0
0.683109506752817,50.0
0.6658330228877505,50.0
0.6487162379526966,50.0
0.631770837131289,50.0
0.6150081189999996,50.0
0.5984389851525544,50.0
0.5820739302854698,50.0
0.5659230327547417,50.0
0.5499959456132248,50.0
0.5343018881377353,50.0
0.5188496378543905,50.0
0.5036475230701862,50.0
0.4887034159182694,50.0
0.47402472592383144,50.0
0.4596183940969996,50.0
0.4454908875585553,50.0
0.43164819470374216,50.0
0.41809582090887,50.0
0.40483878478485563,50.0
0.3918816149812572,50.0
0.37922834754379403,50.0
0.3668825238277645,50.0
0.35484718896918616,50.0
0.3431248909149076,50.0
0.33171768001235397,50.0
0.32062710915898185,50.0
0.3098542345109402,50.0
0.2993996167498448,50.0
0.28926332290599305,50.0
0.279444928735766,50.0
0.26994352165038593,50.0
0.2607577041926158,50.0
0.2518855980574317,50.0
0.24332484865210713,50.0
0.23507263019060842,50.0
0.22712565131662465,50.0
0.21948016124901704,50.0
0.2121319564429156,50.0
0.20507638775916048,50.0
0.19830836813424924,50.0
0.19182238074243163,50.0
0.18561248764107074,50.0
0.17967233888990042,50.0
0.17399518213428855,50.0
0.16857387264215573,50.0
0.1634008837836971,50.0
0.15846831794262062,50.0
0.1537679178471263,50.0
0.14929107830844868,50.0
0.14502885835431834,50.0
0.14097199374431735,50.0
0.1371109098536698,50.0
0.1334357349116454,50.0
0.12993631358036517,50.0
0.12660222085943174,50.0
0.12342277630149068,50.0
0.12038705852345433,50.0
0.1174839199978518,50.0
0.11470200210842385,50.0
0.11202975045384778,50.0
0.1094554303831542,50.0
0.10696714274620633,50.0
0.10455283984232566,50.0
0.10220034154997937,50.0
0.09989735162019764,50.0
0.09763147411626638,50.0
0.09539022998200808,50.0
0.09316107372089166,50.0
0.09093141016801065,50.0
0.08868861133694173,50.0
0.08642003332330794,50.0
0.08411303324690733,50.0
0.08175498621409888,50.0
0.07933330228222385,50.0
0.0768354434076935,50.0
0.07424894035950874,50.0
0.0715614095798709,50.0
0.06876056997370028,50.0
0.065834259608822,50.0
0.0627704523087691,50.0
0.059557274120130954,50.0
0.056183019636603326,50.0
0.0526361681619254,50.0
0.04890539969410701,50.0
0.044979610713491325,50.0
0.040847929757369894,50.0
0.03649973276410484,50.0
0.03192465816989121,50.0
0.027112621741567255,50.0
0.022053831129103252,50.0
0.01673880012169926,50.0
0.01115836259167513,50.0
0.005303686110684269,50.0
-0.0008337147769495457,50.0
-0.0072619656385919384,50.0
-0.013988819609846187,50.0
-0.0210216452374348,50.0
-0.02836741472211446,50.0
-0.03603269257503347,50.0
-0.04402362470040902,50.0
-0.052345927917111956,50.0
-0.06100487993117834,50.0
-0.07000530977095917,50.0
-0.079351588696013,50.0
-0.08904762159053514,50.0
-0.09909683885146431,50.0
-0.1095021887810938,50.0
-0.12026613049332897,50.0
-0.1313906273424008,50.0
-0.14287714088215414,50.0
-0.15472662536364473,50.0
-0.16693952277812416,50.0
-0.17951575845202533,50.0
-0.1924547371999662,50.0
-0.20575534004123774,50.0
-0.2194159214846819,50.0
-0.23343430738628407,50.0
-0.24780779338323414,50.0
-0.2625331439076263,50.0
-0.27760659178237856,50.0
-0.2930238384013723,50.0
-0.3087800544952114,50.0
-0.32486988148341406,50.0
-0.3412874334132523,50.0
-0.3580262994848593,50.0
-0.3750795471616188,50.0
-0.3924397258642849,50.0
-0.4100988712466286,50.0
-0.4280485100498921,50.0
-0.4462796655326462,50.0
-0.4647828634721598,50.0
-0.48354813873269553,50.0
-0.5025650423956737,50.0
-0.5218226494459577,50.0
-0.5413095670080514,50.0
-0.5610139431253186,50.0
-0.5809234760748883,50.0
-0.6010254242102331,50.0
-0.6213066163229879,50.0
-0.6417534625149054,50.0
-0.662351965570427,50.0
-0.6830877328197404,50.0
-0.7039459884817374,50.0
-0.7249115864757296,50.0
-0.7459690236903465,50.0
-0.7671024536974866,50.0
-0.7882957008987816,50.0
-0.8095322750915391,50.0
-0.830795386440675,50.0
-0.8520679608427508,50.0
-0.8733326556677474,50.0
-0.8945718758638632,50.0
-0.9157677904101726,50.0
-0.9369023491016256,50.0
-0.9579572996505259,50.0
-0.9789142050881945,50.0
-0.9997544614503118,50.0
-1.020459315728965,50.0
-1.0410098840742674,50.0
-1.0613871702280104,50.0
-1.0815720841716125,50.0
-1.1015454609703397,50.0
-1.1212880797955487,50.0
-1.1407806831064746,50.0
-1.1600039959728923,50.0
-1.1789387455197908,50.0
-1.1975656804750336,50.0
-1.2158655908008416,50.0
-1.2338193273897722,50.0
-1.2514078218058204,50.0
-1.2686121060510938,50.0
-1.2854133323385268,50.0
-1.3017927928509558,50.0
-1.3177319394669462,50.0
-1.3332124034336212,50.0
-1.3482160149668854,50.0
-1.3627248227593114,50.0
-1.3767211133761545,50.0
-1.390187430519855,50.0
-1.4031065941436391,50.0
-1.415461719394763,50.0
-1.4272362353682064,50.0
-1.4384139036516512,50.0
-1.448978836642801,50.0
-1.4589155156202347,50.0
-1.4682088085492153,50.0
-1.4768439876040342,50.0
-1.4848067463887675,50.0
-1.4920832168384945,50.0
-1.4986599857833696,50.0
-1.50452411115814,50.0
-1.509663137840087,50.0
-1.514065113098598,50.0
-1.5177186016399973,50.0
-1.5206127002315255,50.0
-1.522737051888806,50.0
-1.5240818596114594,50.0
-1.5246378996519379,50.0
-1.5243965343030994,50.0
-1.5233497241904004,50.0
-1.521490040055109,50.0
-1.5188106740153082,50.0
-1.5153054502920171,50.0
-1.5109688353881507,50.0
-1.5057959477086231,50.0
-1.4997825666103117,50.0
-1.4929251408712156,50.0
-1.485220796568576,50.0
-1.476667344356355,50.0
-1.467263286132936,50.0
-1.4570078210905526,50.0
-1.4459008511384424,50.0
-1.433942985692367,50.0
-1.421135545823679,50.0
-1.4074805677617392,50.0
-1.3929808057440765,50.0
-1.3776397342092832,50.0
-1.3614615493282773,50.0
-1.344451169870147,50.0
-1.3266142373994527,50.0
-1.3079571158024537,50.0
-1.2884868901403939,50.0
-1.2682113648285787,50.0
-1.2471390611406472,50.0
-1.2252792140380595,50.0
-1.2026417683254513,50.0
-1.179237374133193,50.0
-1.1550773817290585,50.0
-1.1301738356616355,50.0
-1.1045394682386513,50.0
-1.0781876923441274,50.0
-1.051132593598807,50.0
-1.0233889218690293,50.0
-0.9949720821297587,50.0
-0.9658981246881901,50.0
-0.9361837347748829,50.0
-0.9058462215100724,50.0
-0.8749035062533351,50.0
-0.8433741103454578,50.0
-0.8112771422518961,50.0
-0.7786322841178275,50.0
-0.7454597777453551,50.0
-0.7117804100040392,50.0
-0.6776154976864006,50.0
-0.6429868718206908,50.0
-0.6079168614536771,50.0
-0.5724282769168015,50.0
-0.5365443925894852,50.0
-0.5002889291739584,50.0
-0.4636860354964053,50.0
-0.42676026984977067,50.0
-0.38953658089393783,50.0
-0.35204028812952987,50.0
-0.3142970619620055,50.0
-0.2763329033730766,50.0
-0.23817412321697773,50.0
-0.19984732115941384,50.0
-0.16137936427749944,50.0
-0.12279736533922292,50.0
-0.08412866078144121,50.0
-0.045400788405629,50.0
-0.00664146481102712,50.0
0.032121437415014,50.0
0.0708599127292977,50.0
0.10954584586730459,50.0
0.14815103525929102,50.0
0.18664721660717276,50.0
0.22500608660114368,50.0
0.263199326754765,50.0
0.3011986273372247,50.0
0.33897571138118915,50.0
0.37650235874467064,50.0
0.41375043020511443,50.0
0.45069189156397765,50.0
0.4872988377398631,50.0
0.5235435168283666,50.0
0.5593983541066441,50.0
0.5948359759608663,50.0
0.629829233714592,50.0
0.6643512273362691,50.0
0.6983753290040127,50.0
0.731875206506031,50.0
0.7648248464550504,50.0
0.7971985772952814,50.0
0.8289710920806068,50.0
0.8601174710028313,50.0
0.8906132036490157,50.0
0.9204342109671038,50.0
0.9495568669193384,50.0
0.9779580198031367,50.0
1.005615013219395,50.0
1.0325057066684578,50.0
1.05860849575432,50.0
1.0839023319779144,50.0
1.1083667421006904,50.0
1.131981847060036,50.0
1.1547283804184973,50.0
1.1765877063291197,50.0
1.197541836999615,50.0
1.2175734496385533,50.0
1.2366659028671538,50.0
1.2548032525807515,50.0
1.2719702672444422,50.0
1.288152442607957,50.0
1.303336015825256,50.0
1.317507978964909,50.0
1.330656091897795,50.0
1.3427688945492628,50.0
1.3538357185033973,50.0
1.3638466979476458,50.0
1.3727927799466002,50.0
1.3806657340343602,50.0
1.3874581611154757,50.0
1.393163501665097,50.0
1.397776043219578,50.0
1.4012909271494003,50.0
1.4037041547069409,50.0
1.4050125923422474,50.0
1.405213976280628,50.0
1.4043069163565498,50.0
1.402290899098973,50.0
1.3991662900639663,50.0
1.3949343354110715,50.0
1.389597162720623,50.0
1.3831577810498623,50.0
1.3756200802264353,50.0
1.3669888293784727,50.0
1.357269674701228,50.0
1.346469136460893,50.0
1.3345946052369084,50.0
1.3216543374047924,50.0
1.3076574498622038,50.0
1.2926139140016448,50.0
1.2765345489338893,50.0
1.2594310139669114,50.0
1.2413158003457907,50.0
1.2222022222597309,50.0
1.2021044071230054,50.0
1.18103728513729,50.0
1.1590165781435917,50.0
1.1360587877725012,50.0
1.112181182902284,50.0
1.087401786434842,50.0
1.0617393614003463,50.0
1.0352133964018115,50.0
1.0078440904116386,50.0
0.9796523369326253,50.0
0.9506597075366963,50.0
0.920888434794987,50.0
0.8903613946136821,50.0
0.8591020879903988,50.0
0.8271346222065935,50.0
0.7944836914719031,50.0
0.7611745570368301,50.0
0.727233026790854,50.0
0.6926854343632627,50.0
0.657558617744768,50.0
0.6218798974481308,50.0
0.5856770542267727,50.0
0.548978306370439,50.0
0.5118122865977055,50.0
0.47420801856520545,50.0
0.43619489301413605,50.0
0.397802643574636,50.0
0.3590613222492359,50.0
0.3200012745966554,50.0
0.2806531146377796,50.0
0.24104769950562815,50.0
0.20121610386162303,50.0
0.16118959410057582,50.0
0.12099960236705537,50.0
0.08067770040598904,50.0
0.04025557327053059,50.0
-0.00023500708962514993,50.0
-0.040762208336181105,50.0
-0.08129416432301262,50.0
-0.12179900172626579,50.0
-0.16224486670022564,50.0
-0.20259995153531263,50.0
-0.24283252129460442,50.0
-0.2829109404052543,50.0
-0.3228036991811237,50.0
-0.36247944025314444,50.0
-0.4019069848838651,50.0
-0.44105535914273425,50.0
-0.4798938199188726,50.0
-0.5183918807480937,50.0
-0.5565193374311906,50.0
-0.5942462934205779,50.0
-0.6315431849526879,50.0
-0.6683808059036187,50.0
-0.7047303323458646,50.0
-0.7405633467841223,50.0
-0.7758518620485543,50.0
-0.8105683448240837,50.0
-0.8446857387946616,50.0
-0.8781774873817942,50.0
-0.9110175560569576,50.0
-0.9431804542078759,50.0
-0.9746412565390958,50.0
-1.0053756239876392,50.0
-1.035359824135001,50.0
-1.0645707510971445,50.0
-1.0929859448746801,50.0
-1.1205836101458417,50.0
-1.1473426344854099,50.0
-1.1732426059932057,50.0
-1.1982638303163582,50.0
-1.2223873470500402,50.0
-1.2455949455019937,50.0
-1.2678691798066266,50.0
-1.2891933833752096,50.0
-1.3095516826691282,50.0
-1.3289290102839135,50.0
-1.347311117332244,50.0
-1.364684585114914,50.0
-1.381036836069242,50.0
-1.3963561439851906,50.0
-1.4106316434800088,50.0
-1.4238533387230001,50.0
-1.4360121114025914,50.0
-1.4470997279286673,50.0
-1.4571088458637151,50.0
-1.466033019577167,50.0
-1.4738667051178993,50.0
-1.4806052643006458,50.0
-1.4862449680027763,50.0
-1.490782998668596,50.0
-1.4942174520190643,50.0
-1.4965473379655432,50.0
-1.497772580726931,50.0
-1.4978940181502307,50.0
-1.496913400235371,50.0
-1.494833386865789,50.0
-1.491657544747045,50.0
-1.4873903435564149,50.0
-1.4820371513071873,50.0
-1.4756042289320581,50.0
-1.4680987240907701,50.0
-1.4595286642078076,50.0
-1.4499029487467254,50.0
-1.4392313407283197,50.0
-1.4275244575006076,50.0
-1.4147937607691836,50.0
-1.4010515458973143,50.0
-1.3863109304856662,50.0
-1.3705858422423471,50.0
-1.3538910061544671,50.0
-1.336241930973203,50.0
-1.317654895024834,50.0
-1.298146931360956,50.0
-1.2777358122615694,50.0
-1.2564400331054641,50.0
-1.2342787956227663,50.0
-1.2112719905451406,50.0
-1.1874401796697298,50.0
-1.1628045773533506,50.0
-1.1373870314540733,50.0
-1.1112100037377375,50.0
-1.0842965497675494,50.0
-1.0566702982952332,50.0
-1.0283554301728044,50.0
-0.9993766568043285,50.0
-0.9697591981576057,50.0
-0.9395287603559432,50.0
-0.9087115128706914,50.0
-0.8773340653355239,50.0
-0.8454234440037625,50.0
-0.813007067870418,50.0
-0.7801127244808705,50.0
-0.7467685454484243,50.0
-0.7130029817032001,50.0
-0.6788447784950844,50.0
-0.6443229501736665,50.0
-0.6094667547682895,50.0
-0.57430566839149,50.0
-0.5388693594892817,50.0
-0.5031876629618572,50.0
-0.467290554178364,50.0
-0.43120812290953187,50.0
-0.3949705472019445,50.0
-0.3586080672178439,50.0
-0.3221509590642938,50.0
-0.2856295086356134,50.0
-0.24907398549286763,50.0
-0.21251461680423708,50.0
-0.17598156136993454,50.0
-0.13950488375531786,50.0
-0.10311452855564351,50.0
-0.06684029481586118,50.0
-0.03071181062857692,50.0
0.005241492066755504,50.0
0.04099040246068353,50.0
0.07650595560401896,50.0
0.11175945686926197,50.0
0.14672250612110016,50.0
0.18136702157422974,50.0
0.21566526331710473,50.0
0.249589856480459,50.0
0.28311381402986846,50.0
0.31621055916195,50.0
0.3488539472842485,50.0
0.38101828755918693,50.0
0.4126783639929413,50.0
0.4438094560505199,50.0
0.4743873587788412,50.0
0.5043884024199923,50.0
0.5337894714974487,50.0
0.5625680233584593,50.0
0.5907021061564244,50.0
0.618170376257542,50.0
0.6449521150566225,50.0
0.6710272451875243,50.0
0.6963763461142569,50.0
0.720980669089376,50.0
0.7448221514669255,50.0
0.7678834303578149,50.0
0.7901478556161328,50.0
0.8115995021455489,50.0
0.8322231815156236,50.0
0.8520044528784997,50.0
0.8709296331771168,50.0
0.888985806636816,50.0
0.9061608335327792,50.0
0.9224433582266112,50.0
0.9378228164659226,50.0
0.9522894419415409,50.0
0.9658342720977079,50.0
0.978449153191307,50.0
0.9901267445968801,50.0
1.0008605223549267,50.0
1.0106447819617068,50.0
1.0194746403994905,50.0
1.0273460374068955,50.0
1.0342557359897182,50.0
1.0402013221733575,50.0
1.0451812039986783,50.0
1.0491946097638514,50.0
1.052241585515436,50.0
1.0543229917926962,50.0
1.0554404996298363,50.0
1.0555965858215477,50.0
1.0547945274579407,50.0
1.0530383957356508,50.0
1.0503330490526013,50.0
1.0466841253945187,50.0
1.042098034022037,50.0
1.0365819464678347,50.0
1.0301437868539334,50.0
1.022792221539896,50.0
1.014536648113287,50.0
1.0053871837344075,50.0
0.9953546528478744,50.0
0.9844505742742653,50.0
0.9726871476955276,50.0
0.9600772395485273,50.0
0.946634368341572,50.0
0.9323726894093488,50.0
0.9173069791221518,50.0
0.9014526185658452,50.0
0.8848255767094683,50.0
0.8674423930778695,50.0
0.8493201599471577,50.0
0.8304765040812593,50.0
0.8109295680282387,50.0
0.7906979909954818,50.0
0.76980088932311,50.0
0.7482578365755469,50.0
0.7260888432712241,50.0
0.7033143362710486,50.0
0.6799551378462285,50.0
0.6560324444466339,50.0
0.6315678051908231,50.0
0.6065831000994141,50.0
0.5811005180933865,50.0
0.5551425347793738,50.0
0.5287318900438933,50.0
0.5018915654789069,50.0
0.4746447616609394,50.0
0.4470148753063531,50.0
0.4190254763251968,50.0
0.3907002847963532,50.0
0.3620631478865838,50.0
0.3331380167361174,50.0
0.3039489233334448,50.0
0.27451995740196344,50.0
0.24487524332103705,50.0
0.21503891710392986,50.0
0.1850351034550335,50.0
0.15488789292868366,50.0
0.12462131921170017,50.0
0.09425933655157348,50.0
0.06382579735216065,50.0
0.0333444299584057,50.0
0.0028388166515437296,50.0
-0.027667628124246724,50.0
-0.058151679282785196,50.0
-0.08859032234388609,50.0
-0.11896077438821318,50.0
-0.1492405046990578,50.0
-0.17940725507145883,50.0
-0.20943905976944,50.0
-0.23931426511260134,50.0
-0.26901154867363897,50.0
-0.2985099380687762,50.0
-0.3277888293235487,50.0
-0.35682800479687726,50.0
-0.38560765064683106,50.0
-0.4141083738218331,50.0
-0.4423112185618032,50.0
-0.47019768239402854,50.0
-0.4977497316092736,50.0
-0.5249498162039716,50.0
-0.5517808842751486,50.0
-0.5782263958550796,50.0
-0.6042703361734624,50.0
-0.6298972283352579,50.0
-0.6550921454032127,50.0
-0.6798407218744892,50.0
-0.7041291645415765,50.0
-0.7279442627282251,50.0
-0.7512733978918449,50.0
-0.7741045525844196,50.0
-0.7964263187646712,50.0
-0.8182279054548702,50.0
-0.8394991457363568,50.0
-0.8602305030785176,50.0
-0.8804130769966454,50.0
-0.9000386080347902,50.0
-0.9190994820704061,50.0
-0.9375887339382828,50.0
-0.9555000503719383,50.0
-0.9728277722613585,50.0
-0.9895668962266508,50.0
-1.0057130755078676,50.0
-1.0212626201719601,50.0
-1.0362124966385025,50.0
-1.0505603265265362,50.0
-1.0643043848254972,50.0
-1.0774435973940006,50.0
-1.0899775377907923,50.0
-1.1019064234429063,50.0
-1.1132311111568,50.0
-1.1239530919787484,50.0
-1.1340744854115477,50.0
-1.1435980329952118,50.0
-1.1525270912598724,50.0
-1.160865624059887,50.0
-1.1686181942986167,50.0
-1.1757899550540163,50.0
-1.1823866401158014,50.0
-1.1884145539454407,50.0
-1.1938805610708785,50.0
-1.1987920749284333,50.0
-1.2031570461648071,50.0
-1.2069839504127158,50.0
-1.210281775554221,50.0
-1.213060008486147,50.0
-1.2153286214027528,50.0
-1.2170980576109487,50.0
-1.2183792168941443,50.0
-1.2191834404409434,50.0
-1.2195224953555694,50.0
-1.2194085587670938,50.0
-1.218854201555135,50.0
-1.217872371709813,50.0
-1.2164763773443699,50.0
-1.2146798693788883,50.0
-1.2124968239141685,50.0
-1.2099415243147922,50.0
-1.2070285430209282,50.0
-1.2037727231085198,50.0
-1.2001891596178214,50.0
-1.1962931806703292,50.0
-1.1921003283945442,50.0
-1.1876263396808664,50.0
-1.1828871267864525,50.0
-1.1778987578105555,50.0
-1.1726774370613482,50.0
-1.1672394853350465,50.0
-1.1616013201283761,50.0
-1.155779435805298,50.0
-1.1497903837391372,50.0
-1.14365075245096,50.0
-1.1373771477653805,50.0
-1.1309861730045334,50.0
-1.1244944092412004,50.0
-1.1179183956317937,50.0
-1.11127460984988,50.0
-1.1045794486406952,50.0
-1.0978492085171003,50.0
-1.0911000666170352,50.0
-1.0843480617425725,50.0
-1.077609075600211,50.0
-1.070898814262028,50.0
-1.0642327898668629,50.0
-1.0576263025806272,50.0
-1.0510944228342656,50.0
-1.0446519738578937,50.0
-1.0383135145290705,50.0
-1.032093322552869,50.0
-1.0260053779910914,50.0
-1.0200633471575367,50.0
-1.0142805668958528,50.0
-1.0086700292560322,50.0
-1.0032443665852262,50.0
-0.9980158370480767,50.0
-0.9929963105913353,50.0
-0.9881972553669346,50.0
-0.9836297246273513,50.0
-0.9793043441064462,50.0
-0.9752312998985386,50.0
-0.9714203268478588,50.0
-0.9678806974600247,50.0
-0.9646212113466177,50.0
-0.9616501852133692,50.0
-0.9589754434018409,50.0
-0.9566043089939529,50.0
-0.954543595488094,50.0
-0.9527995990549214,50.0
-0.9513780913803503,50.0
-0.9502843131026265,50.0
-0.949522967849728,50.0
-0.9490982168827208,50.0
-0.9490136743500359,50.0
-0.9492724031569991,50.0
-0.9498769114543028,50.0
-0.9508291497484699,50.0
-0.9521305086366461,50.0
-0.9537818171674807,50.0
-0.955783341829149,50.0
-0.9581347861649137,50.0
-0.960835291016016,50.0
-0.9638834353909186,50.0
-0.9672772379594389,50.0
-0.9710141591694784,50.0
-0.9750911039835388,50.0
-0.9795044252314806,50.0
-0.984249927575451,50.0
-0.9893228720820665,50.0
-0.9947179813966239,50.0
-1.000429445513099,50.0
-1.0064509281334557,50.0
-1.0127755736088808,50.0
-1.0193960144551486,50.0
-1.026304379433601,50.0
-1.0334923021887938,50.0
-1.040950930433031,50.0
-1.048670935667835,50.0
-1.056642523431379,50.0
-1.064855444060817,50.0
-1.0732990039575716,50.0
-1.0819620773433556,50.0
-1.09083311849403,50.0
-1.0999001744381216,50.0
-1.1091508981060223,50.0
-1.1185725619158842,50.0
-1.128152071781288,50.0
-1.1378759815257635,50.0
-1.1477305076885147,50.0
-1.157701544705519,50.0
-1.16777468044962,50.0
-1.1779352121130926,50.0
-1.1881681624154656,50.0
-1.1984582961195405,50.0
-1.208790136837719,50.0
-1.2191479841109176,50.0
-1.2295159307417225,50.0
-1.2398778803634645,50.0
-1.2502175652264202,50.0
-1.2605185641824022,50.0
-1.270764320848441,50.0
-1.2809381619305702,50.0
-1.2910233156880588,50.0
-1.301002930518752,50.0
-1.3108600936457224,50.0
-1.3205778498856127,50.0
-1.3301392204787474,50.0
-1.3395272219612977,50.0
-1.3487248850594027,50.0
-1.3577152735856013,50.0
-1.3664815033174533,50.0
-1.37500676083868,50.0
-1.3832743223228898,50.0
-1.391267572240264,50.0
-1.398970021967494,50.0
-1.4063653282815243,50.0
-1.4134373117176326,50.0
-1.420169974772724,50.0
-1.4265475199346687,50.0
-1.4325543675189398,50.0
-1.4381751732937986,50.0
-1.4433948458756993,50.0
-1.4481985638766792,50.0
-1.452571792785919,50.0
-1.4565003015677656,50.0
-1.459970178959042,50.0
-1.4629678494485385,50.0
-1.4654800889221815,50.0
-1.46749403995749,50.0
-1.4689972267514992,50.0
-1.469977569666593,50.0
-1.4704233993791906,50.0
-1.470323470616528,50.0
-1.4696669754673934,50.0
-1.4684435562529132,50.0
-1.4666433179441636,50.0
-1.4642568401136606,50.0
-1.4612751884084632,50.0
-1.4576899255329356,50.0
-1.4534931217299438,50.0
-1.448677364749544,50.0
-1.4432357692950109,50.0
-1.437161985936381,50.0
-1.430450209482415,50.0
-1.4230951868023034,50.0
-1.4150922240891783,50.0
-1.4064371935578648,50.0
-1.3971265395701553,50.0
-1.3871572841812105,50.0
-1.3765270321015362,50.0
-1.365233975069423,50.0
-1.3532768956294434,50.0
-1.3406551703131548,50.0
-1.3273687722188696,50.0
-1.3134182729878112,50.0
-1.2988048441748226,50.0
-1.283530258012219,50.0
-1.2675968875660932,50.0
-1.2510077062850546,50.0
-1.2337662869418948,50.0
-1.21587679996939,50.0
-1.1973440111920763,50.0
-1.178173278956337,50.0
-1.1583705506619553,50.0
-1.1379423586987354,50.0
-1.1168958157924362,50.0
-1.095238609764971,50.0
-1.0729789977143227,50.0
-1.05012579962018,50.0
-1.0266883913820928,50.0
-1.0026766972972319,50.0
-0.9781011819856991,50.0
-0.9529728417717023,50.0
-0.927303195529479,50.0
-0.9011042750035592,50.0
-0.8743886146133089,50.0
-0.8471692407522383,50.0
-0.8194596605932649,50.0
-0.7912738504113106,50.0
-0.7626262434354052,50.0
-0.7335317172427613,50.0
-0.7040055807077111,50.0
-0.6740635605190866,50.0
-0.6437217872797989,50.0
-0.6129967812028525,50.0
-0.581905437418591,50.0
-0.5504650109081952,50.0
-0.5186931010787756,50.0
-0.48660763599609314,50.0
-0.45422685629074394,50.0
-0.4215692987545533,50.0
-0.38865377964379494,50.0
-0.3554993777062828,50.0
-0.3221254169497666,50.0
-0.28855144916917225,50.0
-0.2547972362503501,50.0
-0.2208827322687018,50.0
-0.186828065400573,50.0
-0.15265351966598145,50.0
-0.11837951652129325,50.0
-0.0840265963204,50.0
-0.04961539966337919,50.0
-0.015166648651518622,50.0
0.019298871932448725,50.0
0.053760333499471624,50.0
0.08819688256591729,50.0
0.12258765968260021,50.0
0.156911818361975,50.0
0.19114854398437342,50.0
0.22527707266429542,50.0
0.25927671005752667,50.0
0.29312685009043604,50.0
0.32680699359219983,50.0
0.3602967668115647,50.0
0.39357593979938765,50.0
0.4266244446384406,50.0
0.45942239350230396,50.0
0.4919500965252403,50.0
0.5241880794650361,50.0
0.5561171011414228,50.0
0.5877181706322925,50.0
0.6189725642108932,50.0
0.649861842006985,50.0
0.6803678643753399,50.0
0.7104728079554161,50.0
0.7401591814062702,50.0
0.7694098408010407,50.0
0.798208004665905,50.0
0.8265372686485477,50.0
0.8543816198017693,50.0
0.8817254504682003,50.0
0.9085535717524077,50.0
0.934851226567293,50.0
0.9606041022420446,50.0
0.9857983426792828,50.0
1.0104205600496994,50.0
1.0344578460127714,50.0
1.0578977824528222,50.0
1.08072845171999,50.0
1.1029384463664547,50.0
1.1245168783684862,50.0
1.145453387825716,50.0
1.1657381511293208,50.0
1.1853618885915607,50.0
1.204315871529536,50.0
1.2225919287966587,50.0
1.2401824527558931,50.0
1.2570804046894029,50.0
1.2732793196398,50.0
1.2887733106788213,50.0
1.3035570725998047,50.0
1.3176258850309535,50.0
1.330975614967001,50.0
1.3436027187174178,50.0
1.3555042432699642,50.0
1.3666778270689888,50.0
1.3771217002084304,50.0
1.386834684040105,50.0
1.3958161901985173,50.0
1.4040662190439037,50.0
1.4115853575259494,50.0
1.4183747764711159,50.0
1.4244362272971387,50.0
1.4297720381588825,50.0
1.4343851095302167,50.0
1.4382789092272505,50.0
1.4414574668788005,50.0
1.4439253678505035,50.0
1.445687746629559,50.0
1.4467502796776666,50.0
1.4471191777601788,50.0
1.4468011777601506,50.0
1.4458035339863187,50.0
1.4441340089847245,50.0
1.441800863864085,50.0
1.43881284814555,50.0
1.4351791891479344,50.0
1.430909580920047,50.0
1.4260141727320899,50.0
1.4205035571386495,50.0
1.414388757626152,50.0
1.4076812158581171,50.0
1.4003927785319186,50.0
1.3925356838611815,50.0
1.3841225476982462,50.0
1.3751663493116117,50.0
1.365680416833456,50.0
1.3556784123928003,50.0
1.3451743169500883,50.0
1.3341824148493266,50.0
1.3227172781041212,50.0
1.3107937504343166,50.0
1.2984269310700407,50.0
1.2856321583403618,50.0
1.2724249930637794,50.0
1.2588212017581326,50.0
1.2448367396875355,50.0
1.2304877337642164,50.0
1.2157904653232245,50.0
1.2007613527880239,50.0
1.1854169342452034,50.0
1.1697738499465726,50.0
1.1538488247568615,50.0
1.1376586505655046,50.0
1.1212201686807561,50.0
1.1045502522246051,50.0
1.087665788546829,50.0
1.070583661676457,50.0
1.0533207348289575,50.0
1.0358938329874205,50.0
1.0183197255756329,50.0
1.0006151092412998,50.0
0.9827965907670599,50.0
0.9648806701271588,50.0
0.9468837237072877,50.0
0.9288219877049235,50.0
0.9107115417273808,50.0
0.8925682926045981,50.0
0.8744079584331833,50.0
0.8562460528684239,50.0
0.838097869680253,50.0
0.8199784675892197,50.0
0.8019026553980257,50.0
0.7838849774338773,50.0
0.7659396993166627,50.0
0.7480807940676062,50.0
0.7303219285724886,50.0
0.7126764504134766,50.0
0.695157375082945,50.0
0.6777773735923376,50.0
0.6605487604888194,50.0
0.6434834822918076,50.0
0.6265931063612531,50.0
0.6098888102089874,50.0
0.5933813712638867,50.0
0.5770811571013512,50.0
0.5609981161469131,50.0
0.5451417688633446,50.0
0.5295211994301825,50.0
0.5141450479240368,50.0
0.49902150300740733,50.0
0.48415829513348224,50.0
0.4695626902734999,50.0
0.4552414841730048,50.0
0.4412009971425997,50.0
0.4274470693882866,50.0
0.41398505688593934,50.0
0.4008198278038996,50.0
0.3879557594769911,50.0
0.3753967359348659,50.0
0.36314614598688083,50.0
0.3512068818650938,50.0
0.33958133842654825,50.0
0.3282714129152388,50.0
0.31727850528372775,50.0
0.3066035190736698,50.0
0.29624686285400204,50.0
0.2862084522149345,50.0
0.2764877123153576,50.0
0.2670835809805582,50.0
0.25799451234676163,50.0
0.2492184810482746,50.0
0.2407529869425601,50.0
0.2325950603679059,50.0
0.22474126792790006,50.0
0.2171877187962601,50.0
0.2099300715351825,50.0
0.20296354141962203,50.0
0.19628290825958428,50.0
0.18988252471189238,50.0
0.18375632507238948,50.0
0.1778978345390273,50.0
0.17230017893586513,50.0
0.16695609488737617,50.0
0.16185794043220614,50.0
0.15699770606481755,50.0
0.1523670261931871,50.0
0.1479571910002353,50.0
0.14375915869620615,50.0
0.1397635681488144,50.0
0.13596075187768253,50.0
0.13234074939895757,50.0
0.12889332090598193,50.0
0.125607961271187,50.0
0.12247391435425481,50.0
0.11948018760121748,50.0
0.11661556691881836,50.0
0.1138686318081652,50.0
0.11122777074154788,50.0
0.10868119676575816,50.0
0.10621696331538721,50.0
0.10382298021898584,50.0
0.10148702988097213,50.0
0.09919678362191953,50.0
0.0969398181597485,50.0
0.0947036322139434,50.0
0.0924756632152045,50.0
0.09024330410237036,50.0
0.08799392018865493,50.0
0.08571486607903023,50.0
0.0833935026205217,50.0
0.08101721386716132,50.0
0.07857342404137735,50.0
0.07604961447332931,50.0
0.0734333405001481,50.0
0.07071224830657652,50.0
0.06787409168896386,50.0
0.06490674872431418,50.0
0.06179823832640624,50.0
0.0585367366709435,50.0
0.05511059347195407,50.0
0.05150834809154975,50.0
0.04771874546570204,50.0
0.04373075182841474,50.0
0.03953357021726617,50.0
0.03511665574317341,50.0
0.030469730607706857,50.0
0.025582798851364663,50.0
0.020446160816607994,50.0
0.015050427309500236,50.0
0.009386533444460221,50.0
0.0034457521565477434,50.0
-0.0027802926336709666,50.0
-0.009299613217502861,50.0
-0.016119845672044414,50.0
-0.023248237824722073,50.0
-0.030691637621976575,50.0
-0.0384564819154907,50.0
-0.046548785678563465,50.0
-0.054974131665185916,50.0
-0.06373766052368171,50.0
-0.07284406137645674,50.0
-0.08229756287686549,50.0
-0.09210192475378709,50.0
-0.10226042985391554,50.0
-0.11277587669150563,50.0
-0.123650572514451,50.0
-0.13488632689540414,50.0
-0.14648444585590595,50.0
-0.15844572653108702,50.0
-0.17077045238177235,50.0
-0.18345838896060712,50.0
-0.19650878023783508,50.0
-0.20992034549221114,50.0
-0.2236912767716462,50.0
-0.23781923692781676,50.0
-0.25230135822825284,50.0
-0.2671342415489453,50.0
-0.28231395614982985,50.0
-0.2978360400350065,50.0
-0.3136955008988693,50.0
-0.32988681765881966,50.0
-0.3464039425745573,50.0
-0.3632403039534103,50.0
-0.3803888094405272,50.0
-0.3978418498921863,50.0
-0.4155913038298621,50.0
-0.43362854247210564,50.0
-0.4519444353407045,50.0
-0.47052935643699867,50.0
-0.4893731909836299,50.0
-0.5084653427264539,50.0
-0.5277947417907207,50.0
-0.5473498530851142,50.0
-0.5671186852466079,50.0
-0.5870888001186065,50.0
-0.6072473227542146,50.0
-0.6275809519360198,50.0
-0.6480759712031136,50.0
-0.6687182603756937,50.0
-0.6894933075669258,50.0
-0.7103862216713519,50.0
-0.7313817453185285,50.0
-0.7524642682801826,50.0
-0.7736178413185866,50.0
-0.7948261904635314,50.0
-0.8160727317046109,50.0
-0.8373405860853302,50.0
-0.8586125951848963,50.0
-0.8798713369732984,50.0
-0.9010991420247592,50.0
-0.9222781100743255,50.0
-0.9433901269019448,50.0
-0.9644168815280827,50.0
-0.9853398837044185,50.0
-1.0061404816830868,50.0
-1.0267998802473497,50.0
-1.0472991589864993,50.0
-1.0676192907973432,50.0
-1.0877411605944758,50.0
-1.1076455842112098,50.0
-1.1273133274729563,50.0
-1.1467251254242494,50.0
-1.1658617016910617,50.0
-1.1847037879591455,50.0
-1.2032321435495605,50.0
-1.221427575072052,50.0
-1.2392709561369877,50.0
-1.2567432471063882,50.0
-1.2738255148646125,50.0
-1.2904989525888722,50.0
-1.3067448995002655,50.0
-1.3225448605753254,50.0
-1.337880526198648,50.0
-1.3527337917367754,50.0
-1.3670867770137536,50.0
-1.380921845668737,50.0
-1.3942216243761956,50.0
-1.4069690219090634,50.0
-1.4191472480257874,50.0
-1.4307398321617923,50.0
-1.4417306419064135,50.0
-1.4521039012464048,50.0
-1.461844208557191,50.0
-1.4709365543233903,50.0
-1.47936633857034,50.0
-1.4871193879883546,50.0
-1.4941819727321395,50.0
-1.5005408228775723,50.0
-1.5061831445186882,50.0
-1.5110966354879134,50.0
-1.5152695006828283,50.0
-1.5186904669831658,50.0
-1.5213487977422002,50.0
-1.5232343068367282,50.0
-1.524337372260674,50.0
-1.5246489492473567,50.0
-1.5241605829061018,50.0
-1.5228644203592876,50.0
-1.5207532223662414,50.0
-1.5178203744209875,50.0
-1.5140598973113186,50.0
-1.50946645712701,50.0
-1.5040353747056696,50.0
-1.497762634505103,50.0
-1.49064489289169,50.0
-1.4826794858346863,50.0
-1.4738644359970174,50.0
-1.4641984592136248,50.0
-1.4536809703490245,50.0
-1.4423120885262422,50.0
-1.430092641719996,50.0
-1.4170241707073852,50.0
-1.4031089323702202,50.0
-1.3883499023434327,50.0
-1.372750777004828,50.0
-1.356315974801989,50.0
-1.3390506369127047,50.0
-1.3209606272360337,50.0
-1.3020525317116616,50.0
-1.282333656965803,50.0
-1.2618120282827041,50.0
-1.240496386901276,50.0
-1.2183961866370052,50.0
-1.1955215898301845,50.0
-1.1718834626217478,50.0
-1.1474933695590626,50.0
-1.1223635675343175,50.0
-1.0965069990589469,50.0
-1.0699372848782152,50.0
-1.042668715930629,50.0
-1.0147162446573832,50.0
-0.9860954756679939,50.0
-0.956822655768483,50.0
-0.9269146633594462,50.0
-0.8963889972117244,50.0
-0.8652637646280678,50.0
-0.8335576689998486,50.0
-0.8012899967684272,50.0
-0.7684806038011809,50.0
-0.7351499011931998,50.0
-0.7013188405057178,50.0
-0.6670088984533254,50.0
-0.6322420610522801,50.0
-0.5970408072428659,50.0
-0.5614280919993262,50.0
-0.525427328941376,50.0
-0.4890623724615972,50.0
-0.45235749938398273,50.0
-0.41533739016878524,50.0
-0.37802710967980624,50.0
-0.34045208753030093,50.0
-0.30263809802445324,50.0
-0.2646112397114163,50.0
-0.22639791456980696,50.0
-0.18802480684029166,50.0
-0.14951886152498883,50.0
-0.11090726257208955,50.0
-0.072217410764983,50.0
-0.033476901335068754,50.0
0.005286498681889129,50.0
0.044044873326135825,50.0
0.0827701808105406,50.0
0.12143427681323071,50.0
0.1600089379453805,50.0
0.1984658853733618,50.0
0.2367768085740405,50.0
0.2749133892021006,50.0
0.3128473250477981,50.0
0.3505503540638156,50.0
0.38799427843928763,50.0
0.42515098869949935,50.0
0.4619924878092339,50.0
0.4984909152580367,50.0
0.5346185711053424,50.0
0.5703479399637048,50.0
0.6056517148980284,50.0
0.640502821219151,50.0
0.6748744401496729,50.0
0.7087400323405322,50.0
0.7420733612164446,50.0
0.7748485161288302,50.0
0.8070399352945827,50.0
0.8386224284996726,50.0
0.8695711995461901,50.0
0.899861868422196,50.0
0.9294704931734004,50.0
0.9583735914564566,50.0
0.9865481617534305,50.0
1.0139717042276795,50.0
1.0406222412012784,50.0
1.0664783372348734,50.0
1.091519118790683,50.0
1.1157242934601512,50.0
1.1390741687378274,50.0
1.1615496703235793,50.0
1.1831323599355077,50.0
1.2038044526165579,50.0
1.2235488335179572,50.0
1.242349074143402,50.0
1.2601894480380085,50.0
1.277054945906852,50.0
1.2929312901481853,50.0
1.307804948787082,50.0
1.3216631487955617,50.0
1.334493888786152,50.0
1.346285951065938,50.0
1.3570289130391258,50.0
1.3667131579463891,50.0
1.3753298849300981,50.0
1.3828711184149647,50.0
1.389329716794355,50.0
1.3946993804129786,50.0
1.398974658837532,50.0
1.4021509574072542,50.0
1.4042245430571745,50.0
1.4051925494073658,50.0
1.4050529811122758,50.0
1.4038047174647725,50.0
1.4014475152503054,50.0
1.3979820108471532,50.0
1.393409721569503,50.0
1.387733046250761,50.0
1.3809552650651353,50.0
1.3730805385862705,50.0
1.3641139060824152,50.0
1.3540612830482321,50.0
1.3429294579741342,50.0
1.3307260883546794,50.0
1.317459695938189,50.0
1.3031396612206478,50.0
1.2877762171873846,50.0
1.271380442306869,50.0
1.2539642527816481,50.0
1.235540394062066,50.0
1.2161224316290924,50.0
1.1957247410533813,50.0
1.1743624973380522,50.0
1.1520516635537965,50.0
1.1288089787751185,50.0
1.104651945327413,50.0
1.0795988153552118,50.0
1.0536685767224792,50.0
1.0268809382564794,50.0
0.9992563143474249,50.0
0.970815808916581,50.0
0.9415811987661985,50.0
0.9115749163252671,50.0
0.8808200318053864,50.0
0.8493402347819861,50.0
0.8171598152163738,50.0
0.7843036439346944,50.0
0.7507971525804747,50.0
0.7166663130578558,50.0
0.6819376164829869,50.0
0.6466380516619035,50.0
0.6107950831130619,50.0
0.5744366286537531,50.0
0.5375910365696408,50.0
0.5002870623871424,50.0
0.4625538452688917,50.0
0.42442088405276013,50.0
0.3859180129551668,50.0
0.3470753769600889,50.0
0.30792340691507514,50.0
0.268492794356014,50.0
0.22881446608289657,50.0
0.18891955850863518,50.0
0.14883939180358652,50.0
0.1086054438585275,50.0
0.0682493240887812,50.0
0.027802747102909642,50.0
-0.012702493741094834,50.0
-0.05323455286869,50.0
-0.0937615590872406,50.0
-0.13425164222648978,50.0
-0.17467295979769537,50.0
-0.21499372364744285,50.0
-0.2551822265829089,50.0
-0.2952068689445342,50.0
-0.33503618510280686,50.0
-0.3746388698555102,50.0
-0.41398380470190693,50.0
-0.45304008397043966,50.0
-0.4917770407768972,50.0
-0.5301642727895606,50.0
-0.568171667778741,50.0
-0.6057694289275204,50.0
-0.6429280998813871,50.0
-0.6796185895142949,50.0
-0.7158121963889686,50.0
-0.7514806328895578,50.0
-0.7865960490052426,50.0
-0.8211310557432301,50.0
-0.8550587481504122,50.0
-0.8883527279229125,50.0
-0.9209871255833255,50.0
-0.9529366222058029,50.0
-0.98417647066945,50.0
-1.0146825164209283,50.0
-1.0444312177278332,50.0
-1.0733996654044258,50.0
-1.1015656019922189,50.0
-1.1289074403780779,50.0
-1.155404281833205,50.0
-1.181035933456727,50.0
-1.2057829250083927,50.0
-1.2296265251150136,50.0
-1.2525487568363949,50.0
-1.274532412576543,50.0
-1.2955610683269392,50.0
-1.3156190972290018,50.0
-1.3346916824436361,50.0
-1.352764829316302,50.0
-1.3698253768267463,50.0
-1.3858610083130842,50.0
-1.4008602614607362,50.0
-1.414812537547195,50.0
-1.4277081099344564,50.0
-1.4395381318015084,50.0
-1.4502946431100192,50.0
-1.4599705767970457,50.0
-1.4685597641893022,50.0
-1.4760569396342103,50.0
-1.4824577443436895,50.0
-1.48775872944737,50.0
-1.4919573582525896,50.0
-1.495052007709322,50.0
-1.4970419690788364,50.0
-1.4979274478057052,50.0
-1.4977095625933972,50.0
-1.4963903436845343,50.0
-1.4939727303475028,50.0
-1.4904605675719576,50.0
-1.4858586019763413,50.0
-1.4801724769314233,50.0
-1.4734087269043936,50.0
-1.4655747710289664,50.0
-1.4566789059074416,50.0
-1.4467302976515906,50.0
-1.435738973169702,50.0
-1.4237158107080912,50.0
-1.4106725296556724,50.0
-1.396621679621367,50.0
-1.3815766287942717,50.0
-1.3655515515975618,50.0
-1.34856141564752,50.0
-1.3306219680298765,50.0
-1.3117497209060227,50.0
-1.2919619364626755,50.0
-1.2712766112186973,50.0
-1.249712459703773,50.0
-1.2272888975239553,50.0
-1.2040260238297296,50.0
-1.1799446032028487,50.0
-1.1550660469786886,50.0
-1.1294123940212346,50.0
-1.1030062909686662,50.0
-1.0758709719675497,50.0
-1.0480302379144488,50.0
-1.0195084352240609,50.0
-0.9903304341434547,50.0
-0.9605216066323383,50.0
-0.9301078038298543,50.0
-0.8991153331283714,50.0
-0.8675709348757339,50.0
-0.8355017587270475,50.0
-0.802935339667983,50.0
-0.7698995737314844,50.0
-0.7364226934302822,50.0
-0.7025332429276228,50.0
-0.6682600529691995,50.0
-0.6336322155991008,50.0
-0.5986790586830113,50.0
-0.5634301202620712,50.0
-0.5279151227607042,50.0
-0.4921639470722822,50.0
-0.45620660654600714,50.0
-0.4200732208991003,50.0
-0.3837939900778972,50.0
-0.3473991680918979,50.0
-0.3109190368443761,50.0
-0.2743838799837397,50.0
-0.23782395679919582,50.0
-0.2012694761846526,50.0
-0.16475057069440074,50.0
-0.1282972707141967,50.0
-0.0919394787712906,50.0
-0.05570694400656101,50.0
-0.019629236831956,50.0
0.016264276203831474,50.0
0.051944457318704174,50.0
0.08738242214708608,50.0
0.12254956411418938,50.0
0.15741757851257004,50.0
0.19195848625946071,50.0
0.22614465731338285,50.0
0.25994883372926986,50.0
0.2933441523311863,50.0
0.32630416698254,50.0
0.35880287043388925,50.0
0.39081471572889714,50.0
0.42231463714941675,50.0
0.4532780706810844,50.0
0.48368097398140425,50.0
0.513499845832654,50.0
0.5427117450625396,50.0
0.5712943089159563,50.0
0.5992257708618759,50.0
0.6264849778197878,50.0
0.6530514067907572,50.0
0.6789051808787643,50.0
0.7040270846884857,50.0
0.7283985790864705,50.0
0.752001815313003,50.0
0.7748196484327889,50.0
0.796835650113188,50.0
0.8180341207193732,50.0
0.8384001007162977,50.0
0.8579193813683599,50.0
0.8765785147279384,50.0
0.894364822904927,50.0
0.911266406610013,50.0
0.9272721529650771,50.0
0.9423717425749154,50.0
0.9565556558550559,50.0
0.9698151786112775,50.0
0.9821424068670721,50.0
0.9935302509360913,50.0
1.003972438737156,50.0
1.0134635183505134,50.0
1.0219988598141958,50.0
1.029574656160631,50.0
1.036187923693959,50.0
1.0418365015094215,50.0
1.0465190502569304,50.0
1.0502350501515303,50.0
1.0529847982342186,50.0
1.0547694048874383,50.0
1.055590789610009,50.0
1.0554516760571777,50.0
1.054355586352111,50.0
1.0523068346757491,50.0
1.0493105201427206,50.0
1.0453725189717535,50.0
1.0404994759593644,50.0
1.0346987952667648,50.0
1.0279786305300767,50.0
1.020347874304932,50.0
1.011816146856934,50.0
1.0023937843101798,50.0
0.9920918261667218,50.0
0.9809220022101318,50.0
0.9688967188072539,50.0
0.9560290446226273,50.0
0.9423326957605342,50.0
0.9278220203502765,50.0
0.9125119825908491,50.0
0.896418146271367,50.0
0.879556657784517,50.0
0.8619442286504952,50.0
0.8435981175691958,50.0
0.8245361120194231,50.0
0.804776509423485,50.0
0.7843380978966987,50.0
0.7632401366012455,50.0
0.741502335724107,50.0
0.719144836099735,50.0
0.6961881884975067,50.0
0.6726533325952353,50.0
0.6485615756595693,50.0
0.6239345709547758,50.0
0.5987942959014178,50.0
0.5731630300068435,50.0
0.5470633325892325,50.0
0.5205180203176345,50.0
0.4935501445900452,50.0
0.46618296877201393,50.0
0.4384399453183566,50.0
0.41034469280030716,50.0
0.3819209728610271,50.0
0.3531926671219763,50.0
0.32418375406266453,50.0
0.29491828589683144,50.0
0.2654203654671432,50.0
0.2357141231814397,50.0
0.20582369401265577,50.0
0.17577319458496443,50.0
0.1455867003682555,50.0
0.11528822300326469,50.0
0.0849016877788571,50.0
0.054450911283692394,50.0
0.023959579253418295,50.0
-0.006548775365187387,50.0
-0.03705079411201262,50.0
-0.0675233144528462,50.0
-0.0979433909392744,50.0
-0.12828831606928393,50.0
-0.15853564082880756,50.0
-0.18866319489456762,50.0
-0.21864910647922653,50.0
-0.24847182180027216,50.0
-0.2781101241541269,50.0
-0.3075431525777704,50.0
-0.3367504200804533,50.0
-0.3657118314284347,50.0
-0.3944077004664742,50.0
-0.42281876695987386,50.0
-0.45092621294173435,50.0
-0.47871167855045166,50.0
-0.5061572773429549,50.0
-0.5332456110699779,50.0
-0.5599597838999208,50.0
-0.5862834160786254,50.0
-0.6122006570129884,50.0
-0.6376961977668048,50.0
-0.6627552829578859,50.0
-0.6873637220463278,50.0
-0.7115079000040345,50.0
-0.7351747873566373,50.0
-0.7583519495892679,50.0
-0.781027555908679,50.0
-0.8031903873543558,50.0
-0.8248298442525139,50.0
-0.8459359530070238,50.0
-0.86649937222237,50.0
-0.8865113981541761,50.0
-0.9059639694836845,50.0
-0.9248496714132094,50.0
-0.9431617390802086,50.0
-0.9608940602883929,50.0
-0.9780411775550262,50.0
-0.9945982894740758,50.0
-1.0105612513957916,50.0
-1.0259265754238647,50.0
-1.0406914297319885,50.0
-1.0548536372023163,50.0
-1.0684116733892577,50.0
-1.0813646638121597,50.0
-1.0937123805818387,50.0
-1.105455238365907,50.0
-1.1165942896989822,50.0
-1.127131219644233,50.0
-1.137068339813546,50.0
-1.1464085817541423,50.0
-1.1551554897101366,50.0
-1.1633132127680417,50.0
-1.1708864963961518,50.0
-1.177880673387862,50.0
-1.1843016542200258,50.0
-1.190155916837727,50.0
-1.195450495877573,50.0
-1.2001929713419992,50.0
-1.2043914567379708,50.0
-1.20805458669334,50.0
-1.211191504065487,50.0
-1.213811846556553,50.0
-1.2159257328506148,50.0
-1.2175437482883038,50.0
-1.2186769300949836,50.0
-1.219336752178954,50.0
-1.219535109516619,50.0
-1.2192843021417328,50.0
-1.218597018756724,50.0
-1.2174863199837693,50.0
-1.215965621274238,50.0
-1.2140486754950381,50.0
-1.2117495552109685,50.0
-1.2090826346821926,50.0
-1.2060625715966131,50.0
-1.2027042885565342,50.0
-1.1990229543400046,50.0
-1.1950339649567439,50.0
-1.1907529245191357,50.0
-1.1861956259487707,50.0
-1.1813780315392017,50.0
-1.176316253395704,50.0
-1.1710265337729096,50.0
-1.1655252253310948,50.0
-1.1598287713324262,50.0
-1.153953685797834,50.0
-1.147916533645752,50.0
-1.141733910833651,50.0
-1.1354224245233278,50.0
-1.1289986732908586,50.0
-1.12247922740216,50.0
-1.115880609174615,50.0
-1.1092192734457154,50.0
-1.1025115881689196,50.0
-1.0957738151571494,50.0
-1.0890220909940247,50.0
-1.0822724081327055,50.0
-1.0755405962021123,50.0
-1.068842303539909,50.0
-1.0621929789713362,50.0
-1.055607853853042,50.0
-1.0491019244002249,50.0
-1.042689934315496,50.0
-1.0363863577374088,50.0
-1.0302053825261035,50.0
-1.0241608939033844,50.0
-1.0182664584639947,50.0
-1.012535308574371,50.0
-1.0069803271750088,50.0
-1.001614033001872,50.0
-0.9964485662418185,50.0
-0.9914956746368307,50.0
-0.9867667000509361,50.0
-0.9822725655135895,50.0
-0.9780237627524909,50.0
-0.9740303402283735,50.0
-0.9703018916839223,50.0
-0.9668475452181112,50.0
-0.9636759528969495,50.0
-0.9607952809109384,50.0
-0.9582132002889724,50.0
-0.9559368781778577,50.0
-0.953972969695929,50.0
-0.952327610368749,50.0
-0.9510064091541995,50.0
-0.9500144420636569,50.0
-0.9493562463852157,50.0
-0.9490358155145827,50.0
-0.9490565943981663,50.0
-0.9494214755927655,50.0
-0.950132795945059,50.0
-0.95119233389399,50.0
-0.9526013073980258,50.0
-0.9543603724889448,50.0
-0.9564696224529048,50.0
-0.9589285876391238,50.0
-0.9617362358955691,50.0
-0.9648909736307357,50.0
-0.9683906474995625,50.0
-0.9722325467112122,50.0
-0.976413405955613,50.0
-0.9809294089450593,50.0
-0.9857761925664685,50.0
-0.9909488516395006,50.0
-0.9964419442746576,50.0
-1.0022494978254526,50.0
-1.0083650154274748,50.0
-1.014781483117214,50.0
-1.0214913775223513,50.0
-1.0284866741150454,50.0
-1.0357588560188469,50.0
-1.0432989233596341,50.0
-1.0510974031499878,50.0
-1.0591443596963854,50.0
-1.0674294055174736,50.0
-1.075941712761742,50.0
-1.0846700251119472,50.0
-1.0936026701633819,50.0
-1.1027275722625187,50.0
-1.1120322657921953,50.0
-1.1215039088887693,50.0
-1.1311292975767062,50.0
-1.1408948803050345,50.0
-1.1507867728703725,50.0
-1.1607907737101835,50.0
-1.1708923795500816,50.0
-1.181076801388233,50.0
-1.1913289807999572,50.0
-1.2016336065448912,50.0
-1.2119751314591558,50.0
-1.222337789614404,50.0
-1.2327056137255914,50.0
-1.243062452788834,50.0
-1.2533919899306785,50.0
-1.2636777604498122,50.0
-1.2739031700321157,50.0
-1.2840515131196812,50.0
-1.2941059914144655,50.0
-1.3040497324968063,50.0
-1.313865808539401,50.0
-1.3235372550967215,50.0
-1.3330470899502072,50.0
-1.3423783319892708,50.0
-1.3515140201082856,50.0
-1.3604372320996367,50.0
-1.369131103522926,50.0
-1.3775788465305574,50.0
-1.3857637686298219,50.0
-1.3936692913619577,50.0
-1.401278968878373,50.0
-1.4085765063946942,50.0
-1.415545778503287,50.0
-1.4221708473250214,50.0
-1.428435980481352,50.0
-1.434325668867837,50.0
-1.4398246442105587,50.0
-1.444917896387188,50.0
-1.4495906904944433,50.0
-1.4538285836442602,50.0
-1.4576174414711314,50.0
-1.4609434543334199,50.0
-1.4637931531917325,50.0
-1.4661534251478932,50.0
-1.4680115286282795,50.0
-1.4693551081958494,50.0
-1.4701722089753408,50.0
-1.4704512906767637,50.0
-1.4701812412025796,50.0
-1.469351389824531,50.0
-1.4679515199163902,50.0
-1.4659718812294793,50.0
-1.463403201698247,50.0
-1.4602366987637807,50.0
-1.4564640902033856,50.0
-1.4520776044552164,50.0
-1.4470699904272302,50.0
-1.4414345267803848,50.0
-1.4351650306764756,50.0
-1.4282558659816986,50.0
-1.4207019509174141,50.0
-1.4124987651503473,50.0
-1.4036423563149176,50.0
-1.3941293459609991,50.0
-1.3839569349211067,50.0
-1.3731229080914695,50.0
-1.3616256386221695,50.0
-1.3494640915120717,50.0
-1.3366378266049472,50.0
-1.3231470009837434,50.0
-1.3089923707606756,50.0
-1.2941752922612524,50.0
-1.2786977226012792,50.0
-1.262562219656206,50.0
-1.2457719414229516,50.0
-1.2283306447750268,50.0
-1.2102426836122595,50.0
-1.191513006407105,50.0
-1.1721471531502816,50.0
-1.1521512516987955,50.0
-1.1315320135303364,50.0
-1.110296728908496,50.0
-1.0884532614637235,50.0
-1.0660100421958985,50.0
-1.0429760629046518,50.0
-1.0193608690542337,50.0
-0.9951745520805155,50.0
-0.9704277411478568,50.0
-0.9451315943646681,50.0
-0.9192977894665704,50.0
-0.8929385139768382,50.0
-0.8660664548543646,50.0
-0.8386947876397959,50.0
-0.810837165110927,50.0
-0.7825077054593395,50.0
-0.753720980000139,50.0
-0.7244920004276807,50.0
-0.6948362056303397,50.0
-0.6647694480777271,50.0
-0.6343079797946003,50.0
-0.6034684379357336,50.0
-0.5722678299764463,50.0
-0.5407235185342503,50.0
-0.5088532058368201,50.0
-0.4766749178525419,50.0
-0.4442069880996356,50.0
-0.4114680411504872,50.0
-0.3784769758481036,50.0
-0.34525294825180475,50.0
-0.3118153543293968,50.0
-0.27818381241385604,50.0
-0.2443781454419992,50.0
-0.21041836299351668,50.0
-0.17632464314858054,50.0
-0.14211731418232254,50.0
-0.10781683611508092,50.0
-0.07344378213701708,50.0
-0.039018819925840276,50.0
-0.0045626928768284225,50.0
0.029903798735927856,50.0
0.06435981664808266,50.0
0.09878450352404367,50.0
0.13315700188752222,50.0
0.16745647304426448,50.0
0.20166211597803008,50.0
0.23575318620079333,50.0
0.26970901453780266,50.0
0.3035090258291028,50.0
0.33713275752816296,50.0
0.37055987817938923,50.0
0.40377020575550837,50.0
0.4367437258368703,50.0
0.4694606096139925,50.0
0.5019012316956419,50.0
0.5340461877045722,50.0
0.5658763116431406,50.0
0.5973726930117025,50.0
0.6285166936627009,50.0
0.6592899643734557,50.0
0.6896744611213591,50.0
0.7196524610453527,50.0
0.7492065780776864,50.0
0.778319778230633,50.0
0.80697539452304,50.0
0.8351571415318364,50.0
0.8628491295544595,50.0
0.8900358783679382,50.0
0.9167023305715197,50.0
0.9428338644994131,50.0
0.968416306691323,50.0
0.9934359439085749,50.0
1.017879534684064,50.0
1.0417343203949518,50.0
1.0649880358475503,50.0
1.087628919363957,50.0
1.109645722361003,50.0
1.1310277184124202,50.0
1.1517647117854901,50.0
1.171847045444314,50.0
1.1912656085121476,50.0
1.2100118431858569,50.0
1.2280777510962837,50.0
1.2454558991085785,50.0
1.2621394245574433,50.0
1.2781220399126456,50.0
1.2933980368707332,50.0
1.3079622898696086,50.0
1.3218102590230563,50.0
1.33493799247303,50.0
1.3473421281581075,50.0
1.3590198949969838,50.0
1.369969113486628,50.0
1.3801881957153306,50.0
1.3896761447912587,50.0
1.398432553688078,50.0
1.4064576035094392,50.0
1.4137520611750136,50.0
1.4203172765311605,50.0
1.4261551788899753,50.0
1.4312682730010846,50.0
1.4356596344610575,50.0
1.4393329045658987,50.0
1.4422922846126838,50.0
1.4445425296569536,50.0
1.4460889417330083,50.0
1.446937362544766,50.0
1.4470941656355116,50.0
1.4465662480452033,50.0
1.4453610214647314,50.0
1.4434864028967413,50.0
1.440950804833604,50.0
1.4377631249629388,50.0
1.4339327354123135,50.0
1.4294694715445746,50.0
1.4243836203160554,50.0
1.4186859082103473,50.0
1.4123874887605559,50.0
1.4054999296735469,50.0
1.3980351995699625,50.0
1.3900056543543426,50.0
1.3814240232298542,50.0
1.3723033943725231,50.0
1.3626572002804114,50.0
1.352499202813194,50.0
1.3418434779381412,50.0
1.3307044001985298,50.0
1.3190966269212987,50.0
1.3070350821801573,50.0
1.2945349405316464,50.0
1.2816116105409223,50.0
1.2682807181147864,50.0
1.254558089659581,50.0
1.2404597350816018,50.0
1.2260018306478775,50.0
1.2112007017253243,50.0
1.1960728054165066,50.0
1.1806347131100587,50.0
1.1649030929640252,50.0
1.1488946923406007,50.0
1.1326263202105098,50.0
1.1161148295454484,50.0
1.0993770997168442,50.0
1.0824300189195482,50.0
1.0652904666384875,50.0
1.0479752961766713,50.0
1.030501317262731,50.0
1.012885278755967,50.0
0.9951438514669878,50.0
0.977293611111714,50.0
0.959351021416355,50.0
0.9413324173909043,50.0
0.9232539887885634,50.0
0.9051317637680881,50.0
0.8869815927758358,50.0
0.8688191326645189,50.0
0.8506598310646241,50.0
0.8325189110248853,50.0
0.8144113559375417,50.0
0.7963518947638946,50.0
0.778354987575355,50.0
0.7604348114248054,50.0
0.7426052465629103,50.0
0.7248798630132316,50.0
0.707271907520203,50.0
0.6897942908831538,50.0
0.6724595756893043,50.0
0.6552799644582806,50.0
0.6382672882103286,50.0
0.6214329954697206,50.0
0.6047881417145644,50.0
0.5883433792838135,50.0
0.5721089477515591,50.0
0.556094664778437,50.0
0.5403099174493404,50.0
0.5247636541061591,50.0
0.5094643766837399,50.0
0.49442013355671766,50.0
0.47963851290441617,50.0
0.4651266366002968,50.0
0.45089115463210017,50.0
0.43693824005810555,50.0
0.4232735845044878,50.0
0.4099023942079684,50.0
0.3968293866077857,50.0
0.3840587874900304,50.0
0.37159432868696063,50.0
0.3594392463335027,50.0
0.34759627968223583,50.0
0.3360676704778574,50.0
0.3248551628913926,50.0
0.3139600040138741,50.0
0.3033829449086375,50.0
0.29312424222073746,50.0
0.2831836603414997,50.0
0.27356047412561946,50.0
0.26425347215752515,50.0
0.25526096056334,50.0
0.24658076736410817,50.0
0.23821024736528185,50.0
0.23014628757715005,50.0
0.2223853131601602,50.0
0.2149232938884701,50.0
0.20775575112481603,50.0
0.20087776529890045,50.0
0.19428398388122015,50.0
0.18796862984363838,50.0
0.18192551059751283,50.0
0.1761480273997228,50.0
0.1706291852163393,50.0
0.16536160303331304,50.0
0.16033752460320172,50.0
0.15554882961605676,50.0
0.15098704528269302,50.0
0.14664335831780984,50.0
0.14250862731000935,50.0
0.13857339546548775,50.0
0.13482790371175102,50.0
0.131262104147152,50.0
0.12786567382197744,50.0
0.12462802883621804,50.0
0.12153833873887054,50.0
0.11858554121342613,50.0
0.11575835703370985,50.0
0.11304530527414747,50.0
0.11043471875796218,50.0
0.1079147597269473,50.0
0.10547343571594192,50.0
0.10309861561485256,50.0
0.10077804590117201,50.0
0.09849936702552498,50.0
0.09625012993255788,50.0
0.09401781269954035,50.0
0.09178983727477852,50.0
0.08955358629778476,50.0
0.08729641998316662,50.0
0.08500569305016281,50.0
0.08266877167928421,50.0
0.08027305047821542,50.0
0.07780596943827767,50.0
0.0752550308634799,50.0
0.07260781625357521,50.0
0.06985200312309398,50.0
0.06697538173809081,50.0
0.06396587175231444,50.0
0.060811538724950986,50.0
0.057500610501934724,50.0
0.054021493442902524,50.0
0.050362788476253806,50.0
0.04651330696470918,50.0
0.042462086364060236,50.0
0.03819840565791016,50.0
0.033711800551625815,50.0
0.028992078408546007,50.0
0.024029332912257784,50.0
0.01881395843852618,50.0
0.013336664121171515,50.0
0.007588487596074778,50.0
0.0015608084081810691,50.0
-0.004754638933511912,50.0
-0.011365752267719714,50.0
-0.018280049473494847,50.0
-0.025504656557652938,50.0
-0.033046296150591264,50.0
-0.040911276423509974,50.0
-0.049105480439661175,50.0
-0.05763435595208419,50.0
-0.0665029056594783,50.0
-0.07571567793153305,50.0
-0.08527675801481824,50.0
-0.09518975972940294,50.0
-0.10545781766637041,50.0
-0.11608357989537704,50.0
-0.12706920119148546,50.0
-0.1384163367894509,50.0
-0.15012613667332214,50.0
-0.16219924040895928,50.0
-0.17463577252589962,50.0
-0.18743533845510435,50.0
-0.20059702102804253,50.0
-0.21411937754250432,50.0
-0.22800043739937165,50.0
-0.24223770031457365,50.0
-0.25682813510954644,50.0
-0.271768179082891,50.0
-0.28705373796567824,50.0
-0.30268018646176564,50.0
-0.31864236937447066,50.0
-0.3349346033197148,50.0
-0.35155067902575693,50.0
-0.36848386421865026,50.0
-0.38572690709199753,50.0
-0.40327204035933184,50.0
-0.42111098588623236,50.0
-0.4392349598993693,50.0
-0.4576346787685031,50.0
-0.47630036535736,50.0
-0.4952217559383153,50.0
-0.5143881076654667,50.0
-0.5337882066001675,50.0
-0.5534103762821747,50.0
-0.5732424868394945,50.0
-0.5932719646288869,50.0
-0.6134858023991296,50.0
-0.633870569967811,50.0
-0.6544124254025158,50.0
-0.6750971266965043,50.0
-0.6959100439283147,50.0
-0.7168361718946241,50.0
-0.7378601432046226,50.0
-0.758966241824321,50.0
-0.780138417058135,50.0
-0.8013602979550745,50.0
-0.8226152081261768,50.0
-0.8438861809593385,50.0
-0.8651559752176146,50.0
-0.8864070910060983,50.0
-0.9076217860926661,50.0
-0.9287820925669031,50.0
-0.9498698338218795,50.0
-0.9708666418422687,50.0
-0.9917539747825166,50.0
-1.012513134818379,50.0
-1.0331252862546023,50.0
-1.053571473871399,50.0
-1.0738326414920938,50.0
-1.0938896507540312,50.0
-1.1137233000645,50.0
-1.1333143437233433,50.0
-1.1526435111937137,50.0
-1.1716915265019763,50.0
-1.1904391277481097,50.0
-1.208867086707172,50.0
-1.2269562285028184,50.0
-1.2446874513332458,50.0
-1.262041746230449,50.0
-1.2790002168329229,50.0
-1.2955440991522449,50.0
-1.3116547813140622,50.0
-1.3273138232536572,50.0
-1.3425029763463734,50.0
-1.357204202953358,50.0
-1.371399695862939,50.0
-1.3850718976080159,50.0
-1.3982035196399567,50.0
-1.4107775613397333,50.0
-1.4227773288466778,50.0
-1.4341864536860922,50.0
-1.4449889111763081,50.0
-1.4551690385965967,50.0
-1.464711553096996,50.0
-1.4736015693319624,50.0
-1.4818246167992268,50.0
-1.4893666568659616,50.0
-1.496214099464631,50.0
-1.502353819440955,50.0
-1.5077731725366759,50.0
-1.5124600109905342,50.0
-1.5164026987406585,50.0
-1.5195901262123135,50.0
-1.5220117246750453,50.0
-1.523657480153934,50.0
-1.5245179468796333,50.0
-1.5245842602627884,50.0
-1.523848149378373,50.0
-1.522301948946279,50.0
-1.5199386107946196,50.0
-1.5167517147931495,50.0
-1.5127354792440493,50.0
-1.5078847707182934,50.0
-1.5021951133262488,50.0
-1.49566269741144,50.0
-1.4882843876571257,50.0
-1.4800577305959624,50.0
-1.4709809615132472,50.0
-1.4610530107350805,50.0
-1.4502735092933687,50.0
-1.438642793959831,50.0
-1.4261619116422106,50.0
-1.4128326231360422,50.0
-1.3986574062263513,50.0
-1.3836394581338876,50.0
-1.3677826973013163,50.0
-1.35109176451542,50.0
-1.3335720233618837,50.0
-1.3152295600098358,50.0
-1.296071182324165,50.0
-1.2761044183040466,50.0
-1.2553375138467087,50.0
-1.2337794298365066,50.0
-1.211439838559364,50.0
-1.1883291194439205,50.0
-1.1644583541310007,50.0
-1.1398393208736406,50.0
-1.1144844882708462,50.0
-1.0884070083385353,50.0
-1.0616207089219474,50.0
-1.0341400854545033,50.0
-1.0059802920685008,50.0
-0.9771571320638626,50.0
-0.9476870477416776,50.0
-0.9175871096098557,50.0
-0.886875004968953,50.0
-0.8555690258867956,50.0
-0.8236880565708435,50.0
-0.7912515601484038,50.0
-0.7582795648647999,50.0
-0.7247926497104471,50.0
-0.6908119294884675,50.0
-0.6563590393346507,50.0
-0.6214561187026045,50.0
-0.586125794826999,50.0
-0.550391165678539,50.0
-0.5142757824249977,50.0
-0.47780363141276616,50.0
-0.4409991156841031,50.0
-0.40388703604558107,50.0
-0.36649257170410227,50.0
-0.328841260486365,50.0
-0.29095897865944487,50.0
-0.2528719203691295,50.0
-0.21460657671422795,50.0
-0.17618971447471515,50.0
-0.13764835451219326,50.0
-0.09900974986161232,50.0
-0.060301363533217356,50.0
-0.02155084604444546,50.0
0.017213987298799582,50.0
0.055965179351101346,50.0
0.09467465428680155,50.0
0.1333142409486215,50.0
0.1718556963652088,50.0
0.2102707294165953,50.0
0.24853102462605736,50.0
0.2866082660577721,50.0
0.32447416129795353,50.0
0.3621004654986303,50.0
0.39945900546186236,50.0
0.43652170374291843,50.0
0.4732606027503047,50.0
0.5096478888211042,50.0
0.5456559162494012,50.0
0.581257231245908,50.0
0.6164245958071151,50.0
0.651131011471781,50.0
0.6853497429432917,50.0
0.7190543415557553,50.0
0.7522186685625387,50.0
0.7848169182256455,50.0
0.8168236406842292,50.0
0.8482137645816781,50.0
0.8789626194294409,50.0
0.9090459576873985,50.0
0.9384399765397464,50.0
0.967121339346149,50.0
0.9950671967479678,50.0
1.0222552074098477,50.0
1.048663558376823,50.0
1.0742709850278713,50.0
1.0990567906070114,50.0
1.123000865313211,50.0
1.1460837049310713,50.0
1.1682864289843284,50.0
1.1895907983947551,50.0
1.2099792326296004,50.0
1.2294348263207984,50.0
1.247941365339953,50.0
1.2654833423134098,50.0
1.2820459715622543,50.0
1.297615203452546,50.0
1.3121777381416084,50.0
1.3257210387067695,50.0
1.3382333436435028,50.0
1.3497036787202643,50.0
1.360121868178183,50.0
1.3694785452641542,50.0
1.377765162086515,50.0
1.38497399878303,50.0
1.391098171991686,50.0
1.396131642615161,50.0
1.400069222870718,50.0
1.4029065826177178,50.0
1.4046402549556989,50.0
1.405267641086576,50.0
1.4047870144351693,50.0
1.4031975240230128,50.0
1.4004991970908913,50.0
1.396692940966468,50.0
1.391780544173825,50.0
1.3857646767825524,50.0
1.378648889994702,50.0
1.3704376149685165,50.0
1.3611361608786696,50.0
1.3507507122133795,50.0
1.3392883253093584,50.0
1.3267569241264967,50.0
1.3131652952646338,50.0
1.29852308222554,50.0
1.282840778924002,50.0
1.266129722452538,50.0
1.2484020851047712,50.0
1.2296708656636284,50.0
1.209949879960648,50.0
1.1892537507138103,50.0
1.1675978966516785,50.0
1.1449985209324167,50.0
1.1214725988669878,50.0
1.0970378649562018,50.0
1.07171279925224,50.0
1.0455166130557467,50.0
1.0184692339601407,50.0
0.9905912902555226,50.0
0.9619040947051887,50.0
0.9324296277080995,50.0
0.9021905198615484,50.0
0.8712100339386992,50.0
0.8395120462959382,50.0
0.8071210277261477,50.0
0.7740620237738853,50.0
0.740360634529379,50.0
0.706042993918523,50.0
0.671135748506611,50.0
0.6356660358341502,50.0
0.5996614623031545,50.0
0.5631500806331827,50.0
0.5261603669065941,50.0
0.48872119722278706,50.0
0.45086182398173685,50.0
0.4126118518175507,50.0
0.37400121320274554,50.0
0.33506014374481646,50.0
0.29581915719652246,50.0
0.25630902020158186,50.0
0.2165607267982676,50.0
0.17660547270296173,50.0
0.1364746293964022,50.0
0.09619971803524752,50.0
0.05581238321220927,50.0
0.01534436658753413,50.0
-0.025172519584672592,50.0
-0.06570641901200353,50.0
-0.10622545797760746,50.0
-0.14669777198896322,50.0
-0.18709153243789345,50.0
-0.22737497324807487,50.0
-0.2675164174866807,50.0
-0.30748430391620085,50.0
-0.34724721346307175,50.0
-0.3867738955795786,50.0
-0.42603329447547184,50.0
-0.46499457519597315,50.0
-0.5036271495229534,50.0
-0.5419007016762876,50.0
-0.5797852137921986,50.0
-0.6172509911561492,50.0
-0.6542686871675899,50.0
-0.6908093280142649,50.0
-0.726844337033976,50.0
-0.7623455587422503,50.0
-0.7972852825039963,50.0
-0.8316362658284262,50.0
-0.8653717572660828,50.0
-0.8984655188874623,50.0
-0.9308918483232402,50.0
-0.9626256003462814,50.0
-0.9936422079760518,50.0
-1.0239177030864939,50.0
-1.0534287364989239,50.0
-1.0821525975419655,50.0
-1.1100672330608115,50.0
-1.1371512658588854,50.0
-1.1633840125553832,50.0
-1.1887455008425194,50.0
-1.213216486127049,50.0
-1.2367784675412645,50.0
-1.2594137033088153,50.0
-1.2811052254518707,50.0
-1.301836853826248,50.0
-1.321593209471891,50.0
-1.3403597272668744,50.0
-1.3581226678735212,50.0
-1.3748691289658814,50.0
-1.390587055728646,50.0
-1.4052652506179828,50.0
-1.418893382375709,50.0
-1.4314619942886357,50.0
-1.4429625116858116,50.0
-1.4533872486670325,50.0
-1.462729414056552,50.0
-1.4709831165768286,50.0
-1.4781433692377774,50.0
-1.4842060929375722,50.0
-1.4891681192720847,50.0
-1.493027192550391,50.0
-1.4957819710147757,50.0
-1.4974320272643062,50.0
-1.4979778478816939,50.0
-1.497420832264051,50.0
-1.4957632906587208,50.0
-1.493008441406162,50.0
-1.4891604073926414,50.0
-1.4842242117160696,50.0
-1.4782057725691773,50.0
-1.4711118973448578,50.0
-1.4629502759692852,50.0
-1.4537294734690045,50.0
-1.4434589217790386,50.0
-1.432148910799644,50.0
-1.419810578710102,50.0
-1.406455901548499,50.0
-1.3920976820673192,50.0
-1.3767495378751542,50.0
-1.3604258888755103,50.0
-1.3431419440144914,50.0
-1.3249136873495326,50.0
-1.3057578634521625,50.0
-1.2856919621583682,50.0
-1.2647342026805675,50.0
-1.242903517095955,50.0
-1.2202195332265617,50.0
-1.1967025569267133,50.0
-1.1723735537943778,50.0
-1.1472541303232016,50.0
-1.121366514512753,50.0
-1.094733535954768,50.0
-1.067378605413722,50.0
-1.0393256939207474,50.0
-1.0105993114000147,50.0
-0.9812244848472655,50.0
-0.9512267360806614,50.0
-0.9206320590844814,50.0
-0.8894668969662631,50.0
-0.8577581185489711,50.0
-0.8255329946193779,50.0
-0.7928191738546282,50.0
-0.7596446584491702,50.0
-0.7260377794642607,50.0
-0.6920271719228407,50.0
-0.6576417496724614,50.0
-0.6229106800395512,50.0
-0.5878633582979335,50.0
-0.5525293819753155,50.0
-0.5169385250209427,50.0
-0.48112071185838545,50.0
-0.4451059913469056,50.0
-0.408924510675341,50.0
-0.372606489212417,50.0
-0.33618219233706176,50.0
-0.29968190527300553,50.0
-0.26313590695117006,50.0
-0.22657444392380569,50.0
-0.19002770435405977,50.0
-0.15352579210480655,50.0
-0.11709870094987707,50.0
-0.0807762889314747,50.0
-0.04458825288697155,50.0
-0.008564103167894355,50.0
0.027266861425656874,50.0
0.06287557847285552,50.0
0.09823324649953147,50.0
0.13331134926317173,50.0
0.16808167973359162,50.0
0.20251636374760867,50.0
0.23658788331676595,50.0
0.270269099566852,50.0
0.3035332752889674,50.0
0.33635409708186104,50.0
0.3687056970658953,50.0
0.4005626741490368,50.0
0.43190011482652013,50.0
0.4626936134952184,50.0
0.49291929226501907,50.0
0.5225538202498314,50.0
0.5515744323210198,50.0
0.5799589473071154,50.0
0.6076857856236815,50.0
0.6347339863181263,50.0
0.6610832235146831,50.0
0.6867138222453189,50.0
0.7116067736529892,50.0
0.7357437495543626,50.0
0.7591071163494639,50.0
0.7816799482666292,50.0
0.8034460399317176,50.0
0.8243899182508854,50.0
0.8444968535975674,50.0
0.8637528702941368,50.0
0.8821447563800241,50.0
0.8996600726585791,50.0
0.9162871610154664,50.0
0.9320151520023959,50.0
0.9468339716804725,50.0
0.9607343477181803,50.0
0.9737078147398954,50.0
0.9857467189213125,50.0
0.9968442218290023,50.0
1.0069943035021767,50.0
1.016191764775115,50.0
1.0244322288397478,50.0
1.0317121420485695,50.0
1.0380287739585334,50.0
1.0433802166176556,50.0
1.0477653830965181,50.0
1.0511840052676529,50.0
1.0536366308366012,50.0
1.0551246196289172,50.0
1.0556501391383974,50.0
1.0552161593422675,50.0
1.0538264467897995,50.0
1.051485557971705,50.0
1.0481988319780284,50.0
1.0439723824531453,50.0
1.038813088857167,50.0
1.0327285870434602,50.0
1.0257272591628233,50.0
1.0178182229056048,50.0
1.0090113200933195,50.0
0.9993171046322165,50.0
0.9887468298417499,50.0
0.9773124351714922,50.0
0.9650265323206325,50.0
0.9519023907745797,50.0
0.9379539227740917,50.0
0.9231956677324371,50.0
0.9076427761169462,50.0
0.8913109928116886,50.0
0.8742166399783574,50.0
0.8563765994330873,50.0
0.8378082945574191,50.0
0.8185296717616245,50.0
0.7985591815195946,50.0
0.7779157589944479,50.0
0.7566188042746643,50.0
0.7346881622404955,50.0
0.7121441020812487,50.0
0.6890072964839671,50.0
0.6652988005144846,50.0
0.6410400302119617,50.0
0.6162527409183672,50.0
0.5909590053646844,50.0
0.5651811915354301,50.0
0.5389419403338425,50.0
0.5122641430696053,50.0
0.4851709187916369,50.0
0.4576855914884046,50.0
0.42983166717804344,50.0
0.4016328109111018,50.0
0.3731128237084613,50.0
0.3442956194572103,50.0
0.3152052017867788,50.0
0.285865640948478,50.0
0.2563010507205328,50.0
0.2265355653615777,50.0
0.19659331663472468,50.0
0.16649841092462614,50.0
0.13627490646991158,50.0
0.10594679073265056,50.0
0.07553795792717644,50.0
0.0450721867294801,50.0
0.014573118188963785,50.0
-0.015935766136392804,50.0
-0.046431165800448704,50.0
-0.07688998282440385,50.0
-0.10728934276674695,50.0
-0.13760661548768338,50.0
-0.16781943558862078,50.0
-0.19790572250687755,50.0
-0.22784370024716882,50.0
-0.25761191673080475,50.0
-0.28718926274481194,50.0
-0.31655499047316266,50.0
-0.34568873159268204,50.0
-0.3745705149169998,50.0
-0.4031807835721684,50.0
-0.43150041168816444,50.0
-0.45951072059078985,50.0
-0.4871934944793972,50.0
-0.5145309955760187,50.0
-0.5415059787324182,50.0
-0.5681017054817126,50.0
-0.5943019575220592,50.0
-0.6200910496206832,50.0
-0.6454538419266134,50.0
-0.670375751681536,50.0
-0.6948427643186778,50.0
-0.7188414439401111,50.0
-0.7423589431638922,50.0
-0.7653830123325019,50.0
-0.7879020080753955,50.0
-0.8099049012185653,50.0
-0.8313812840351584,50.0
-0.8523213768312912,50.0
-0.8727160338625823,50.0
-0.8925567485770372,50.0
-0.9118356581808297,50.0
-0.9305455475243969,50.0
-0.948679852306423,50.0
-0.9662326615946555,50.0
-0.9831987196626636,50.0
-0.9995734271426063,50.0
-1.0153528414946806,50.0
-1.0305336767945603,50.0
-1.0451133028411383,50.0
-1.0590897435869089,50.0
-1.07246167489486,50.0
-1.0852284216256627,50.0
-1.0973899540602126,50.0
-1.1089468836626253,50.0
-1.1199004581902074,50.0
-1.1302525561568342,50.0
-1.1400056806572914,50.0
-1.1491629525606788,50.0
-1.1577281030813604,50.0
-1.1657054657369699,50.0
-1.1730999677031837,50.0
-1.1799171205759493,50.0
-1.1861630105520609,50.0
-1.191844288039825,50.0
-1.1969681567121733,50.0
-1.201542362014627,50.0
-1.205575179141842,50.0
-1.209075400496239,50.0
-1.2120523226432431,50.0
-1.2145157327777083,50.0
-1.2164758947171792,50.0
-1.2179435344373637,50.0
-1.2189298251662462,50.0
-1.2194463720533868,50.0
-1.2195051964313868,50.0
-1.219118719687019,50.0
-1.2182997467596557,50.0
-1.2170614492853684,50.0
-1.2154173484048956,50.0
-1.213381297254399,50.0
-1.2109674631581753,50.0
-1.2081903095423732,50.0
-1.2050645775896835,50.0
-1.2016052676545792,50.0
-1.1978276204592682,50.0
-1.1937470980904734,50.0
-1.189379364817741,50.0
-1.1847402677534715,50.0
-1.1798458173756177,50.0
-1.1747121679338242,50.0
-1.1693555977597496,50.0
-1.1637924895027298,50.0
-1.1580393103115438,50.0
-1.1521125919835933,50.0
-1.1460289111022015,50.0
-1.1398048691832146,50.0
-1.1334570728518756,50.0
-1.1270021140706652,50.0
-1.1204565504391706,50.0
-1.1138368855865424,50.0
-1.1071595496769588,50.0
-1.1004408800488288,50.0
-1.0936971020078006,50.0
-1.086944309793555,50.0
-1.0801984477403899,50.0
-1.0734752916511674,50.0
-1.0667904304038744,50.0
-1.060159247810075,50.0
-1.0535969047438316,50.0
-1.047118321559872,50.0
-1.0407381608188278,50.0
-1.0344708103377025,50.0
-1.0283303665827286,50.0
-1.0223306184218697,50.0
-1.0164850312536127,50.0
-1.0108067315282925,50.0
-1.0053084916776476,50.0
-1.0000027154682427,50.0
-0.9949014237935037,50.0
-0.9900162409187628,50.0
-0.985358381193399,50.0
-0.9809386362434398,50.0
-0.976767362657496,50.0
-0.9728544701785505,50.0
-0.9692094104132626,50.0
-0.9658411660702986,50.0
-0.9627582407381704,50.0
-0.9599686492129469,50.0
-0.9574799083851921,50.0
-0.9552990286952644,50.0
-0.95343250616524,50.0
-0.9518863150152215,50.0
-0.950665900871096,50.0
-0.9497761745703861,50.0
-0.949221506571924,50.0
-0.9490057219745717,50.0
-0.9491320961496832,50.0
-0.9496033509911102,50.0
-0.9504216517861166,50.0
-0.9515886047098202,50.0
-0.9531052549450847,50.0
-0.9549720854292734,50.0
-0.9571890162284338,50.0
-0.9597554045389823,50.0
-0.962670045316167,50.0
-0.9659311725281207,50.0
-0.9695364610334254,50.0
-0.9734830290796033,50.0
-0.9777674414193516,50.0
-0.9823857130405002,50.0
-0.9873333135053104,50.0
-0.9926051718937492,50.0
-0.9981956823451548,50.0
-1.004098710191654,50.0
-1.0103075986765235,50.0
-1.0168151762496784,50.0
-1.0236137644321754,50.0
-1.0306951862407872,50.0
-1.0380507751635115,50.0
-1.0456713846756176,50.0
-1.0535473982861596,50.0
-1.0616687401036478,50.0
-1.0700248859093164,50.0
-1.0786048747258417,50.0
-1.0873973208690182,50.0
-1.0963904264691542,50.0
-1.1055719944485862,50.0
-1.11492944194131,50.0
-1.1244498141402512,50.0
-1.1341197985570173,50.0
-1.1439257396791749,50.0
-1.1538536540086834,50.0
-1.1638892454660676,50.0
-1.1740179211430726,50.0
-1.184224807387607,50.0
-1.1944947662031358,50.0
-1.2048124119455084,50.0
-1.2151621282992155,50.0
-1.225528085514904,50.0
-1.2358942578898489,50.0
-1.246244441472955,50.0
-1.2565622719752707,50.0
-1.2668312428670143,50.0
-1.277034723642105,50.0
-1.2871559782307145,50.0
-1.2971781835402376,50.0
-1.307084448105482,50.0
-1.3168578308277217,50.0
-1.3264813597836076,50.0
-1.3359380510833199,50.0
-1.3452109277587883,50.0
-1.3542830386614364,50.0
-1.3631374773500453,50.0
-1.3717574009487166,50.0
-1.3801260489549778,50.0
-1.3882267619783755,50.0
-1.3960430003900264,50.0
-1.403558362863328,50.0
-1.4107566047864597,50.0
-1.4176216565275077,50.0
-1.4241376415329834,50.0
-1.430288894240694,50.0
-1.4360599777885996,50.0
-1.4414357015005872,50.0
-1.4464011381315465,50.0
-1.4509416408531197,50.0
-1.455042859962996,50.0
-1.458690759299781,50.0
-1.461871632346751,50.0
-1.4645721180075966,50.0
-1.4667792160376365,50.0
-1.4684803021145372,50.0
-1.4696631425329818,50.0
-1.4703159085078337,50.0
-1.4704271900710433,50.0
-1.4699860095479158,50.0
-1.4689818345987211,50.0
-1.4674045908121107,50.0
-1.465244673837455,50.0
-1.4624929610432633,50.0
-1.459140822690025,50.0
-1.4551801326055087,50.0
-1.450603278351923,50.0
-1.445403170874078,50.0
-1.4395732536188504,50.0
-1.4331075111165434,50.0
-1.4260004770151744,50.0
-1.4182472415595737,50.0
-1.4098434585076252,50.0
-1.4007853514764637,50.0
-1.391069719712242,50.0
-1.3806939432775107,50.0
-1.3696559876509389,50.0
-1.3579544077347687,50.0
-1.3455883512658526,50.0
-1.3325575616268501,50.0
-1.3188623800548758,50.0
-1.304503747245187,50.0
-1.2894832043486106,50.0
-1.273802893361557,50.0
-1.2574655569083815,50.0
-1.2404745374164645,50.0
-1.2228337756848466,50.0
-1.2045478088480612,50.0
-1.185621767737324,50.0
-1.16606137364188,50.0
-1.1458729344739818,50.0
-1.1250633403414958,50.0
-1.1036400585326769,50.0
-1.081611127918691,50.0
-1.0589851527792988,50.0
-1.0357712960584897,50.0
-1.011979272056848,50.0
-0.9876193385684433,50.0
-0.9627022884701649,50.0
-0.9372394407725171,50.0
-0.91124263114085,50.0
-0.8847242018970429,50.0
-0.8576969915118712,50.0
-0.8301743235989261,50.0
-0.8021699954214907,50.0
-0.7736982659240903,50.0
-0.7447738433012798,50.0
-0.7154118721161831,50.0
-0.6856279199822637,50.0
-0.6554379638219301,50.0
-0.6248583757160111,50.0
-0.5939059083588203,50.0
-0.5625976801335708,50.0
-0.5309511598234943,50.0
-0.49898415097425614,50.0
-0.46671477592392396,50.0
-0.4341614595164771,50.0
-0.4013429125157751,50.0
-0.3682781147368489,50.0
-0.3349862979117114,50.0
-0.301486928307258,50.0
-0.26779968911281804,50.0
-0.23394446261561241,50.0
-0.19994131218186056,50.0
-0.16581046406232847,50.0
-0.13157228904043478,50.0
-0.09724728394176074,50.0
-0.06285605302380964,50.0
-0.028419289264767555,50.0
0.0060422444297086875,50.0
0.04050773408268282,50.0
0.07495633354575337,50.0
0.10936718342375251,50.0
0.1437194300048974,50.0
0.17799224417734427,50.0
0.21216484031310623,50.0
0.2462164951001613,50.0
0.28012656630396215,50.0
0.3138745114391326,50.0
0.3474399063329808,50.0
0.38080246356171343,50.0
0.4139420507412321,50.0
0.4468387086539514,50.0
0.47947266919343,50.0
0.5118243731089513,50.0
0.5438744875324009,50.0
0.5756039232695757,50.0
0.606993851839112,50.0
0.6380257222417387,50.0
0.6686812774432936,50.0
0.6989425705550752,50.0
0.7287919806955305,50.0
0.7582122285174745,50.0
0.7871863913856193,50.0
0.8156979181891859,50.0
0.8437306437753198,50.0
0.871268802988785,50.0
0.8982970443043381,50.0
0.9248004430384911,50.0
0.9507645141274901,50.0
0.9761752244592725,50.0
1.0010190047474243,50.0
1.0252827609353998,50.0
1.0489538851202855,50.0
1.0720202659853826,50.0
1.094470298731664,50.0
1.1162928944986588,50.0
1.1374774892658222,50.0
1.1580140522258309,50.0
1.1778930936222762,50.0
1.1971056720440447,50.0
1.2156434011700112,50.0
1.2334984559576103,50.0
1.2506635782698377,50.0
1.2671320819356935,50.0
1.2828978572394987,50.0
1.297955374835376,50.0
1.3122996890836331,50.0
1.3259264408063325,50.0
1.3388318594601043,50.0
1.3510127647246875,50.0
1.3624665675063061,50.0
1.3731912703558227,50.0
1.38318546730174,50.0
1.3924483430992851,50.0
1.4009796718969483,50.0
1.4087798153227042,50.0
1.4158497199926399,50.0
1.4221909144453106,50.0
1.4278055055057663,50.0
1.4326961740837543,50.0
1.4368661704111556,50.0
1.4403193087243387,50.0
1.4430599613975619,50.0
1.445093052534364,50.0
1.4464240510240702,50.0
1.4470589630714663,50.0
1.4470043242078203,50.0
1.4462671907925073,50.0
1.4448551310142572,50.0
1.442776215402412,50.0
1.4400390068582227,50.0
1.4366525502174907,50.0
1.432626361355638,50.0
1.4279704158472613,50.0
1.4226951371923897,50.0
1.4168113846221946,50.0
1.4103304404973451,50.0
1.4032639973125787,50.0
1.3956241443212898,50.0
1.3874233537947898,50.0
1.3786744669306565,50.0
1.3693906794252984,50.0
1.3595855267261494,50.0
1.3492728689792948,50.0
1.338466875688205,50.0
1.327182010100248,50.0
1.315433013337204,50.0
1.3032348882868288,50.0
1.2906028832722185,50.0
1.2775524755165408,50.0
1.2640993544202805,50.0
1.2502594046687387,50.0
1.2360486891875864,50.0
1.2214834319643584,50.0
1.2065800007537815,50.0
1.1913548896853599,50.0
1.1758247017912073,50.0
1.1600061314725556,50.0
1.1439159469230382,50.0
1.1275709725275864,50.0
1.1109880712547537,50.0
1.0941841270612942,50.0
1.0771760273270292,50.0
1.0599806453385245,50.0
1.0426148228395375,50.0
1.0250953526667255,50.0
1.0074389614883432,50.0
0.9896622926639727,50.0
0.9717818892431282,50.0
0.9538141771202828,50.0
0.9357754483636618,50.0
0.917681844735321,50.0
0.8995493414192965,50.0
0.8813937309748261,50.0
0.8632306075308834,50.0
0.8450753512389262,50.0
0.8269431129991701,50.0
0.8088487994766741,50.0
0.7908070584223377,50.0
0.7728322643140686,50.0
0.7549385043326708,50.0
0.737139564687125,50.0
0.7194489173030169,50.0
0.7018797068878037,50.0
0.6844447383863033,50.0
0.6671564648389967,50.0
0.6500269756556113,50.0
0.6330679853160466,50.0
0.6162908225099468,50.0
0.5997064197261484,50.0
0.583325303302234,50.0
0.5671575839448006,50.0
0.551212947729431,50.0
0.5355006475898489,50.0
0.520029495304645,50.0
0.5048078539896544,50.0
0.48984363110340734,50.0
0.47514427197279585,50.0
0.46071675384520766,50.0
0.4465675804730209,50.0
0.4327027772359042,50.0
0.4191278868054778,50.0
0.40584796535664147,50.0
0.39286757932918204,50.0
0.38019080274259187,50.0
0.36782121506668725,50.0
0.3557618996497506,50.0
0.34401544270565393,50.0
0.3325839328605321,50.0
0.32146896125917734,50.0
0.3106716222307382,50.0
0.300192514512621,50.0
0.29003174303093376,50.0
0.28018892123538186,50.0
0.27066317398573475,50.0
0.26145314098648265,50.0
0.25255698076585376,50.0
0.2439723751945343,50.0
0.2356965345391947,50.0
0.2277262030450724,50.0
0.22005766504142676,50.0
0.21268675156327188,50.0
0.20560884748195185,50.0
0.19881889913688233,50.0
0.192311422460126,50.0
0.18608051158487726,50.0
0.18011984792859403,50.0
0.17442270974099572,50.0
0.16898198210637472,50.0
0.16379016738973773,50.0
0.15883939611519282,50.0
0.1541214382651266,50.0
0.14962771498779714,50.0
0.14534931070088475,50.0
0.14127698557795243,50.0
0.13740118840435844,50.0
0.1337120697889398,50.0
0.13019949571706924,50.0
0.12685306143081443,50.0
0.1236621056210293,50.0
0.12061572491652628,50.0
0.11770278865426742,50.0
0.11491195391536357,50.0
0.11223168081015122,50.0
0.10965024799649481,50.0
0.10715576841420693,50.0
0.1047362052191444,50.0
0.10237938789950551,50.0
0.10007302855729616,50.0
0.09780473833739889,50.0
0.09556204398658263,50.0
0.09333240452474278,50.0
0.09110322801032655,50.0
0.08886188838215658,50.0
0.08659574235918388,50.0
0.08429214638033644,50.0
0.08193847356603812,50.0
0.07952213068307623,50.0
0.07703057509456662,50.0
0.07445133167686219,50.0
0.0717720096848189,50.0
0.06898031954746114,50.0
0.06606408957564125,50.0
