-0.7753238850773888,50.0
-0.7440981366146756,50.0
-0.7124172118347465,50.0
-0.6802990868349528,50.0
-0.6477621681734266,50.0
-0.6148252764827756,50.0
-0.5815076295505912,50.0
-0.5478288248869057,50.0
-0.513808821799449,50.0
-0.47946792299825597,50.0
-0.44482675575182384,50.0
-0.4099062526176691,50.0
-0.3747276317707163,50.0
-0.33931237695352956,50.0
-0.30368221707294335,50.0
-0.2678591054681211,50.0
-0.23186519887558443,50.0
-0.19572283611714203,50.0
-0.1594545165370863,50.0
-0.12308287821535813,50.0
-0.08663067598372653,50.0
-0.050120759272305415,50.0
-0.013576049813989632,50.0
0.022980480765398048,50.0
0.059525833443284215,50.0
0.09603700435473561,50.0
0.13249100737686237,50.0
0.16886489671497307,50.0
0.20513578946219274,50.0
0.24128088810427778,50.0
0.2772775029414199,50.0
0.3131030743989206,50.0
0.3487351951987588,50.0
0.38415163236423866,50.0
0.4193303490301234,50.0
0.45424952603090196,50.0
0.48888758324012704,50.0
0.5232232006340822,50.0
0.5572353390533964,50.0
0.5909032606366238,50.0
0.6242065489002333,50.0
0.6571251284399184,50.0
0.6896392842286487,50.0
0.7217296804874052,50.0
0.7533773791051195,50.0
0.784563857584933,50.0
0.8152710264945243,50.0
0.8454812463989088,50.0
0.8751773442548197,50.0
0.9043426292464829,50.0
0.9329609080433516,50.0
0.961016499461147,50.0
0.9884942485083373,50.0
1.0153795398010206,50.0
1.041658310330018,50.0
1.067317061564853,50.0
1.0923428708801821,50.0
1.1167234022911494,50.0
1.1404469164850655,50.0
1.1635022801377501,50.0
1.185878974503842,50.0
1.2075671032713524,50.0
1.228557399671714,50.0
1.2488412328375917,50.0
1.2684106134017146,50.0
1.2872581983310076,50.0
1.305377294991335,50.0
1.3227618644391745,50.0
1.339406523937602,50.0
1.3553065486949785,50.0
1.3704578728257824,50.0
1.3848570895340666,50.0
1.3985014505210496,50.0
1.4113888646193917,50.0
1.4235178956577252,50.0
1.4348877595600489,50.0
1.445498320685588,50.0
1.4553500874157548,50.0
1.4644442069958177,50.0
1.4727824596398977,50.0
1.4803672519088567,50.0
1.4872016093716258,50.0
1.493289168561454,50.0
1.4986341682394793,50.0
1.5032414399789444,50.0
1.5071163980842632,50.0
1.5102650288600112,50.0
1.5126938792457623,50.0
1.5144100448335198,50.0
1.5154211572852871,50.0
1.5157353711690973,50.0
1.5153613502325771,50.0
1.5143082531338279,50.0
1.5125857186501188,50.0
1.510203850385531,50.0
1.5071732009993382,50.0
1.5035047559775117,50.0
1.4992099169702993,50.0
1.4943004847193808,50.0
1.4887886415985903,50.0
1.4826869337926813,50.0
1.476008253139042,50.0
1.4687658186576655,50.0
1.4609731577950535,50.0
1.4526440874080506,50.0
1.4437926945139132,50.0
1.4344333168331556,50.0
1.424580523151953,50.0
1.4142490935310406,50.0
1.4034539993882178,50.0
1.392210383481639,50.0
1.3805335398211702,50.0
1.3684388935350966,50.0
1.3559419807194737,50.0
1.3430584282973488,50.0
1.329803933915014,50.0
1.3161942459023126,50.0
1.3022451433238658,50.0
1.2879724161478936,50.0
1.2733918455590543,50.0
1.2585191844414678,50.0
1.24337013805778,50.0
1.2279603449497594,50.0
1.2123053580855805,50.0
1.1964206262784827,50.0
1.1803214759010872,50.0
1.1640230929191542,50.0
1.1475405052680436,50.0
1.1308885655946184,50.0
1.1140819343867228,50.0
1.0971350635117902,50.0
1.0800621801854753,50.0
1.0628772713905537,50.0
1.0455940687656378,50.0
1.0282260339825329,50.0
1.0107863446303225,50.0
0.9932878806234984,50.0
0.9757432111506537,50.0
0.9581645821794655,50.0
0.9405639045328285,50.0
0.9229527425501731,50.0
0.9053423033471195,50.0
0.8877434266857296,50.0
0.870166575466714,50.0
0.8526218268540389,50.0
0.8351188640414322,50.0
0.8176669686693621,50.0
0.8002750139000864,50.0
0.7829514581574278,50.0
0.7657043395369426,50.0
0.7485412708911832,50.0
0.7314694355937683,50.0
0.7144955839849934,50.0
0.6976260305007158,50.0
0.6808666514852785,50.0
0.664222883688229,50.0
0.6476997234436237,50.0
0.6313017265297108,50.0
0.6150330087058204,50.0
0.5988972469223128,50.0
0.58289768119848,50.0
0.5670371171623348,50.0
0.5513179292452919,50.0
0.5357420645238008,50.0
0.5203110471990842,50.0
0.5050259837052288,50.0
0.48988756843498965,50.0
0.47489609007179784,50.0
0.46005143851561436,50.0
0.44535311238943537,50.0
0.43080022711244964,50.0
0.4163915235250559,50.0
0.40212537705018053,50.0
0.38799980737459805,50.0
0.37401248863323977,50.0
0.36016076007877595,50.0
0.3464416372181089,50.0
0.33285182339676395,50.0
0.31938772181156794,50.0
0.30604544793141875,50.0
0.2928208423054145,50.0
0.27970948373708504,50.0
0.26670670280298786,50.0
0.253807595693482,50.0
0.24100703835307757,50.0
0.22829970089736634,50.0
0.21568006228319916,50.0
0.2031424252084545,50.0
0.19068093121746948,50.0
0.17828957598795234,50.0
0.1659622247749974,50.0
0.15369262798764383,50.0
0.1414744368732893,50.0
0.1293012192851658,50.0
0.1171664755080315,50.0
0.1050636541171972,50.0
0.09298616784602076,50.0
0.08092740943705584,50.0
0.06888076745211852,50.0
0.05683964201665792,50.0
0.044797460473976536,50.0
0.032747692925037375,50.0
0.02068386762981983,50.0
0.008599586246456237,50.0
-0.003511461115328074,50.0
-0.015655481049609288,50.0
-0.02783856224127329,50.0
-0.04006666110700824,50.0
-0.052345587712229635,50.0
-0.06468099198541721,50.0
-0.07707835025084586,50.0
-0.08954295210017693,50.0
-0.10207988762280606,50.0
-0.11469403501429826,50.0
-0.12739004858161257,50.0
-0.14017234716319016,50.0
-0.1530451029813138,50.0
-0.1660122309434537,50.0
-0.17907737840860155,50.0
-0.19224391543386737,50.0
-0.20551492551583733,50.0
-0.21889319684043135,50.0
-0.23238121405418927,50.0
-0.24598115056909936,50.0
-0.2596948614122559,50.0
-0.27352387663077204,50.0
-0.28746939526152043,50.0
-0.3015322798743922,50.0
-0.31571305169687613,50.0
-0.3300118863268576,50.0
-0.3444286100396391,50.0
-0.35896269669423886,50.0
-0.3736132652431523,50.0
-0.3883790778487588,50.0
-0.403258538608708,50.0
-0.4182496928915976,50.0
-0.43335022728340655,50.0
-0.4485574701441222,50.0
-0.46386839277315356,50.0
-0.4792796111811086,50.0
-0.4947873884646668,50.0
-0.510387637780275,50.0
-0.5260759259115697,50.0
-0.54184747742443,50.0
-0.5576971794027596,50.0
-0.573619586757145,50.0
-0.5896089280976886,50.0
-0.605659112161492,50.0
-0.6217637347843381,50.0
-0.637916086405403,50.0
-0.6541091600929076,50.0
-0.6703356600779384,50.0
-0.6865880107827852,50.0
-0.7028583663295096,50.0
-0.7191386205136134,50.0
-0.7354204172270906,50.0
-0.7516951613143441,50.0
-0.7679540298439235,50.0
-0.7841879837782776,50.0
-0.8003877800232431,50.0
-0.8165439838383034,50.0
-0.8326469815882047,50.0
-0.8486869938159145,50.0
-0.8646540886165037,50.0
-0.880538195291008,50.0
-0.8963291182589621,50.0
-0.9120165512078653,50.0
-0.9275900914575177,50.0
-0.9430392545168073,50.0
-0.9583534888102776,50.0
-0.9735221905515146,50.0
-0.9885347187402032,50.0
-1.0033804102594883,50.0
-1.0180485950501688,50.0
-1.0325286113380692,50.0
-1.0468098208909582,50.0
-1.0608816242812171,50.0
-1.0747334761305813,50.0
-1.0883549003131892,50.0
-1.1017355050933486,50.0
-1.1148649981744305,50.0
-1.1277332016355195,50.0
-1.1403300667325695,50.0
-1.152645688541044,50.0
-1.1646703204172573,50.0
-1.1763943882559076,50.0
-1.1878085045216056,50.0
-1.1989034820325504,50.0
-1.2096703474748676,50.0
-1.220100354626558,50.0
-1.2301849972704209,50.0
-1.2399160217758105,50.0
-1.2492854393295731,50.0
-1.2582855377970579,50.0
-1.2669088931946404,50.0
-1.2751483807558142,50.0
-1.2829971855734894,50.0
-1.290448812801821,50.0
-1.2974970974015179,50.0
-1.3041362134133205,50.0
-1.310360682745011,50.0
-1.3161653834580977,50.0
-1.321545557541043,50.0
-1.3264968181567194,50.0
-1.3310151563525414,50.0
-1.335096947222578,50.0
-1.3387389555117517,50.0
-1.341938340653102,50.0
-1.3446926612299457,50.0
-1.3469998788556439,50.0
-1.3488583614645826,50.0
-1.3502668860088534,50.0
-1.351224640556055,50.0
-1.3517312257845218,50.0
-1.3517866558732332,50.0
-1.351391358784561,50.0
-1.3505461759389656,50.0
-1.3492523612816443,50.0
-1.3475115797421262,50.0
-1.3453259050886617,50.0
-1.342697817180266,50.0
-1.339630198620128,50.0
-1.3361263308150684,50.0
-1.3321898894466133,50.0
-1.3278249393601724,50.0
-1.3230359288797016,50.0
-1.317827683556108,50.0
-1.3122053993585565,50.0
-1.3061746353186594,50.0
-1.299741305638415,50.0
-1.2929116712735784,50.0
-1.2856923310049382,50.0
-1.2780902120108328,50.0
-1.2701125599549297,50.0
-1.26176692860414,50.0
-1.253061168992197,50.0
-1.2440034181451973,50.0
-1.2346020873860497,50.0
-1.2248658502354774,50.0
-1.2148036299278258,50.0
-1.204424586560556,50.0
-1.193738103896888,50.0
-1.1827537758416042,50.0
-1.171481392610541,50.0
-1.159930926614829,50.0
-1.1481125180813518,50.0
-1.1360364604313595,50.0
-1.1237131854395734,50.0
-1.1111532481964554,50.0
-1.098367311896692,50.0
-1.0853661324771848,50.0
-1.0721605431281636,50.0
-1.0587614387012036,50.0
-1.045179760038185,50.0
-1.03142647824532,50.0
-1.0175125789365624,50.0
-1.003449046470735,50.0
-0.9892468482068043,50.0
-0.9749169188017295,50.0
-0.9604701445752422,50.0
-0.9459173479659542,50.0
-0.9312692721029481,50.0
-0.916536565517025,50.0
-0.9017297670154523,50.0
-0.8868592907440016,50.0
-0.8719354114596697,50.0
-0.8569682500373408,50.0
-0.8419677592331862,50.0
-0.8269437097273977,50.0
-0.8119056764683051,50.0
-0.7968630253396737,50.0
-0.7818249001723616,50.0
-0.7668002101211842,50.0
-0.7517976174271779,50.0
-0.7368255255850247,50.0
-0.7218920679347152,50.0
-0.7070050966960167,50.0
-0.6921721724635762,50.0
-0.6774005541799191,50.0
-0.6626971896028155,50.0
-0.6480687062828623,50.0
-0.6335214030662843,50.0
-0.6190612421372927,50.0
-0.6046938416134446,50.0
-0.590424468706733,50.0
-0.5762580334622045,50.0
-0.5621990830851522,50.0
-0.5482517968669451,50.0
-0.5344199817187907,50.0
-0.5207070683216922,50.0
-0.5071161079000814,50.0
-0.49364976962552937,50.0
-0.48031033865614436,50.0
-0.46709971481616674,50.0
-0.45401941191944567,50.0
-0.44107055773937703,50.0
-0.42825389462704255,50.0
-0.4155697807781723,50.0
-0.40301819214869833,50.0
-0.39059872501755866,50.0
-0.37831059919454274,50.0
-0.36615266186986395,50.0
-0.35412339210128374,50.0
-0.34222090593351223,50.0
-0.33044296214374635,50.0
-0.3187869686061435,50.0
-0.30724998926715996,50.0
-0.29582875172264056,50.0
-0.28451965538670104,50.0
-0.273318780241436,50.0
-0.26222189615564767,50.0
-0.2512244727598182,50.0
-0.24032168986375035,50.0
-0.2295084484023584,50.0
-0.21877938189431162,50.0
-0.20812886839738193,50.0
-0.19755104294352824,50.0
-0.18703981043602985,50.0
-0.1765888589901492,50.0
-0.16619167369815496,50.0
-0.15584155079876189,50.0
-0.14553161223043456,50.0
-0.13525482054728982,50.0
-0.12500399417578398,50.0
-0.11477182298971461,50.0
-0.10455088418058195,50.0
-0.09433365839975505,50.0
-0.08411254614847966,50.0
-0.07387988439123103,50.0
-0.0636279633675548,50.0
-0.053349043577106486,50.0
-0.04303537291228432,50.0
-0.032679203912507976,50.0
-0.02227281111394175,50.0
-0.011808508468198892,50.0
-0.001278666803381595,50.0
0.009324268699367033,50.0
0.02000776104073937,50.0
0.030779163976601437,50.0
0.0416457046568624,50.0
0.05261446635697148,50.0
0.06369237132908218,50.0
0.07488616379987784,50.0
0.08620239314192435,50.0
0.09764739724527527,50.0
0.10922728611586241,50.0
0.12094792572697938,50.0
0.1328149221498957,50.0
0.14483360598934508,50.0
0.15700901714925808,50.0
0.1693458899537848,50.0
0.18184863864816458,50.0
0.19452134330360854,50.0
0.2073677361498189,50.0
0.22039118835828936,50.0
0.23359469729892418,50.0
0.24698087429195525,50.0
0.2605519328764717,50.0
0.274309677616259,50.0
0.2882554934629075,50.0
0.3023903356954443,50.0
0.31671472045499893,50.0
0.3312287158922143,50.0
0.34593193394430816,50.0
0.36082352275784574,50.0
0.3759021597724408,50.0
0.3911660454796981,50.0
0.40661289787079724,50.0
0.42223994758519146,50.0
0.43804393377194495,50.0
0.4540211006742557,50.0
0.47016719494671255,50.0
0.4864774637138266,50.0
0.5029466533773739,50.0
0.5195690091790387,50.0
0.5363382755237527,50.0
0.5532476970681655,50.0
0.5702900205774923,50.0
0.5874574975530167,50.0
0.604741887631323,50.0
0.6221344627553826,50.0
0.6396260121163831,50.0
0.6572068478642137,50.0
0.6748668115833067,50.0
0.6925952815295745,50.0
0.7103811806229609,50.0
0.7282129851891042,50.0
0.7460787344425297,50.0
0.763966040702684,50.0
0.7818621003330707,50.0
0.7997537053926806,50.0
0.8176272559878879,50.0
0.835468773311927,50.0
0.8532639133580548,50.0
0.8709979812914956,50.0
0.8886559464643016,50.0
0.9062224580562809,50.0
0.9236818613241997,50.0
0.9410182144405391,50.0
0.958215305902208,50.0
0.9752566724887373,50.0
0.992125617748557,50.0
1.0088052309912894,50.0
1.0252784067630136,50.0
1.0415278647808581,50.0
1.0575361703023825,50.0
1.0732857549046846,50.0
1.0887589376473141,50.0
1.1039379465926005,50.0
1.1188049406562468,50.0
1.13334203176063,50.0
1.1475313072625786,50.0
1.1613548526269888,50.0
1.17479477431715,50.0
1.1878332228722488,50.0
1.200452416142128,50.0
1.2126346626490228,50.0
1.2243623850457688,50.0
1.235618143639612,50.0
1.246384659950634,50.0
1.2566448402735406,50.0
1.266381799211535,50.0
1.2755788831507937,50.0
1.2842196936441026,50.0
1.2922881106721358,50.0
1.299768315750983,50.0
1.3066448148545116,50.0
1.3129024611203515,50.0
1.3185264773084007,50.0
1.323502477981022,50.0
1.3278164913742765,50.0
1.3314549809298752,50.0
1.3344048664578734,50.0
1.336653544900486,50.0
1.3381889106678138,50.0
1.3389993755167462,50.0
1.3390738879447968,50.0
1.3384019520711705,50.0
1.3369736459779125,50.0
1.3347796394846239,50.0
1.3318112113308782,50.0
1.3280602657411607,50.0
1.323519348347849,50.0
1.3181816614485427,50.0
1.3120410785748247,50.0
1.3050921583503652,50.0
1.297330157617127,50.0
1.2887510438093055,50.0
1.279351506555592,50.0
1.269128968491239,50.0
1.258081595262417,50.0
1.2462083047063102,50.0
1.2335087751914546,50.0
1.219983453103841,50.0
1.205633559465374,50.0
1.190461095672356,50.0
1.174468848342781,50.0
1.1576603932623435,50.0
1.1400400984201853,50.0
1.121613126126548,50.0
1.1023854342057295,50.0
1.0823637762588014,50.0
1.0615557009918482,50.0
1.0399695506065687,50.0
1.017614458251398,50.0
0.9945003445323928,50.0
0.9706379130844197,50.0
0.9460386452043281,50.0
0.9207147935490745,50.0
0.8946793749028779,50.0
0.8679461620187781,50.0
0.8405296745410797,50.0
0.8124451690164749,50.0
0.783708628002675,50.0
0.7543367482846988,50.0
0.7243469282099935,50.0
0.6937572541548755,50.0
0.6625864861357272,50.0
0.6308540425796779,50.0
0.5985799842704568,50.0
0.5657849974863463,50.0
0.5324903763480375,50.0
0.49871800439542546,50.0
0.46449033541321794,50.0
0.4298303735264259,50.0
0.39476165258755197,50.0
0.3593082148784032,50.0
0.3234945891503315,50.0
0.28734576802748657,50.0
0.2508871847986623,50.0
0.21414468962403477,50.0
0.17714452518395124,50.0
0.13991330179757194,50.0
0.10247797204001657,50.0
0.06486580488723592,50.0
0.027104359418577417,50.0
-0.010778541892530358,50.0
-0.04875484026861851,50.0
-0.08679626806739033,50.0
-0.12487437653795869,50.0
-0.1629605638616577,50.0
-0.20102610344444405,50.0
-0.23904217242757397,50.0
-0.2769798803830042,50.0
-0.314810298159599,50.0
-0.3525044868460553,50.0
-0.39003352681619546,50.0
-0.42736854682226166,50.0
-0.46448075310163645,50.0
-0.5013414584624236,50.0
-0.5379221113132566,50.0
-0.5741943246028387,50.0
-0.6101299046347051,50.0
-0.6457008797228903,50.0
-0.6808795286542769,50.0
-0.7156384089237333,50.0
-0.7499503847083285,50.0
-0.7837886545471875,50.0
-0.8171267786940123,50.0
-0.8499387061095585,50.0
-0.8821988010619017,50.0
-0.9138818693026795,50.0
-0.9449631837881488,50.0
-0.9754185099143302,50.0
-1.005224130236208,50.0
-1.0343568686414883,50.0
-1.062794113950197,50.0
-1.0905138429120358,50.0
-1.1174946425741534,50.0
-1.1437157319928712,50.0
-1.1691569832635709,50.0
-1.193798941843938,50.0
-1.2176228461465193,50.0
-1.2406106463775841,50.0
-1.2627450226001082,50.0
-1.2840094019997517,50.0
-1.3043879753336267,50.0
-1.323865712542775,50.0
-1.3424283775102133,50.0
-1.3600625419475345,50.0
-1.3767555983941555,50.0
-1.3924957723143665,50.0
-1.4072721332785187,50.0
-1.421074605215793,50.0
-1.4338939757271882,50.0
-1.4457219044485252,50.0
-1.4565509304544617,50.0
-1.4663744786957138,50.0
-1.4751868654628844,50.0
-1.4829833028715322,50.0
-1.4897599023643098,50.0
-1.4955136772272732,50.0
-1.5002425441186396,50.0
-1.5039453236095655,50.0
-1.5066217397376842,50.0
-1.5082724185754424,50.0
-1.508898885816418,50.0
-1.5085035633841217,50.0
-1.5070897650688968,50.0
-1.504661691199822,50.0
-1.501224422359651,50.0
-1.4967839121520634,50.0
-1.491346979031626,50.0
-1.484921297208043,50.0
-1.4775153866373885,50.0
-1.469138602114188,50.0
-1.459801121479248,50.0
-1.4495139329592512,50.0
-1.4382888216552054,50.0
-1.4261383551978284,50.0
-1.413075868589,50.0
-1.3991154482493622,50.0
-1.3842719152931378,50.0
-1.3685608080521265,50.0
-1.3519983638717723,50.0
-1.334601500203023,50.0
-1.316387795014569,50.0
-1.2973754665508295,50.0
-1.2775833524618174,50.0
-1.2570308883317542,50.0
-1.2357380856339906,50.0
-1.2137255091404482,50.0
-1.1910142538144142,50.0
-1.1676259212161106,50.0
-1.1435825954509287,50.0
-1.118906818690907,50.0
-1.0936215663001942,50.0
-1.0677502215959338,50.0
-1.041316550276242,50.0
-1.0143446745472877,50.0
-0.9868590469817939,50.0
-0.958884424141536,50.0
-0.9304458399966162,50.0
-0.9015685791744126,50.0
-0.8722781500712423,50.0
-0.8426002578598712,50.0
-0.812560777426016,50.0
-0.7821857262669354,50.0
-0.7515012373851786,50.0
-0.7205335322104687,50.0
-0.68930889358254,50.0
-0.657853638827526,50.0
-0.626194092960296,50.0
-0.5943565620448724,50.0
-0.5623673067447297,50.0
-0.5302525160943976,50.0
-0.49803828152340723,50.0
-0.4657505711632045,50.0
-0.4334152044671552,50.0
-0.40105782717322347,50.0
-0.3687038866383763,50.0
-0.33637860757319116,50.0
-0.30410696820449523,50.0
-0.27191367689314094,50.0
-0.23982314923349224,50.0
-0.20785948566018786,50.0
-0.17604644958732818,50.0
-0.1444074461040894,50.0
-0.11296550125024751,50.0
-0.08174324189393745,50.0
-0.050762876233420684,50.0
-0.02004617494339278,50.0
0.010385547014269303,50.0
0.04051144789668526,50.0
0.07031117598509096,50.0
0.09976488567224195,50.0
0.1288532528161681,50.0
0.15755748934569225,50.0
0.18585935710386114,50.0
0.21374118091679517,50.0
0.24118586087633054,50.0
0.26817688382613114,50.0
0.294698334041816,50.0
0.3207349030970167,50.0
0.34627189890818644,50.0
0.37129525395232477,50.0
0.3957915326526845,50.0
0.41974793792890114,50.0
0.4431523169089247,50.0
0.4659931658014625,50.0
0.4882596339285785,50.0
0.5099415269194234,50.0
0.5310293090670366,50.0
0.5515141048514599,50.0
0.5713876996332704,50.0
0.5906425395230649,50.0
0.6092717304331923,50.0
0.6272690363194197,50.0
0.6446288766209853,50.0
0.6613463229088542,50.0
0.6774170947527295,50.0
0.6928375548186567,50.0
0.707604703209805,50.0
0.7217161710642334,50.0
0.7351702134241818,50.0
0.7479657013925195,50.0
0.7601021135927825,50.0
0.7715795269501955,50.0
0.7823986068118399,50.0
0.7925605964250219,50.0
0.8020673057936515,50.0
0.8109210999332315,50.0
0.8191248865457424,50.0
0.8266821031364645,50.0
0.833596703595399,50.0
0.8398731442666143,50.0
0.8455163695294027,50.0
0.8505317969157269,50.0
0.8549253017889398,50.0
0.8587032016092606,50.0
0.8618722398119087,50.0
0.8644395693242526,50.0
0.8664127357486585,50.0
0.8677996602380875,50.0
0.8686086220917485,50.0
0.868848241098406,50.0
0.8685274596551164,50.0
0.867655524689362,50.0
0.8662419694126668,50.0
0.864296594933878,50.0
0.861829451760344,50.0
0.8588508212152145,50.0
0.8553711967990872,50.0
0.8514012655241078,50.0
0.84695188924856,50.0
0.8420340860397999,50.0
0.8366590115932081,50.0
0.8308379407345952,50.0
0.8245822490332295,50.0
0.8179033945523422,50.0
0.8108128997636163,50.0
0.8033223336517827,50.0
0.7954432940350211,50.0
0.7871873901264137,50.0
0.7785662253611927,50.0
0.7695913805140012,50.0
0.760274397129832,50.0
0.7506267612917052,50.0
0.7406598877475152,50.0
0.7303851044178322,50.0
0.7198136373057538,50.0
0.7089565958291733,50.0
0.6978249585950971,50.0
0.6864295596348968,50.0
0.674781075118511,50.0
0.6628900105648954,50.0
0.6507666885651022,50.0
0.6384212370335032,50.0
0.6258635780018615,50.0
0.6131034169699383,50.0
0.6001502328255096,50.0
0.5870132683456715,50.0
0.5737015212903275,50.0
0.5602237360978792,50.0
0.5465883961920932,50.0
0.5328037169081044,50.0
0.5188776390446121,50.0
0.5048178230482367,50.0
0.490631643834985,50.0
0.47632618625286705,50.0
0.4619082411885085,50.0
0.44738430231975407,50.0
0.4327605635151381,50.0
0.4180429168800559,50.0
0.4032369514485588,50.0
0.3883479525185753,50.0
0.3733809016273746,50.0
0.3583404771631552,50.0
0.34323105560755873,50.0
0.32805671340294795,50.0
0.3128212294374063,50.0
0.2975280881392737,50.0
0.28218048317231426,50.0
0.2667813217214887,50.0
0.2513332293584829,50.0
0.23583855547528643,50.0
0.2202993792731428,50.0
0.20471751629340929,50.0
0.18909452547604133,50.0
0.17343171673052682,50.0
0.1577301590034481,50.0
0.14199068882595556,50.0
0.1262139193237659,50.0
0.11040024967165019,50.0
0.0945498749735848,50.0
0.07866279654918629,50.0
0.06273883260640356,50.0
0.046777629279870614,50.0
0.030778672013738517,50.0
0.014741297267352405,50.0
-0.0013352954784332516,50.0
-0.017452031436842264,50.0
-0.03360994797573902,50.0
-0.04981018184654473,50.0
-0.06605395620523502,50.0
-0.08234256744946589,50.0
-0.09867737189616477,50.0
-0.11505977232408937,50.0
-0.13149120440612427,50.0
-0.14797312305618293,50.0
-0.16450698871573122,50.0
-0.18109425360503317,50.0
-0.19773634796421313,50.0
-0.21443466630927788,50.0
-0.23119055372821107,50.0
-0.24800529224211532,50.0
-0.2648800872563346,50.0
-0.2818160541262936,50.0
-0.2988142048626139,50.0
-0.31587543499986886,50.0
-0.3330005106530054,50.0
-0.3501900557852294,50.0
-0.3674445397108008,50.0
-0.3847642648557763,50.0
-0.40214935479936414,50.0
-0.4195997426181062,50.0
-0.43711515955462354,50.0
-0.4546951240321552,50.0
-0.4723389310355782,50.0
-0.49004564187900224,50.0
-0.5078140743794943,50.0
-0.5256427934557724,50.0
-0.5435301021700931,50.0
-0.5614740332308686,50.0
-0.57947234097281,50.0
-0.5975224938306761,50.0
-0.6156216673219188,50.0
-0.6337667375527247,50.0
-0.651954275261163,50.0
-0.6701805404103129,50.0
-0.6884414773433423,50.0
-0.7067327105116983,50.0
-0.7250495407866488,50.0
-0.7433869423635199,50.0
-0.7617395602670393,50.0
-0.7801017084652633,50.0
-0.7984673685986325,50.0
-0.8168301893297694,50.0
-0.8351834863185825,50.0
-0.8535202428263143,50.0
-0.8718331109512982,50.0
-0.8901144134979372,50.0
-0.9083561464797784,50.0
-0.9265499822562182,50.0
-0.9446872733016523,50.0
-0.9627590566047807,50.0
-0.9807560586947703,50.0
-0.998668701290005,50.0
-1.0164871075643134,50.0
-1.034201109024301,50.0
-1.0518002529908215,50.0
-1.0692738106762916,50.0
-1.0866107858489202,50.0
-1.1037999240738372,50.0
-1.1208297225202006,50.0
-1.1376884403224552,50.0
-1.1543641094831778,50.0
-1.1708445463037906,50.0
-1.1871173633288863,50.0
-1.2031699817888575,50.0
-1.2189896445248172,50.0
-1.2345634293790317,50.0
-1.249878263033247,50.0
-1.2649209352765811,50.0
-1.2796781136840853,50.0
-1.294136358686108,50.0
-1.3082821390082633,50.0
-1.3221018474609314,50.0
-1.3355818170567824,50.0
-1.3487083374341478,50.0
-1.3614676715636491,50.0
-1.3738460727148072,50.0
-1.3858298016591677,50.0
-1.3974051440857123,50.0
-1.4085584282042602,50.0
-1.4192760425119297,50.0
-1.429544453697598,50.0
-1.4393502246588694,50.0
-1.4486800326059428,50.0
-1.4575206872263766,50.0
-1.4658591488848138,50.0
-1.4736825468312924,50.0
-1.4809781973919796,50.0
-1.487733622115814,50.0
-1.4939365658507482,50.0
-1.4995750147231142,50.0
-1.5046372139938398,50.0
-1.5091116857651878,50.0
-1.5129872465119298,50.0
-1.5162530244109884,50.0
-1.5188984764437723,50.0
-1.5209134052456577,50.0
-1.522287975677438,50.0
-1.523012731093731,50.0
-1.523078609283827,50.0
-1.522476958060741,50.0
-1.5211995504747173,50.0
-1.5192385996278772,50.0
-1.5165867730671578,50.0
-1.5132372067332955,50.0
-1.5091835184440392,50.0
-1.504419820890513,50.0
-1.4989407341261531,50.0
-1.4927413975283514,50.0
-1.4858174812136171,50.0
-1.4781651968877418,50.0
-1.4697813081132294,50.0
-1.460663139977019,50.0
-1.4508085881422446,50.0
-1.440216127268683,50.0
-1.428884818787357,50.0
-1.4168143180155015,50.0
-1.4040048805992063,50.0
-1.3904573682716908,50.0
-1.3761732539162836,50.0
-1.361154625924025,50.0
-1.345404191836726,50.0
-1.328925281267363,50.0
-1.311721848090647,50.0
-1.2937984718974693,50.0
-1.275160358708178,50.0
-1.2558133409403287,50.0
-1.2357638766278534,50.0
-1.2150190478894445,50.0
-1.1935865586449919,50.0
-1.17147473157999,50.0
-1.148692504358887,50.0
-1.125249425089173,50.0
-1.1011556470393784,50.0
-1.0764219226148364,50.0
-1.0510595965962595,50.0
-1.025080598647238,50.0
-0.9984974350975995,50.0
-0.9713231800107162,50.0
-0.9435714655438581,50.0
-0.9152564716114068,50.0
-0.8863929148621429,50.0
-0.8569960369823486,50.0
-0.8270815923376255,50.0
-0.7966658349672344,50.0
-0.7657655049456548,50.0
-0.7343978141267594,50.0
-0.7025804312872685,50.0
-0.6703314666864464,50.0
-0.6376694560603862,50.0
-0.6046133440695385,50.0
-0.5711824672191542,50.0
-0.5373965362730421,50.0
-0.5032756181817364,50.0
-0.4688401175466441,50.0
-0.4341107576428723,50.0
-0.39910856102343156,50.0
-0.3638548297287496,50.0
-0.3283711251254548,50.0
-0.2926792473991894,50.0
-0.25680121472669176,50.0
-0.22075924215283538,50.0
-0.18457572019850788,50.0
-0.14827319322606358,50.0
-0.11187433758897691,50.0
-0.07540193959287289,50.0
-0.038878873295418837,50.0
-0.0023280781725749655,50.0
0.03422746332076376,50.0
0.07076474826786883,50.0
0.10726077585683347,50.0
0.14369256996849789,50.0
0.18003720175743843,50.0
0.21627181219778963,50.0
0.2523736345654719,50.0
0.2883200168287845,50.0
0.3240884439192855,50.0
0.35965655985492395,50.0
0.39500218968779754,50.0
0.43010336124888854,50.0
0.4649383266625956,50.0
0.4994855836041381,50.0
0.5337238962730281,50.0
0.5676323160564972,50.0
0.6011902018570048,50.0
0.6343772400583663,50.0
0.6671734641055408,50.0
0.6995592736737741,50.0
0.7315154534030597,50.0
0.7630231911747982,50.0
0.7940640959077537,50.0
0.8246202148514068,50.0
0.8546740503553285,50.0
0.8842085760937508,50.0
0.9132072527255335,50.0
0.9416540429702617,50.0
0.9695334260820224,50.0
0.9968304117033774,50.0
1.0235305530825616,50.0
1.0496199596381373,50.0
1.0750853088560306,50.0
1.0999138575046805,50.0
1.124093452155193,50.0
1.147612538994116,50.0
1.1704601729174757,50.0
1.192626025895696,50.0
1.2141003945999558,50.0
1.2348742072815448,50.0
1.25493902989685,50.0
1.2742870714714156,50.0
1.2929111886978153,50.0
1.310804889762864,50.0
1.3279623374008522,50.0
1.3443783511704872,50.0
1.3600484089542402,50.0
1.3749686476799143,50.0
1.3891358632651238,50.0
1.4025475097866578,50.0
1.415201697877468,50.0
1.4270971923552385,50.0
1.4382334090874274,50.0
1.4486104110987248,50.0
1.458228903927819,50.0
1.467090230241458,50.0
1.4751963637146295,50.0
1.482549902186817,50.0
1.489154060105119,50.0
1.495012660265988,50.0
1.5001301248683172,50.0
1.504511465891446,50.0
1.508162274812542,50.0
1.5110887116787555,50.0
1.5132974935502423,50.0
1.514795882331124,50.0
1.5155916720061442,50.0
1.5156931753015574,50.0
1.5151092097895735,50.0
1.5138490834563627,50.0
1.5119225797542777,50.0
1.509339942159707,50.0
1.5061118582584518,50.0
1.5022494433812423,50.0
1.497764223812517,50.0
1.492668119596094,50.0
1.4869734269618866,50.0
1.4806928003982978,50.0
1.4738392343952964,50.0
1.4664260448836206,50.0
1.4584668503958733,50.0
1.449975552975609,50.0
1.4409663188608106,50.0
1.43145355896836,50.0
1.4214519092063143,50.0
1.4109762106410377,50.0
1.400041489546271,50.0
1.388662937361389,50.0
1.376855890586096,50.0
1.3646358106389127,50.0
1.352018263706639,50.0
1.33901890061211,50.0
1.3256534367272632,50.0
1.31193763195858,50.0
1.2978872708316627,50.0
1.2835181427015678,50.0
1.2688460221152233,50.0
1.2538866493520606,50.0
1.2386557111685073,50.0
1.2231688217718701,50.0
1.2074415040484685,50.0
1.1914891710707254,50.0
1.1753271079072563,50.0
1.1589704537596264,50.0
1.1424341844488408,50.0
1.125733095274204,50.0
1.108881784266381,50.0
1.091894635856153,50.0
1.0747858049794587,50.0
1.057569201638799,50.0
1.0402584759403415,50.0
1.0228670036252967,50.0
1.0054078721134387,50.0
0.9878938670758526,50.0
0.9703374595531327,50.0
0.9527507936345829,50.0
0.9351456747129453,50.0
0.9175335583284578,50.0
0.8999255396151196,50.0
0.8823323433611594,50.0
0.8647643146947395,50.0
0.8472314104051224,50.0
0.8297431909084267,50.0
0.8123088128663486,50.0
0.7949370224650697,50.0
0.7776361493607454,50.0
0.7604141012969382,50.0
0.7432783593984091,50.0
0.7262359741446266,50.0
0.7092935620254985,50.0
0.692457302880669,50.0
0.6757329379229343,50.0
0.6591257684451576,50.0
0.6426406552091947,50.0
0.6262820185143303,50.0
0.6100538389417662,50.0
0.593959658770661,50.0
0.5780025840603911,50.0
0.562185287392631,50.0
0.5465100112659836,50.0
0.5309785721349423,50.0
0.5155923650840428,50.0
0.500352369127192,50.0
0.4852591531212765,50.0
0.47031288228223006,50.0
0.4555133252910008,50.0
0.4408598619759407,50.0
0.4263514915573753,50.0
0.41198684143932096,50.0
0.3977641765325961,50.0
0.38368140909272086,50.0
0.3697361090554866,50.0
0.3559255148521706,50.0
0.3422465446859047,50.0
0.3286958082499649,50.0
0.31526961886819,50.0
0.30196400603716633,50.0
0.28877472834931156,50.0
0.27569728677537064,50.0
0.2627269382845502,50.0
0.24985870977989078,50.0
0.23708741232617514,50.0
0.22440765564729245,50.0
0.21181386286958329,50.0
0.19930028548745315,50.0
0.18686101852724052,50.0
0.1744900158850517,50.0
0.16218110581419692,50.0
0.14992800653757204,50.0
0.13772434196026095,50.0
0.12556365745758652,50.0
0.11343943571369591,50.0
0.101345112585847,50.0
0.08927409296952321,50.0
0.07721976663954894,50.0
0.06517552404256927,50.0
0.053134772016286635,50.0
0.04109094941103675,50.0
0.029037542589546717,50.0
0.016968100780905493,50.0
0.004876251265035825,50.0
-0.007244285635657544,50.0
-0.019399681780560007,50.0
-0.0315959866736335,50.0
-0.04383911318698053,50.0
-0.056134823567035474,50.0
-0.06848871574465165,50.0
-0.0809062099699352,50.0
-0.09339253579213769,50.0
-0.10595271940430429,50.0
-0.11859157137183202,50.0
-0.13131367476346756,50.0
-0.14412337370254835,50.0
-0.15702476235579116,50.0
-0.17002167437603338,50.0
-0.18311767281474178,50.0
-0.19631604051933949,50.0
-0.20961977102959833,50.0
-0.2230315599865908,50.0
-0.2365537970669141,50.0
-0.2501885584539576,50.0
-0.2639375998573678,50.0
-0.27780235009077037,50.0
-0.2917839052170812,50.0
-0.3058830232698545,50.0
-0.320100119558156,50.0
-0.3344352625615946,50.0
-0.3488881704212672,50.0
-0.3634582080313056,50.0
-0.37814438473500545,50.0
-0.39294535262843444,50.0
-0.40785940547346905,50.0
-0.4228844782214144,50.0
-0.43801814714728043,50.0
-0.4532576305939202,50.0
-0.4685997903243362,50.0
-0.4840411334793996,50.0
-0.499577815137462,50.0
-0.5152056414713619,50.0
-0.5309200734973004,50.0
-0.5467162314093926,50.0
-0.5625888994925767,50.0
-0.5785325316058254,50.0
-0.594541257226729,50.0
-0.6106088880475391,50.0
-0.626728925112095,50.0
-0.6428945664821719,50.0
-0.6590987154208616,50.0
-0.6753339890800556,50.0
-0.6915927276781,50.0
-0.7078670041531092,50.0
-0.7241486342766285,50.0
-0.740429187211646,50.0
-0.7566999964983177,50.0
-0.7729521714500764,50.0
-0.7891766089422187,50.0
-0.8053640055744353,50.0
-0.8215048701881996,50.0
-0.8375895367194057,50.0
-0.8536081773661246,50.0
-0.8695508160508916,50.0
-0.8854073421564164,50.0
-0.9011675245133846,50.0
-0.9168210256183883,50.0
-0.9323574160598826,50.0
-0.9477661891296398,50.0
-0.9630367755969449,50.0
-0.9781585586225146,50.0
-0.9931208887889196,50.0
-1.0079130992240777,50.0
-1.0225245207943303,50.0
-1.036944497343452,50.0
-1.0511624009538467,50.0
-1.0651676472062386,50.0
-1.0789497104140997,50.0
-1.0924981388091326,50.0
-1.1058025696541958,50.0
-1.1188527442601393,50.0
-1.1316385228832235,50.0
-1.1441498994799613,50.0
-1.156377016296387,50.0
-1.1683101782690448,50.0
-1.179939867215361,50.0
-1.1912567557912062,50.0
-1.2022517211939734,50.0
-1.2129158585897843,50.0
-1.223240494243906,50.0
-1.2332171983339169,50.0
-1.2428377974255835,50.0
-1.252094386591966,50.0
-1.2609793411568675,50.0
-1.26948532804417,50.0
-1.2776053167153592,50.0
-1.2853325896780274,50.0
-1.2926607525489167,50.0
-1.2995837436556492,50.0
-1.306095843162052,50.0
-1.312191681702646,50.0
-1.317866248512722,50.0
-1.3231148990410633,50.0
-1.327933362033261,50.0
-1.3323177460743256,50.0
-1.336264545580152,50.0
-1.3397706462281933,50.0
-1.342833329818605,50.0
-1.345450278557934,50.0
-1.3476195787583707,50.0
-1.3493397239464027,50.0
-1.3506096173756799,50.0
-1.3514285739397511,50.0
-1.3517963214812951,50.0
-1.3517130014953667,50.0
-1.3511791692250958,50.0
-1.350195793149252,50.0
-1.3487642538619635,50.0
-1.3468863423458397,50.0
-1.344564257640695,50.0
-1.341800603910945,50.0
-1.3385983869157232,50.0
-1.3349610098866718,50.0
-1.3308922688192186,50.0
-1.3263963471841747,50.0
-1.3214778100672304,50.0
-1.3161415977449282,50.0
-1.310393018706534,50.0
-1.3042377421320217,50.0
-1.2976817898373236,50.0
-1.2907315276987787,50.0
-1.283393656569469,50.0
-1.275675202701069,50.0
-1.2675835076854378,50.0
-1.2591262179310376,50.0
-1.250311273689972,50.0
-1.241146897652118,50.0
-1.2316415831235314,50.0
-1.2218040818069666,50.0
-1.2116433912029012,50.0
-1.2011687416502395,50.0
-1.1903895830262214,50.0
-1.1793155711257617,50.0
-1.1679565537409153,50.0
-1.1563225564616406,50.0
-1.144423768219485,50.0
-1.132270526596285,50.0
-1.1198733029202295,50.0
-1.1072426871722294,50.0
-1.0943893727255838,50.0
-1.0813241409424172,50.0
-1.0680578456504999,50.0
-1.0546013975244044,50.0
-1.0409657483949646,50.0
-1.027161875511311,50.0
-1.0132007657797164,50.0
-0.999093400003735,50.0
-0.9848507371499691,50.0
-0.9704836986639167,50.0
-0.95600315286025,50.0
-0.941419899411899,50.0
-0.9267446539620481,50.0
-0.9119880328831603,50.0
-0.8971605382068156,50.0
-0.8822725427481017,50.0
-0.8673342754478817,50.0
-0.8523558069560104,50.0
-0.837347035478261,50.0
-0.8223176729095476,50.0
-0.8072772312751137,50.0
-0.792235009501582,50.0
-0.7772000805387671,50.0
-0.7621812788530122,50.0
-0.7471871883120318,50.0
-0.7322261304809077,50.0
-0.7173061533479477,50.0
-0.7024350204991427,50.0
-0.6876202007584274,50.0
-0.6728688583111053,50.0
-0.6581878433265276,50.0
-0.6435836830957342,50.0
-0.6290625736987745,50.0
-0.6146303722158617,50.0
-0.6002925894953942,50.0
-0.5860543834916306,50.0
-0.5719205531832202,50.0
-0.557895533083568,50.0
-0.543983388352768,50.0
-0.5301878105201322,50.0
-0.516512113825293,50.0
-0.5029592321850952,50.0
-0.48953171679227353,50.0
-0.47623173435148336,50.0
-0.46306106595662466,50.0
-0.4500211066130006,50.0
-0.43711286540657285,50.0
-0.4243369663216991,50.0
-0.4116936497077534,50.0
-0.39918277439403616,50.0
-0.3868038204512714,50.0
-0.3745558925973727,50.0
-0.362437724243649,50.0
-0.3504476821770759,50.0
-0.3385837718730637,50.0
-0.32684364343223604,50.0
-0.31522459813378084,50.0
-0.30372359559696743,50.0
-0.29233726154138207,50.0
-0.2810618961357891,50.0
-0.2698934829242027,50.0
-0.25882769831715924,50.0
-0.24785992163516568,50.0
-0.2369852456904189,50.0
-0.22619848789208186,50.0
-0.21549420185950874,50.0
-0.2048666895270439,50.0
-0.19431001372319917,50.0
-0.18381801120626853,50.0
-0.17338430613762862,50.0
-0.16300232397335984,50.0
-0.1526653057540163,50.0
-0.1423663227717917,50.0
-0.13209829159363437,50.0
-0.12185398941829415,50.0
-0.11162606974467149,50.0
-0.10140707832833834,50.0
-0.0911894694025612,50.0
-0.08096562213962985,50.0
-0.07072785732796645,50.0
-0.0604684542399649,50.0
-0.05017966766518639,50.0
-0.03985374508320488,50.0
-0.02948294395004139,50.0
-0.019059549071951343,50.0
-0.008575890040006584,50.0
0.00197564130124131,50.0
0.012602573377842957,50.0
0.023312337430282187,50.0
0.03411225010409394,50.0
0.0450094961143388,50.0
0.056011111011067705,50.0
0.06712396407271726,50.0
0.07835474135448356,50.0
0.08970992891844937,50.0
0.10119579627216796,50.0
0.11281838004210537,50.0
0.12458346790828762,50.0
0.13649658282596056,50.0
0.1485629675600449,50.0
0.16078756955750695,50.0
0.173175026182678,50.0
0.18572965033987665,50.0
0.19845541650739568,50.0
0.21135594720624845,50.0
0.224434499926786,50.0
0.2376939545353431,50.0
0.25113680118291704,50.0
0.2647651287368329,50.0
0.27858061375596255,50.0
0.2925845100291968,50.0
0.3067776386962564,50.0
0.32116037896900024,50.0
0.33573265947087294,50.0
0.3504939502109085,50.0
0.36544325520834103,50.0
0.380579105782556,50.0
0.39589955452257175,50.0
0.41140216994901035,50.0
0.4270840318809567,50.0
0.4429417275186692,50.0
0.45897134825265706,50.0
0.4751684872080876,50.0
0.49152823753302527,50.0
0.508045191437496,50.0
0.5247134399896983,50.0
0.5415265736742945,50.0
0.558477683717071,50.0
0.5755593641786536,50.0
0.5927637148194673,50.0
0.6100823447364391,50.0
0.6275063767714484,50.0
0.6450264526899128,50.0
0.6626327391272006,50.0
0.6803149342991113,50.0
0.698062275471999,50.0
0.7158635471865182,50.0
0.7337070902283402,50.0
0.7515808113377782,50.0
0.769472193649434,50.0
0.787368307851668,50.0
0.805255824054915,50.0
0.8231210243564933,50.0
0.8409498160889649,50.0
0.8587277457375853,50.0
0.8764400135118326,50.0
0.8940714885547132,50.0
0.9116067247728441,50.0
0.9290299772690053,50.0
0.9463252193585021,50.0
0.9634761601490724,50.0
0.9804662626639515,50.0
0.9972787624862077,50.0
1.0138966869021377,50.0
1.0303028745203993,50.0
1.0464799953430743,50.0
1.0624105712637621,50.0
1.0780769969676398,50.0
1.0934615612071177,50.0
1.1085464684267656,50.0
1.1233138607099786,50.0
1.1377458400197673,50.0
1.1518244907052346,50.0
1.1655319022450439,50.0
1.1788501921984291,50.0
1.1917615293343609,50.0
1.2042481569085606,50.0
1.2162924160582107,50.0
1.2278767692836403,50.0
1.2389838239860949,50.0
1.2495963560305121,50.0
1.259697333302114,50.0
1.2692699392252818,50.0
1.2782975962135046,50.0
1.2867639890186717,50.0
1.2946530879484106,50.0
1.3019491719199752,50.0
1.3086368513193394,50.0
1.314701090634344,50.0
1.3201272308308654,50.0
1.3249010114411441,50.0
1.3290085923338864,50.0
1.3324365751357687,50.0
1.3351720242745055,50.0
1.3372024876140791,50.0
1.3385160166528913,50.0
1.3391011862564561,50.0
1.3389471138963458,50.0
1.3380434783680004,50.0
1.3363805379603864,50.0
1.333949148051205,50.0
1.3307407781019351,50.0
1.3267475280278531,50.0
1.3219621439186424,50.0
1.3163780330863146,50.0
1.309989278417577,50.0
1.3027906520089678,50.0
1.2947776280637326,50.0
1.28594639503035,50.0
1.276293866963571,50.0
1.2658176940897992,50.0
1.2545162725595085,50.0
1.242388753370609,50.0
1.229435050447393,50.0
1.2156558478610486,50.0
1.2010526061786528,50.0
1.1856275679285566,50.0
1.1693837621713976,50.0
1.1523250081669254,50.0
1.1344559181280216,50.0
1.1157818990545334,50.0
1.09630915364048,50.0
1.076044680249641,50.0
1.0549962719556167,50.0
1.0331725146434585,50.0
1.0105827841715247,50.0
0.9872372425931165,50.0
0.9631468334387971,50.0
0.9383232760615047,50.0
0.9127790590477521,50.0
0.8865274326992756,50.0
0.8595824005911421,50.0
0.8319587102128378,50.0
0.8036718427007267,50.0
0.7747380016709815,50.0
0.745174101163481,50.0
0.7149977527082954,50.0
0.6842272515274678,50.0
0.6528815618859598,50.0
0.6209803016068591,50.0
0.5885437257667518,50.0
0.5555927095886437,50.0
0.5221487305504953,50.0
0.4882338497286951,50.0
0.45387069239676486,50.0
0.419082427900519,50.0
0.38389274883187435,50.0
0.34832584952455414,50.0
0.3124064038956525,50.0
0.2761595426579997,50.0
0.2396108299291499,50.0
0.20278623926350003,50.0
0.16571212913496358,50.0
0.12841521789824234,50.0
0.09092255825747786,50.0
0.053261511271846584,50.0
0.01545971992810069,50.0
-0.02245491768923019,50.0
-0.06045427559870961,50.0
-0.09851002746217183,50.0
-0.1365936744320368,50.0
-0.1746765732730195,50.0
-0.21272996472529615,50.0
-0.2507250020755736,50.0
-0.28863277990258246,50.0
-0.3264243629627023,50.0
-0.36407081518204476,50.0
-0.4015432287201078,50.0
-0.4388127530708936,50.0
-0.47585062416680846,50.0
-0.512628193450793,50.0
-0.5491169568819612,50.0
-0.5852885838405208,50.0
-0.6211149458971437,50.0
-0.6565681454128243,50.0
-0.691620543934927,50.0
-0.7262447903555598,50.0
-0.760413848798833,50.0
-0.7941010262034641,50.0
-0.8272799995679553,50.0
-0.8599248428258514,50.0
-0.8920100533188432,50.0
-0.9235105778362568,50.0
-0.9544018381898925,50.0
-0.9846597562935423,50.0
-1.0142607787174753,50.0
-1.043181900688599,50.0
-1.0714006895076222,50.0
-1.0988953073556726,50.0
-1.1256445334629215,50.0
-1.151627785613251,50.0
-1.1768251409592903,50.0
-1.2012173561233852,50.0
-1.2247858865606003,50.0
-1.2475129051612466,50.0
-1.2693813200707664,50.0
-1.290374791706409,50.0
-1.3104777489506483,50.0
-1.3296754045026218,50.0
-1.3479537693698398,50.0
-1.3652996664833723,50.0
-1.3817007434210278,50.0
-1.3971454842240187,50.0
-1.411623220293743,50.0
-1.4251241403565478,50.0
-1.437639299485462,50.0
-1.449160627169033,50.0
-1.4596809344186032,50.0
-1.4691939199067336,50.0
-1.477694175130319,50.0
-1.4851771885936744,50.0
-1.4916393490075426,50.0
-1.4970779475016938,50.0
-1.5014911788496643,50.0
-1.5048781417056398,50.0
-1.5072388378545756,50.0
-1.5085741704779807,50.0
-1.5088859414389257,50.0
-1.5081768475911468,50.0
-1.5064504761182216,50.0
-1.5037112989101167,50.0
-1.4999646659854962,50.0
-1.4952167979694015,50.0
-1.4894747776370907,50.0
-1.4827465405359765,50.0
-1.4750408646986504,50.0
-1.4663673594612496,50.0
-1.4567364534023874,50.0
-1.4461593814189888,50.0
-1.434648170956435,50.0
-1.422215627411426,50.0
-1.4088753187269847,50.0
-1.394641559200005,50.0
-1.379529392522632,50.0
-1.3635545740798416,50.0
-1.3467335525262316,50.0
-1.3290834506661366,50.0
-1.310622045661803,50.0
-1.291367748595277,50.0
-1.2713395834104069,50.0
-1.2505571652619578,50.0
-1.2290406782996302,50.0
-1.2068108529154977,50.0
-1.1838889424836616,50.0
-1.1602966996219153,50.0
-1.1360563520054217,50.0
-1.11119057776299,50.0
-1.0857224804870476,50.0
-1.059675563888676,50.0
-1.033073706129572,50.0
-1.005941133863052,50.0
-0.9783023960164572,50.0
-0.9501823373475828,50.0
-0.9216060718081429,50.0
-0.8925989557467907,50.0
-0.863186560985339,50.0
-0.8333946478008494,50.0
-0.8032491378469027,50.0
-0.7727760870472655,50.0
-0.7420016584947173,50.0
-0.7109520953882223,50.0
-0.6796536940411226,50.0
-0.6481327769927803,50.0
-0.6164156662561715,50.0
-0.5845286567334371,50.0
-0.552497989830799,50.0
-0.5203498273046043,50.0
-0.4881102253691373,50.0
-0.45580510909655714,50.0
-0.4234602471393931,50.0
-0.3911012268043542,50.0
-0.3587534295069641,50.0
-0.3264420066349587,50.0
-0.2941918558480232,50.0
-0.26202759784107754,50.0
-0.2299735535971129,50.0
-0.19805372215512906,50.0
-0.1662917589180556,50.0
-0.13471095452429183,50.0
-0.10333421430618639,50.0
-0.07218403835762488,50.0
-0.041282502231835494,50.0
-0.010651238290139142,50.0
0.019688582279056788,50.0
0.049716266752655947,50.0
0.07941161745881486,50.0
0.10875494764027005,50.0
0.13772709657944404,50.0
0.16630944397079017,50.0
0.19448392352726596,50.0
0.22223303580839737,50.0
0.24953986025891028,50.0
0.27638806644781655,50.0
0.30276192449882244,50.0
0.3286463147044507,50.0
0.3540267363169336,50.0
0.378889315510329,50.0
0.4032208125095527,50.0
0.4270086278827741,50.0
0.4502408079951409,50.0
0.47290604962278265,50.0
0.49499370372714946,50.0
0.5164937783909502,50.0
0.5373969409180874,50.0
0.5576945191009479,50.0
0.5773785016598255,50.0
0.5964415378600015,50.0
0.6148769363133892,50.0
0.6326786629726031,50.0
0.6498413383262726,50.0
0.6663602338057519,50.0
0.6822312674140935,50.0
0.6974509985893643,50.0
0.7120166223153243,50.0
0.7259259624934483,50.0
0.7391774645911635,50.0
0.7517701875822307,50.0
0.7637037951959669,50.0
0.7749785464929347,50.0
0.7855952857855953,50.0
0.7955554319231238,50.0
0.8048609669605423,50.0
0.8135144242328805,50.0
0.8215188758560072,50.0
0.8288779196762404,50.0
0.8355956656917116,50.0
0.8416767219689232,50.0
0.847126180078593,50.0
0.8519496000754208,50.0
0.85615299504693,50.0
0.859742815256971,50.0
0.8627259319099662,50.0
0.8651096205623339,50.0
0.86690154420791,50.0
0.8681097360644736,50.0
0.868742582088821,50.0
0.8688088032479961,50.0
0.8683174375745583,50.0
0.8672778220338548,50.0
0.8656995742314648,50.0
0.8635925739889732,50.0
0.860966944816335,50.0
0.8578330353090499,50.0
0.8542014004983396,50.0
0.8500827831824224,50.0
0.8454880952668657,50.0
0.8404283991418218,50.0
0.8349148891237388,50.0
0.8289588729889303,50.0
0.8225717536260637,50.0
0.8157650108343023,50.0
0.8085501832935393,50.0
0.8009388507326693,50.0
0.7929426163214996,50.0
0.7845730893113685,50.0
0.7758418679490751,50.0
0.7667605226881622,50.0
0.7573405797210584,50.0
0.7475935048548745,50.0
0.7375306877532035,50.0
0.7271634265654098,50.0
0.7165029129643159,50.0
0.705560217612446,50.0
0.6943462760761719,50.0
0.6828718752064584,50.0
0.6711476400039704,50.0
0.6591840209855281,50.0
0.6469912820680962,50.0
0.634579488985506,50.0
0.6219584982523485,50.0
0.6091379466884712,50.0
0.5961272415166149,50.0
0.5829355510448113,50.0
0.5695717959441793,50.0
0.5560446411317108,50.0
0.5423624882668537,50.0
0.5285334688695095,50.0
0.5145654380661175,50.0
0.5004659689695972,50.0
0.4862423476976829,50.0
0.47190156903344016,50.0
0.4574503327304961,50.0
0.44289504046461864,50.0
0.4282417934322345,50.0
0.4134963905954394,50.0
0.39866432757202097,50.0
0.38375079616807956,50.0
0.3687606845497037,50.0
0.3536985780492851,50.0
0.33856876060099184,50.0
0.3233752167988807,50.0
0.30812163457035874,50.0
0.29281140845656584,50.0
0.2774476434903208,50.0
0.26203315966151,50.0
0.24657049695869881,50.0
0.23106192097494982,50.0
0.21550942906500636,50.0
0.1999147570400608,50.0
0.18427938638555708,50.0
0.168604551986682,50.0
0.15289125034536555,50.0
0.1371402482719848,50.0
0.12135209203406994,50.0
0.10552711694380756,50.0
0.08966545736527776,50.0
0.07376705712194298,50.0
0.05783168028400554,50.0
0.041858922315093694,50.0
0.025848221556712292,50.0
0.009798871028840472,50.0
-0.00628996947575855,50.0
-0.022419261026213833,50.0
-0.03859007294030459,50.0
-0.054803569946858754,50.0
-0.07106099914759767,50.0
-0.0873636768025936,50.0
-0.10371297496365695,50.0
-0.12011030798034827,50.0
-0.13655711890334687,50.0
-0.15305486581008731,50.0
-0.16960500807777767,50.0
-0.1862089926287861,50.0
-0.20286824017370497,50.0
-0.21958413147696643,50.0
-0.23635799367034283,50.0
-0.2531910866390793,50.0
-0.2700845895057389,50.0
-0.2870395872362288,50.0
-0.30405705739274935,50.0
-0.3211378570577027,50.0
-0.3382827099526643,50.0
-0.3554921937760972,50.0
-0.3727667277830429,50.0
-0.3901065606298248,50.0
-0.4075117585062579,50.0
-0.4249821935773714,50.0
-0.4425175327563552,50.0
-0.4601172268296093,50.0
-0.4777804999546946,50.0
-0.49550633955076634,50.0
-0.5132934866011276,50.0
-0.5311404263863281,50.0
-0.5490453796660415,50.0
-0.5670062943267968,50.0
-0.5850208375123739,50.0
-0.6030863882525223,50.0
-0.621200030605132,50.0
-0.6393585473261422,50.0
-0.6575584140805734,50.0
-0.6757957942072994,50.0
-0.6940665340493717,50.0
-0.7123661588606147,50.0
-0.7306898692986034,50.0
-0.7490325385129991,50.0
-0.7673887098373543,50.0
-0.7857525950917337,50.0
-0.8041180735021856,50.0
-0.8224786912424527,50.0
-0.8408276616023216,50.0
-0.8591578657857577,50.0
-0.8774618543413787,50.0
-0.8957318492265423,50.0
-0.9139597465053974,50.0
-0.9321371196804353,50.0
-0.9502552236558139,50.0
-0.9683049993298585,50.0
-0.9862770788133941,50.0
-1.0041617912690346,50.0
-1.0219491693661502,50.0
-1.0396289563449228,50.0
-1.057190613681985,50.0
-1.0746233293494387,50.0
-1.091916026657648,50.0
-1.1090573736716798,50.0
-1.126035793190286,50.0
-1.1428394732751492,50.0
-1.1594563783176417,50.0
-1.1758742606291772,50.0
-1.1920806725404545,50.0
-1.2080629789943014,50.0
-1.2238083706156269,50.0
-1.239303877241523,50.0
-1.2545363818938322,50.0
-1.2694926351754199,50.0
-1.2841592700710955,50.0
-1.29852281713324,50.0
-1.312569720031541,50.0
-1.3262863514457806,50.0
-1.3396590292798611,50.0
-1.352674033174718,50.0
-1.3653176212974825,50.0
-1.3775760473833698,50.0
-1.3894355780067125,50.0
-1.4008825100568683,50.0
-1.4119031883943787,50.0
-1.4224840236626748,50.0
-1.4326115102298123,50.0
-1.4422722442349336,50.0
-1.4514529417136526,50.0
-1.4601404567763723,50.0
-1.468321799813412,50.0
-1.4759841557007647,50.0
-1.4831149019800227,50.0
-1.4897016269862147,50.0
-1.4957321478970436,50.0
-1.5011945286771353,50.0
-1.5060770978910827,50.0
-1.510368466358921,50.0
-1.5140575446280686,50.0
-1.5171335602357607,50.0
-1.519586074736242,50.0
-1.521405000467464,50.0
-1.5225806170318448,50.0
-1.523103587466548,50.0
-1.5229649740785938,50.0
-1.5221562539209241,50.0
-1.5206693338855966,50.0
-1.5184965653911175,50.0
-1.5156307586410989,50.0
-1.512065196432238,50.0
-1.5077936474899543,50.0
-1.5028103793107606,50.0
-1.4971101704910585,50.0
-1.490688322522641,50.0
-1.483540671035947,50.0
-1.4756635964727876,50.0
-1.4670540341709855,50.0
-1.4577094838443254,50.0
-1.4476280184415984,50.0
-1.4368082923698826,50.0
-1.4252495490675812,50.0
-1.4129516279138588,50.0
-1.3999149704619016,50.0
-1.3861406259844324,50.0
-1.3716302563206488,50.0
-1.3563861400148935,50.0
-1.3404111757382058,50.0
-1.3237088849848435,50.0
-1.3062834140369666,50.0
-1.288139535191572,50.0
-1.2692826472447338,50.0
-1.24971877522936,50.0
-1.2294545694034753,50.0
-1.2084973034873732,50.0
-1.186854872148564,50.0
-1.164535787734986,50.0
-1.1415491762575198,50.0
-1.117904772624216,50.0
-1.0936129151293337,50.0
-1.0686845392017716,50.0
-1.0431311704180033,50.0
-1.016964916785927,50.0
-0.9901984603070357,50.0
-0.9628450478252023,50.0
-0.9349184811713426,50.0
-0.9064331066144709,50.0
-0.8774038036301504,50.0
-0.8478459729987066,50.0
-0.8177755242464182,50.0
-0.7872088624434244,50.0
-0.7561628743736815,50.0
-0.7246549140925118,50.0
-0.6927027878885338,50.0
-0.6603247386675264,50.0
-0.6275394297762777,50.0
-0.5943659282859108,50.0
-0.5608236877542361,50.0
-0.5269325304877541,50.0
-0.4927126293247381,50.0
-0.45818448896119646,50.0
-0.423368926842325,50.0
-0.3882870536428532,50.0
-0.352960253359777,50.0
-0.31741016304204495,50.0
-0.2816586521821022,50.0
-0.2457278017942771,50.0
-0.2096398832062799,50.0
-0.17341733658966285,50.0
-0.13708274925595776,50.0
-0.10065883374548501,50.0
-0.06416840573572902,50.0
-0.02763436179724299,50.0
0.00892034297554567,50.0
0.04547271743069459,50.0
0.08199975689401395,50.0
0.11847846574528886,50.0
0.15488588000715908,50.0
0.191199089918197,50.0
0.22739526246222252,50.0
0.2634516638253617,50.0
0.2993456817526803,50.0
0.33505484777670586,50.0
0.3705568592894593,50.0
0.40582960143067803,50.0
0.44085116876463915,50.0
0.47559988671840564,50.0
0.5100543327546609,50.0
0.5441933572526481,50.0
0.5779961040708799,50.0
0.6114420307662137,50.0
0.6445109284436538,50.0
0.6771829412124313,50.0
0.7094385852239167,50.0
0.7412587672676274,50.0
0.7726248029024028,50.0
0.8035184340999898,50.0
0.8339218463795355,50.0
0.8638176854112829,50.0
0.8931890730697283,50.0
0.9220196229158311,50.0
0.9502934550897053,50.0
0.977995210595588,50.0
1.0051100649615419,50.0
1.0316237412575924,50.0
1.0575225224565226,50.0
1.0827932631225345,50.0
1.1074234004139138,50.0
1.131400964386851,50.0
1.154714587588167,50.0
1.177353513926101,50.0
1.1993076068089583,50.0
1.220567356542412,50.0
1.2411238869775922,50.0
1.2609689614024273,50.0
1.2800949876706327,50.0
1.2984950225628002,50.0
1.3161627753757605,50.0
1.3330926107372045,50.0
1.3492795506434339,50.0
1.3647192757193185,50.0
1.379408125700713,50.0
1.3933430991401523,50.0
1.4065218523381935,50.0
1.4189426975035315,50.0
1.430604600146062,50.0
1.4415071757081188,50.0
1.4516506854402165,50.0
1.461036031528337,50.0
1.469664751481248,50.0
1.4775390117867964,50.0
1.484661600847562,50.0
1.4910359212068742,50.0
1.4966659810772365,50.0
1.5015563851842457,50.0
1.5057123249397322,50.0
1.5091395679589004,50.0
1.5118444469372037,50.0
1.5138338479031535,50.0
1.515115197864505,50.0
1.5156964518657112,50.0
1.5155860794755678,50.0
1.5147930507243625,50.0
1.5133268215110147,50.0
1.5111973185008343,50.0
1.5084149235356317,50.0
1.5049904575782675,50.0
1.5009351642143727,50.0
1.4962606927345405,50.0
1.4909790808207917,50.0
1.485102736861662,50.0
1.4786444219205654,50.0
1.4716172313826203,50.0
1.464034576305564,50.0
1.4559101645004744,50.0
1.447257981368665,50.0
1.4380922705210097,50.0
1.4284275142066487,50.0
1.4182784135776532,50.0
1.4076598688169872,50.0
1.3965869591566944,50.0
1.3850749228136974,50.0
1.3731391368704688,50.0
1.3607950971278222,50.0
1.348058397957109,50.0
1.3349447121790177,50.0
1.321469770996079,50.0
1.3076493440057542,50.0
1.293499219320831,50.0
1.2790351838238587,50.0
1.2642730035815366,50.0
1.2492284044454256,50.0
1.2339170528642556,50.0
1.2183545369334832,50.0
1.2025563477065897,50.0
1.1865378607929022,50.0
1.1703143182656701,50.0
1.1539008109039992,50.0
1.1373122607915795,50.0
1.1205634042944608,50.0
1.1036687754398646,50.0
1.0866426897169106,50.0
1.0694992283200369,50.0
1.0522522228547506,50.0
1.0349152405248077,50.0
1.0175015698194079,50.0
1.0000242067176617,50.0
0.9824958414275686,50.0
0.9649288456751384,50.0
0.947335260559244,50.0
0.9297267849861783,50.0
0.9121147646977485,50.0
0.8945101819052372,50.0
0.876923645541122,50.0
0.8593653821393046,50.0
0.8418452273536148,50.0
0.8243726181237274,50.0
0.8069565854961883,50.0
0.7896057481078516,50.0
0.7723283063375949,50.0
0.7551320371313948,50.0
0.7380242895049987,50.0
0.7210119807270992,50.0
0.7041015931853148,50.0
0.6872991719359384,50.0
0.6706103229378202,50.0
0.6540402119692905,50.0
0.6375935642265177,50.0
0.621274664600348,50.0
0.6050873586279382,50.0
0.58903505411444,50.0
0.5731207234189555,50.0
0.5573469063982854,50.0
0.5417157140006643,50.0
0.5262288325012177,50.0
0.5108875283695953,50.0
0.4956926537594701,50.0
0.48064465260885436,50.0
0.465743567339035,50.0
0.45098904613938917,50.0
0.43638035082426363,50.0
0.42191636524759346,50.0
0.40759560425979696,50.0
0.3934162231910989,50.0
0.3793760278444184,50.0
0.365472484980454,50.0
0.3517027332768203,50.0
0.3380635947424389,50.0
0.3245515865678647,50.0
0.3111629333915373,50.0
0.29789357996137034,50.0
0.28473920417076237,50.0
0.2716952304473177,50.0
0.2587568434723819,50.0
0.24591900220885632,50.0
0.2331764542145072,50.0
0.22052375021749582,50.0
0.2079552589306959,50.0
0.1954651820808495,50.0
0.1830475696285574,50.0
0.170696335154781,50.0
0.15840527138931781,50.0
0.14616806585667658,50.0
0.13397831661453197,50.0
0.1218295480599752,50.0
0.10971522677868717,50.0
0.09762877741206627,50.0
0.08556359851763623,50.0
0.07351307839782167,50.0
0.06147061087248501,50.0
0.04942961097071419,50.0
0.03738353051748711,50.0
0.025325873591096337,50.0
0.013250211827486702,50.0
0.001150199547867048,50.0
-0.010980411313640859,50.0
-0.02314775650526224,50.0
-0.035357844998256505,50.0
-0.04761654479513905,50.0
-0.05992956902712965,50.0
-0.07230246236196602,50.0
-0.08474058774277121,50.0
-0.09724911347810378,50.0
-0.10983300070274499,50.0
-0.12249699122809876,50.0
-0.13524559580066797,50.0
-0.14808308278609128,50.0
-0.16101346729590182,50.0
-0.17404050077316197,50.0
-0.1871676610525871,50.0
-0.2003981429099413,50.0
-0.21373484911472734,50.0
-0.2271803819994827,50.0
-0.24073703555797826,50.0
-0.2544067880840651,50.0
-0.26819129536185227,50.0
-0.28209188441712424,50.0
-0.2961095478390328,50.0
-0.3102449386802277,50.0
-0.32449836594269316,50.0
-0.3388697906555015,50.0
-0.3533588225501552,50.0
-0.36796471733776925,50.0
-0.3826863745918113,50.0
-0.3975223362391301,50.0
-0.4124707856607186,50.0
-0.42752954740331733,50.0
-0.44269608750141476,50.0
-0.4579675144088045,50.0
-0.4733405805374363,50.0
-0.4888116844007951,50.0
-0.504376873357856,50.0
-0.5200318469528041,50.0
-0.5357719608448372,50.0
-0.5515922313214718,50.0
-0.5674873403878877,50.0
-0.5834516414237738,50.0
-0.5994791653987588,50.0
-0.6155636276360072,50.0
-0.631698435113336,50.0
-0.6478766942899461,50.0
-0.6640912194463826,50.0
-0.6803345415243526,50.0
-0.6965989174522689,50.0
-0.7128763399419439,50.0
-0.7291585477406479,50.0
-0.7454370363225515,50.0
-0.7617030690026109,50.0
-0.77794768845537,50.0
-0.7941617286205775,50.0
-0.8103358269770069,50.0
-0.826460437165077,50.0
-0.8425258419386231,50.0
-0.85852216642552,50.0
-0.8744393916763213,50.0
-0.8902673684798807,50.0
-0.9059958314242578,50.0
-0.9216144131810644,50.0
-0.9371126589909187,50.0
-0.9524800413273644,50.0
-0.9677059747165773,50.0
-0.9827798306895845,50.0
-0.997690952843783,50.0
-1.0124286719904396,50.0
-1.0269823213643805,50.0
-1.0413412518723208,50.0
-1.0554948473561911,50.0
-1.0694325398475326,50.0
-1.0831438247893952,50.0
-1.0966182762020336,50.0
-1.1098455617687277,50.0
-1.1228154578183833,50.0
-1.1355178641815107,50.0
-1.1479428188965748,50.0
-1.1600805127437437,50.0
-1.1719213035834173,50.0
-1.1834557304773363,50.0
-1.1946745275701278,50.0
-1.2055686377097166,50.0
-1.216129225785488,50.0
-1.2263476917632183,50.0
-1.2362156833965412,50.0
-1.2457251085951364,50.0
-1.2548681474302246,50.0
-1.2636372637586712,50.0
-1.2720252164475112,50.0
-1.2800250701812113,50.0
-1.2876302058348796,50.0
-1.2948343303969927,50.0
-1.3016314864261247,50.0
-1.3080160610267515,50.0
-1.3139827943299363,50.0
-1.3195267874655723,50.0
-1.324643510013458,50.0
-1.3293288069213842,50.0
-1.3335789048792734,50.0
-1.3373904181390541,50.0
-1.3407603537709987,50.0
-1.343686116347975,50.0
-1.3461655120500375,50.0
-1.3481967521825495,50.0
-1.3497784561020345,50.0
-1.3509096535448155,50.0
-1.351589786354357,50.0
-1.3518187096042784,50.0
-1.3515966921147662,50.0
-1.350924416361197,50.0
-1.34980297777458,50.0
-1.348233883434458,50.0
-1.3462190501557996,50.0
-1.3437608019722997,50.0
-1.3408618670195565,50.0
-1.3375253738223338,50.0
-1.3337548469912561,50.0
-1.3295542023349187,50.0
-1.3249277413946206,50.0
-1.3198801454095483,50.0
-1.3144164687211353,50.0
-1.3085421316265422,50.0
-1.3022629126914256,50.0
-1.2955849405336899,50.0
-1.2885146850901514,50.0
-1.2810589483792838,50.0
-1.2732248547737255,50.0
-1.265019840797085,50.0
-1.2564516444604021,50.0
-1.2475282941541783,50.0
-1.2382580971127517,50.0
-1.2286496274683072,50.0
-1.2187117139126966,50.0
-1.2084534269854748,50.0
-1.1978840660076637,50.0
-1.1870131456808437,50.0
-1.175850382371984,50.0
-1.1644056801049154,50.0
-1.1526891162795987,50.0
-1.1407109271412232,50.0
-1.1284814930209848,50.0
-1.1160113233714166,50.0
-1.1033110416189562,50.0
-1.0903913698570082,50.0
-1.0772631134030841,50.0
-1.0639371452436364,50.0
-1.0504243903905637,50.0
-1.0367358101734887,50.0
-1.0228823864921126,50.0
-1.008875106052793,50.0
-0.9947249446140114,50.0
-0.9804428512649386,50.0
-0.9660397327615764,50.0
-0.9515264379449078,50.0
-0.9369137422651332,50.0
-0.9222123324364611,50.0
-0.9074327912460627,50.0
-0.8925855825413085,50.0
-0.8776810364187808,50.0
-0.8627293346380943,50.0
-0.8477404962839625,50.0
-0.83272436369883,50.0
-0.8176905887084727,50.0
-0.802648619162447,50.0
-0.7876076858108744,50.0
-0.7725767895382802,50.0
-0.7575646889754322,50.0
-0.7425798885085177,50.0
-0.7276306267054573,50.0
-0.7127248651779267,50.0
-0.6978702778971603,50.0
-0.6830742409812365,50.0
-0.6683438229703091,50.0
-0.6536857756061518,50.0
-0.6391065251312986,50.0
-0.6246121641221096,50.0
-0.6102084438699795,50.0
-0.5959007673233736,50.0
-0.5816941826029569,50.0
-0.5675933771011703,50.0
-0.5536026721767174,50.0
-0.5397260184533562,50.0
-0.5259669917320782,50.0
-0.5123287895239383,50.0
-0.4988142282107808,50.0
-0.4854257408395181,50.0
-0.47216537555501137,50.0
-0.4590347946755789,50.0
-0.44603527441398244,50.0
-0.43316770524614306,50.0
-0.4204325929285977,50.0
-0.40783006016458867,50.0
-0.39535984891821113,50.0
-0.38302132337448525,50.0
-0.3708134735425412,50.0
-0.3587349194980934,50.0
-0.3467839162603956,50.0
-0.33495835929763745,50.0
-0.3232557906543943,50.0
-0.31167340569295865,50.0
-0.3002080604401614,50.0
-0.28885627952986515,50.0
-0.27761426473062745,50.0
-0.2664779040470599,50.0
-0.25544278138238824,50.0
-0.2445041867490605,50.0
-0.23365712701318142,50.0
-0.22289633715775625,50.0
-0.2122162920489521,50.0
-0.2016112186887551,50.0
-0.19107510893649723,50.0
-0.18060173268119567,50.0
-0.17018465144568648,50.0
-0.1598172324028717,50.0
-0.14949266278391676,50.0
-0.13920396465720397,50.0
-0.12894401005660164,50.0
-0.1187055364366969,50.0
-0.10848116243235098,50.0
-0.09826340389910776,50.0
-0.08804469021075637,50.0
-0.07781738078971773,50.0
-0.06757378184549025,50.0
-0.0573061632961222,50.0
-0.047006775847088234,50.0
-0.036667868201916115,50.0
-0.02628170437826441,50.0
-0.015840581103295004,50.0
-0.00533684526155595,50.0
0.005237088631226405,50.0
0.015888720955447355,50.0
0.026625449542967833,50.0
0.037454552287555815,50.0
0.048383169837584894,50.0
0.05941828839792296,50.0
0.07056672266822467,50.0
0.08183509894433116,50.0
0.0932298384096989,50.0
0.10475714064349051,50.0
0.11642296737153407,50.0
0.12823302648660373,50.0
0.14019275636354805,50.0
0.15230731049509832,50.0
0.16458154247323525,50.0
0.17701999134113316,50.0
0.18962686733979295,50.0
0.20240603807334612,50.0
0.21536101511627126,50.0
0.22849494108531565,50.0
0.24181057719838944,50.0
0.255310291341852,50.0
0.26899604666737686,50.0
0.28286939073834083,50.0
0.2969314452454855,50.0
0.3111828963106563,50.0
0.325623985396394,50.0
0.3402545008389541,50.0
0.3550737700208265,50.0
0.3700806521985577,50.0
0.38527353200027076,50.0
0.4006503136069155,50.0
0.4162084156298544,50.0
0.4319447666968414,50.0
0.4478558017571985,50.0
0.4639374591161649,50.0
0.4801851782074076,50.0
0.4965938981115172,50.0
0.5131580568274399,50.0
0.529871591302691,50.0
0.546727938227089,50.0
0.5637200355937421,50.0
0.5808403250299353,50.0
0.5980807548995223,50.0
0.6154327841771539,50.0
0.6328873870939334,50.0
0.6504350585524987,50.0
0.6680658203090284,50.0
0.685769227917986,50.0
0.7035343784347806,50.0
0.7213499188701304,50.0
0.7392040553890495,50.0
0.7570845632461036,50.0
0.774978797447639,50.0
0.7928737041305938,50.0
0.8107558326464783,50.0
0.8286113483379772,50.0
0.8464260459946987,50.0
0.8641853639735562,50.0
0.8818743989683577,50.0
0.8994779214118885,50.0
0.9169803914934452,50.0
0.9343659757730077,50.0
0.9516185643731943,50.0
0.9687217887285431,50.0
0.985659039871291,50.0
1.002413487231692,50.0
1.0189680979303175,50.0
1.0353056565388261,50.0
1.0514087852850464,50.0
1.0672599646775578,50.0
1.0828415545240113,50.0
1.0981358153172474,50.0
1.1131249299620516,50.0
1.127791025815335,50.0
1.142116197011759,50.0
1.1560825270461277,50.0
1.1696721115839563,50.0
1.1828670814703988,50.0
1.1956496259081497,50.0
1.2080020157739195,50.0
1.2199066270431829,50.0
1.231345964292398,50.0
1.2423026842478255,50.0
1.2527596193497224,50.0
1.26269980130065,50.0
1.2721064845665542,50.0
1.2809631697990025,50.0
1.2892536271473216,50.0
1.2969619194289395,50.0
1.3040724251266456,50.0
1.310569861181556,50.0
1.3164393055503802,50.0
1.3216662194963866,50.0
1.3262364695829993,50.0
1.3301363493398553,50.0
1.3333526005710368,50.0
1.3358724342757722,50.0
1.3376835511522418,50.0
1.3387741616555642,50.0
1.3391330055814965,50.0
1.3387493711479541,50.0
1.3376131135470217,50.0
1.3357146729405858,50.0
1.3330450918736112,50.0
1.3295960320795048,50.0
1.3253597906528047,50.0
1.320329315565362,50.0
1.3144982205025264,50.0
1.307860798997188,50.0
1.3004120378399118,50.0
1.2921476297445664,50.0
1.2830639852496473,50.0
1.273158243836357,50.0
1.2624282842456662,50.0
1.2508727339773025,50.0
1.2384909779548494,50.0
1.2252831663420385,50.0
1.2112502214964622,50.0
1.1963938440478536,50.0
1.1807165180894503,50.0
1.1642215154717603,50.0
1.146912899189348,50.0
1.1287955258525402,50.0
1.1098750472366719,50.0
1.090157910903208,50.0
1.0696513598878084,50.0
1.0483634314518393,50.0
1.0263029548950242,50.0
1.0034795484279142,50.0
0.9799036151043758,50.0
0.9555863378153211,50.0
0.9305396733459381,50.0
0.9047763455004099,50.0
0.8783098372987731,50.0
0.8511543822519692,50.0
0.8233249547225414,50.0
0.7948372593792286,50.0
0.765707719755137,50.0
0.7359534659204782,50.0
0.7055923212814897,50.0
0.674642788518927,50.0
0.6431240346802405,50.0
0.6110558754406762,50.0
0.5784587585499708,50.0
0.5453537464818381,50.0
0.5117624983050356,50.0
0.4777072507955535,50.0
0.4432107988102159,50.0
0.4082964749437511,50.0
0.37298812849145385,50.0
0.3373101037408922,50.0
0.3012872176173448,50.0
0.26494473670759167,50.0
0.2283083536885886,50.0
0.19140416318760656,50.0
0.1542586371013852,50.0
0.11689859940276026,50.0
0.07935120046371907,50.0
0.041643890924405624,50.0
0.00380439513866232,50.0
-0.034139315773345336,50.0
-0.072159051233806,50.0
-0.11022642884530792,50.0
-0.14831290232625327,50.0
-0.18638978971026332,50.0
-0.22442830177688938,50.0
-0.262399570680053,50.0
-0.30027467874015906,50.0
-0.3380246873662261,50.0
-0.3756206660736039,50.0
-0.4130337215628279,50.0
-0.4502350268253142,50.0
-0.4871958502411509,50.0
-0.5238875846343987,50.0
-0.5602817762515359,50.0
-0.5963501536281988,50.0
-0.6320646563101348,50.0
-0.6673974633939247,50.0
-0.7023210218535099,50.0
-0.7368080746187239,50.0
-0.770831688372324,50.0
-0.8043652810322444,50.0
-0.8373826488864687,50.0
-0.8698579933478395,50.0
-0.9017659472971576,50.0
-0.9330816009829903,50.0
-0.9637805274472562,50.0
-0.9938388074464111,50.0
-1.0232330538384429,50.0
-1.05194043540662,50.0
-1.0799387000917864,50.0
-1.1072061976054606,50.0
-1.1337219013969735,50.0
-1.159465429948588,50.0
-1.1844170673734085,50.0
-1.2085577832917613,50.0
-1.2318692519626209,50.0
-1.2543338706475393,50.0
-1.2759347771856364,50.0
-1.2966558667589634,50.0
-1.3164818078288951,50.0
-1.3353980572247761,50.0
-1.3533908743677303,50.0
-1.370447334612964,50.0
-1.386555341695538,50.0
-1.4017036392652864,50.0
-1.4158818214981483,50.0
-1.4290803427718521,50.0
-1.4412905263954305,50.0
-1.4525045723830674,50.0
-1.4627155642640082,50.0
-1.4719174749214998,50.0
-1.4801051714548008,50.0
-1.4872744190598552,50.0
-1.493421883924982,50.0
-1.4985451351396104,50.0
-1.5026426456150328,50.0
-1.5057137920174346,50.0
-1.5077588537148932,50.0
-1.508779010740893,50.0
-1.5087763407785488,50.0
-1.5077538151704721,50.0
-1.5057152939610319,50.0
-1.5026655199782812,50.0
-1.4986101119645352,50.0
-1.4935555567655259,50.0
-1.4875092005892676,50.0
-1.4804792393468404,50.0
-1.4724747080886422,50.0
-1.4635054695504246,50.0
-1.4535822018248872,50.0
-1.4427163851754177,50.0
-1.4309202880096572,50.0
-1.4182069520316756,50.0
-1.4045901765924862,50.0
-1.3900845022594923,50.0
-1.3747051936266743,50.0
-1.3584682213877723,50.0
-1.3413902436961913,50.0
-1.323488586835706,50.0
-1.3047812252269408,50.0
-1.2852867607957328,50.0
-1.2650244017297947,50.0
-1.244013940650896,50.0
-1.2222757322308586,50.0
-1.1998306702794843,50.0
-1.1767001643340511,50.0
-1.1529061157799134,50.0
-1.128470893532408,50.0
-1.103417309310987,50.0
-1.0777685925366076,50.0
-1.0515483648839226,50.0
-1.0247806145203562,50.0
-0.9974896700639796,50.0
-0.9697001742929605,50.0
-0.9414370576391631,50.0
-0.9127255114985826,50.0
-0.8835909613919652,50.0
-0.854059040008494,50.0
-0.8241555601655602,50.0
-0.7939064877181548,50.0
-0.7633379144504953,50.0
-0.7324760309831826,50.0
-0.7013470997287933,50.0
-0.6699774279283504,50.0
-0.6383933408014747,50.0
-0.6066211548422018,50.0
-0.5746871512924678,50.0
-0.5426175498249639,50.0
-0.5104384824663211,50.0
-0.47817596779162885,50.0
-0.44585588542049903,50.0
-0.41350395084446334,50.0
-0.38114569061497683,50.0
-0.34880641792085265,50.0
-0.3165112085828883,50.0
-0.2842848774935791,50.0
-0.2521519555281442,50.0
-0.22013666695318146,50.0
-0.18826290735823692,50.0
-0.15655422213453218,50.0
-0.12503378552481137,50.0
-0.09372438026674246,50.0
-0.06264837785236421,50.0
-0.03182771942395346,50.0
-0.0012838973269921894,50.0
0.0289620626609024,50.0
0.05888961840674056,50.0
0.08847872778759225,50.0
0.1177098643282567,50.0
0.14656403209630198,50.0
0.17502277984013548,50.0
0.2030682143571676,50.0
0.23068301308013917,50.0
0.25785043587082246,50.0
0.2845543360110918,50.0
0.31077917038302516,50.0
0.33651000883034965,50.0
0.3617325426949026,50.0
0.3864330925227807,50.0
0.4105986149363046,50.0
0.4342167086685031,50.0
0.4572756197585587,50.0
0.47976424590733213,50.0
0.5016721399936155,50.0
0.5229895127524676,50.0
0.5437072346185738,50.0
0.5638168367382707,50.0
0.5833105111552268,50.0
0.6021811101759285,50.0
0.6204221449218622,50.0
0.6380277830768833,50.0
0.65499284583875,50.0
0.6713128040852921,50.0
0.6869837737665061,50.0
0.7020025105348027,50.0
0.7163664036269441,50.0
0.7300734690116629,50.0
0.743122341818427,50.0
0.755512268063277,50.0
0.7672430956889392,50.0
0.778315264936922,50.0
0.7887297980704604,50.0
0.7984882884677212,50.0
0.8075928891055917,50.0
0.8160463004551379,50.0
0.8238517578103881,50.0
0.8310130180729948,50.0
0.8375343460157046,50.0
0.8434205000484142,50.0
0.8486767175110614,50.0
0.853308699518069,50.0
0.8573225953797345,50.0
0.8607249866262332,50.0
0.8635228706604912,50.0
0.8657236440663996,50.0
0.8673350855993859,50.0
0.8683653388864783,50.0
0.8688228948633937,50.0
0.8687165739763495,50.0
0.8680555081764962,50.0
0.8668491227350084,50.0
0.8651071179070081,50.0
0.8628394504725253,50.0
0.8600563151827064,50.0
0.8567681261395298,50.0
0.852985498137194,50.0
0.8487192279931945,50.0
0.8439802758970912,50.0
0.8387797468046272,50.0
0.8331288719048304,50.0
0.8270389901872857,50.0
0.8205215301366107,50.0
0.8135879915807636,50.0
0.8062499277194515,50.0
0.7985189273585102,50.0
0.790406597375713,50.0
0.7819245454428609,50.0
0.7730843630286888,50.0
0.7638976087064101,50.0
0.7543757917891416,50.0
0.7445303563160512,50.0
0.7343726654110634,50.0
0.7239139860356406,50.0
0.7131654741562248,50.0
0.702138160346254,50.0
0.6908429358419395,50.0
0.679290539070188,50.0
0.6674915426661918,50.0
0.6554563409974552,50.0
0.6431951382101135,50.0
0.6307179368125088,50.0
0.6180345268102185,50.0
0.6051544754055839,50.0
0.5920871172740945,50.0
0.5788415454289071,50.0
0.5654266026837539,50.0
0.5518508737238033,50.0
0.5381226777925882,50.0
0.5242500620026446,50.0
0.5102407952760416,50.0
0.49610236292034154,50.0
0.4818419618441351,50.0
0.46746649641574245,50.0
0.45298257496717576,50.0
0.43839650694476834,50.0
0.4237143007067182,50.0
0.40894166196672055,50.0
0.3940839928820882,50.0
0.3791463917833748,50.0
0.3641336535418729,50.0
0.3490502705701237,50.0
0.33390043444969825,50.0
0.31868803817953545,50.0
0.30341667903700476,50.0
0.28808966204324726,50.0
0.2727100040229767,50.0
0.25728043824843316,50.0
0.24180341965584196,50.0
0.22628113062237887,50.0
0.21071548729021905,50.0
0.19510814642384444,50.0
0.17946051278571518,50.0
0.163773747014758,50.0
0.14804877399127248,50.0
0.13228629167113704,50.0
0.11648678037153215,50.0
0.10065051248962498,50.0
0.08477756263507719,50.0
0.06886781815662346,50.0
0.05292099004218187,50.0
0.03693662417180821,50.0
0.020914112901753268,50.0
0.004852706957811925,50.0
-0.011248472384509656,50.0
-0.02739042085591692,50.0
-0.04357423850853781,50.0
-0.05980111681404754,50.0
-0.07607232556866983,50.0
-0.09238919962922687,50.0
-0.10875312550470662,50.0
-0.12516552782804946,50.0
-0.14162785573291725,50.0
-0.15814156916049904,50.0
-0.1747081251213417,50.0
-0.19132896393732102,50.0
-0.2080054954890206,50.0
-0.22473908549335986,50.0
-0.24153104183681495,50.0
-0.2583826009889898,50.0
-0.27529491452138755,50.0
-0.29226903575609753,50.0
-0.3093059065687433,50.0
-0.3264063443698713,50.0
-0.3435710292887395,50.0
-0.36080049158300453,50.0
-0.3780950992975313,50.0
-0.39545504619519756,50.0
-0.41288033998196916,50.0
-0.43037079084830954,50.0
-0.44792600034822394,50.0
-0.4655453506368852,50.0
-0.4832279940872777,50.0
-0.5009728433053658,50.0
-0.518778561563197,50.0
-0.5366435536682163,50.0
-0.5545659572866083,50.0
-0.5725436347378776,50.0
-0.5905741652768964,50.0
-0.6086548378790224,50.0
-0.6267826445431933,50.0
-0.644954274126974,50.0
-0.6631661067265598,50.0
-0.681414208614491,50.0
-0.6996943277460583,50.0
-0.7180018898453865,50.0
-0.7363319950806332,50.0
-0.7546794153371829,50.0
-0.7730385920967369,50.0
-0.7914036349290015,50.0
-0.8097683206021884,50.0
-0.8281260928171159,50.0
-0.8464700625689752,50.0
-0.8647930091398583,50.0
-0.8830873817241207,50.0
-0.9013453016874697,50.0
-0.919558565460108,50.0
-0.9377186480628932,50.0
-0.9558167072644851,50.0
-0.9738435883669896,50.0
-0.991789829615728,50.0
-1.0096456682287107,50.0
-1.0274010470397013,50.0
-1.045045621748208,50.0
-1.0625687687687093,50.0
-1.0799595936702127,50.0
-1.0972069401967917,50.0
-1.1142993998583355,50.0
-1.1312253220801143,50.0
-1.1479728248988703,50.0
-1.1645298061922265,50.0
-1.1808839554271444,50.0
-1.1970227659128012,50.0
-1.2129335475419687,50.0
-1.2286034400044192,50.0
-1.244019426455072,50.0
-1.2591683476189546,50.0
-1.2740369163140772,50.0
-1.288611732372874,50.0
-1.3028792979420334,50.0
-1.3168260331401567,50.0
-1.3304382920516309,50.0
-1.3437023790350855,50.0
-1.3566045653237677,50.0
-1.369131105894886,50.0
-1.3812682565846768,50.0
-1.3930022914249598,50.0
-1.4043195201771979,50.0
-1.4152063060391988,50.0
-1.4256490834994826,50.0
-1.4356343763140305,50.0
-1.4451488155797043,50.0
-1.4541791578787593,50.0
-1.4627123034681606,50.0
-1.4707353144877588,50.0
-1.4782354331608214,50.0
-1.4852000999608388,50.0
-1.4916169717179035,50.0
-1.4974739396385115,50.0
-1.5027591472122386,50.0
-1.5074610079790194,50.0
-1.511568223131028,50.0
-1.5150697989228161,50.0
-1.5179550638641124,50.0
-1.5202136856696487,50.0
-1.5218356879403485,50.0
-1.5228114665514043,50.0
-1.5231318057218342,50.0
-1.5227878937417825,50.0
-1.5217713383331866,50.0
-1.5200741816206378,50.0
-1.5176889146890975,50.0
-1.5146084917062623,50.0
-1.5108263435875018,50.0
-1.5063363911818834,50.0
-1.5011330579586915,50.0
-1.4952112821741408,50.0
-1.4885665284990186,50.0
-1.4811947990882586,50.0
-1.473092644074542,50.0
-1.464257171468692,50.0
-1.454686056450099,50.0
-1.4443775500319163,50.0
-1.4333304870855437,50.0
-1.421544293711042,50.0
-1.4090189939396636,50.0
-1.3957552157568462,50.0
-1.3817541964337543,50.0
-1.3670177871573121,50.0
-1.351548456949195,50.0
-1.3353492958649886,50.0
-1.3184240174662816,50.0
-1.3007769605588841,50.0
-1.2824130901917523,50.0
-1.2633379979119155,50.0
-1.2435579012718334,50.0
-1.2230796425867612,50.0
-1.201910686940423,50.0
-1.180059119438727,50.0
-1.157533641711627,50.0
-1.134343567665295,50.0
-1.1104988184864586,50.0
-1.086009916903269,50.0
-1.0608879807066627,50.0
-1.0351447155382456,50.0
-1.0087924069513445,50.0
-0.9818439117526875,50.0
-0.9543126486334701,50.0
-0.9262125880995051,50.0
-0.8975582417109638,50.0
-0.8683646506433207,50.0
-0.8386473735819138,50.0
-0.8084224739636031,50.0
-0.7777065065799386,50.0
-0.7465165035569477,50.0
-0.7148699597275276,50.0
-0.6827848174136493,50.0
-0.6502794506359295,50.0
-0.617372648769114,50.0
-0.5840835996629171,50.0
-0.5504318722481558,50.0
-0.5164373986492137,50.0
-0.48212045582400853,50.0
-0.4475016467538339,50.0
-0.4126018812058525,50.0
-0.3774423560915607,50.0
-0.34204453544530333,50.0
-0.3064301300471184,50.0
-0.27062107671524505,50.0
-0.2346395172935144,50.0
-0.19850777735970282,50.0
-0.1622483446810219,50.0
-0.12588384744356285,50.0
-0.08943703228273481,50.0
-0.05293074214176363,50.0
-0.016387893986139934,50.0
0.020168543598514832,50.0
0.056715572896868904,50.0
0.09323018961487006,50.0
0.1296894054628408,50.0
0.16607027074247072,50.0
0.20234989690951877,50.0
0.23850547908376923,50.0
0.27451431847834523,50.0
0.31035384471981287,50.0
0.34600163803149797,50.0
0.38143545125193556,50.0
0.4166332316609456,50.0
0.4515731425859648,50.0
0.4862335847613909,50.0
0.5205932174145156,50.0
0.5546309790512085,50.0
0.5883261079157303,50.0
0.621658162098712,50.0
0.6546070392685729,50.0
0.6871529960013937,50.0
0.7192766666853732,50.0
0.7509590819762998,50.0
0.78218168678097,50.0
0.8129263577465364,50.0
0.843175420233797,50.0
0.8729116647537336,50.0
0.9021183628469802,50.0
0.9307792823866579,50.0
0.9588787022859967,50.0
0.9864014265927015,50.0
1.013332797952939,50.0
1.0396587104288986,50.0
1.0653656216542922,50.0
1.0904405643133395,50.0
1.1148711569298062,50.0
1.1386456139532086,50.0
1.1617527551305522,50.0
1.1841820141529076,50.0
1.2059234465668118,50.0
1.2269677369419374,50.0
1.2473062052869917,50.0
1.266930812707125,50.0
1.285834166297124,50.0
1.3040095232654139,50.0
1.3214507942853597,50.0
1.3381525460709849,50.0
1.3541100031754258,50.0
1.369319049011664,50.0
1.3837762260957156,50.0
1.3974787355138225,50.0
1.4104244356160929,50.0
1.4226118399401444,50.0
1.434040114369059,50.0
1.4447090735295824,50.0
1.454619176436633,50.0
1.4637715213920641,50.0
1.472167840145989,50.0
1.4798104913302257,50.0
1.4867024531743778,50.0
1.4928473155158444,50.0
1.4982492711162538,50.0
1.5029131062974552,50.0
1.5068441909111638,50.0
1.5100484676574624,50.0
1.5125324407677998,50.0
1.5143031640693376,50.0
1.5153682284479864,50.0
1.5157357487285228,50.0
1.515414349990695,50.0
1.5144131533412013,50.0
1.5127417611617295,50.0
1.5104102418544114,50.0
1.5074291141062912,50.0
1.5038093306951612,50.0
1.499562261859692,50.0
1.494699678257288,50.0
1.4892337335337031,50.0
1.4831769465287938,50.0
1.4765421831431813,50.0
1.4693426378913974,50.0
1.4615918151667766,50.0
1.4533035102444734,50.0
1.4444917900484597,50.0
1.4351709737094536,50.0
1.425355612940184,50.0
1.4150604722552054,50.0
1.404300509062094,50.0
1.3930908536514206,50.0
1.3814467891127,50.0
1.3693837312035317,50.0
1.3569172081993601,50.0
1.3440628407509025,50.0
1.3308363217766448,50.0
1.317253396417285,50.0
1.3033298420789365,50.0
1.2890814485920357,50.0
1.2745239985121266,50.0
1.2596732475889327,50.0
1.244544905429319,50.0
1.2291546163800686,50.0
1.213517940655228,50.0
1.1976503357330937,50.0
1.1815671380468413,50.0
1.165283544992962,50.0
1.1488145972805073,50.0
1.1321751616440912,50.0
1.1153799139428147,50.0
1.0984433226665824,50.0
1.0813796328709944,50.0
1.064202850560878,50.0
1.0469267275421963,50.0
1.0295647467611495,50.0
1.012130108148667,50.0
0.9946357149876623,50.0
0.9770941608194803,50.0
0.9595177169056603,50.0
0.9419183202595482,50.0
0.9243075622621952,50.0
0.906696677875442,50.0
0.8890965354648703,50.0
0.8715176272437473,50.0
0.8539700603486406,50.0
0.8364635485562596,50.0
0.8190074046500517,50.0
0.8016105334444469,50.0
0.7842814254732535,50.0
0.7670281513480912,50.0
0.7498583567915662,50.0
0.7327792583490312,50.0
0.7157976397816983,50.0
0.6989198491428826,50.0
0.6821517965383641,50.0
0.6654989525704895,50.0
0.6489663474650892,50.0
0.632558570878848,50.0
0.6162797723843014,50.0
0.6001336626281515,50.0
0.5841235151580011,50.0
0.5682521689114524,50.0
0.552522031360696,50.0
0.5369350823046715,50.0
0.521492878300055,50.0
0.5061965577213908,50.0
0.4910468464397628,50.0
0.4760440641086199,50.0
0.46118813104439216,50.0
0.44647857568880334,50.0
0.4319145426389913,50.0
0.4174948012305884,50.0
0.40321775465836573,50.0
0.3890814496181552,50.0
0.3750835864530648,50.0
0.36122152978639527,50.0
0.3474923196228838,50.0
0.33389268289931423,50.0
0.32041904546497924,50.0
0.3070675444717772,50.0
0.2938340411532898,50.0
0.28071413397162653,50.0
0.2677031721103049,50.0
0.2547962692910474,50.0
0.24198831789189623,50.0
0.22927400334367862,50.0
0.21664781878156084,50.0
0.2041040799279878,50.0
0.19163694018315539,50.0
0.17924040589883466,50.0
0.1669083518111455,50.0
0.15463453660781762,50.0
0.14241261860518806,50.0
0.13023617151014805,50.0
0.11809870024226388,50.0
0.10599365679111278,50.0
0.09391445608399629,50.0
0.08185449183924831,50.0
0.06980715238031565,50.0
0.057765836386074576,50.0
0.04572396855282773,50.0
0.033675015143780906,50.0
0.021612499401892415,50.0
0.009530016802351382,50.0
-0.0025787498789405783,50.0
-0.014720015703786227,50.0
-0.026899878940204125,50.0
-0.03912430668297712,50.0
-0.051399120748661264,50.0
-0.06372998386628664,50.0
-0.07612238618482686,50.0
-0.08858163211804693,50.0
-0.10111282754653894,50.0
-0.11372086739642884,50.0
-0.1264104236133779,50.0
-0.13918593355017422,50.0
-0.15205158878523978,50.0
-0.16501132438883848,50.0
-0.17806880865309288,50.0
-0.19122743330114217,50.0
-0.20449030418988517,50.0
-0.2178602325203416,50.0
-0.23133972656827273,50.0
-0.2449309839476907,50.0
-0.25863588441808455,50.0
-0.272455983246402,50.0
-0.2863925051329045,50.0
-0.30044633871011306,50.0
-0.31461803162239343,50.0
-0.3289077861932233,50.0
-0.34331545568634814,50.0
-0.3578405411658858,50.0
-0.3724821889594543,50.0
-0.387239188727844,50.0
-0.402109972143508,50.0
-0.4170926121792869,50.0
-0.43218482300782746,50.0
-0.4473839605113007,50.0
-0.4626870234001708,50.0
-0.4780906549382616,50.0
-0.49359114527153714,50.0
