-0.5277872464471236,50.0
-0.5016897544188369,50.0
-0.47467759485453037,50.0
-0.4467788176199793,50.0
-0.4180224026578778,50.0
-0.3884382284127001,50.0
-0.35805703934526145,50.0
-0.32691041257472997,50.0
-0.2950307236867422,50.0
-0.2624511117471172,50.0
-0.22920544356146877,50.0
-0.1953282772217626,50.0
-0.16085482498156511,50.0
-0.1258209155023836,50.0
-0.09026295551409114,50.0
-0.054217890932977575,50.0
-0.017723167481462854,50.0
0.019183309146053706,50.0
0.05646321352634198,50.0
0.09407784111429252,50.0
0.13198814916819412,50.0
0.17015479794763078,50.0
0.20853819213812752,50.0
0.24709852245654662,50.0
0.28579580739117705,50.0
0.32458993503045586,50.0
0.3634407049342866,50.0
0.4023078700020396,50.0
0.4411511782914488,50.0
0.47993041474283993,50.0
0.5186054427633655,50.0
0.5571362456262486,50.0
0.5954829676403742,50.0
0.633605955045997,50.0
0.6714657965927842,50.0
0.709023363756924,50.0
0.7462398505545866,50.0
0.7830768129096372,50.0
0.8194962075341437,50.0
0.8554604302809313,50.0
0.8909323539281674,50.0
0.9258753653567586,50.0
0.9602534020821689,50.0
0.9940309881031327,50.0
1.0271732690306599,50.0
1.0596460464616697,50.0
1.0914158115625896,50.0
1.1224497778292688,50.0
1.1527159129906297,50.0
1.1821829700245592,50.0
1.2108205172556832,50.0
1.2385989675058107,50.0
1.265489606269027,50.0
1.2914646188846308,50.0
1.316497116682338,50.0
1.3405611620754536,50.0
1.363631792578988,50.0
1.3856850437310042,50.0
1.4066979708968157,50.0
1.4266486699369898,50.0
1.4455162967214772,50.0
1.4632810854735656,50.0
1.479924365928737,50.0
1.4954285792949094,50.0
1.509777293001957,50.0
1.5229552142298082,50.0
1.5349482022058432,50.0
1.5457432792637495,50.0
1.555328640657405,50.0
1.5636936631247893,50.0
1.5708289121983603,50.0
1.5767261482597401,50.0
1.5813783313379848,50.0
1.5847796246521195,50.0
1.5869253969000199,50.0
1.5878122232971266,50.0
1.5874378853698465,50.0
1.5858013695098774,50.0
1.5829028642970402,50.0
1.5787437565995435,50.0
1.5733266264619272,50.0
1.566655240792232,50.0
1.5587345458612236,50.0
1.549570658627761,50.0
1.5391708569056324,50.0
1.5275435683883896,50.0
1.5146983585499065,50.0
1.5006459174395284,50.0
1.4853980453918254,50.0
1.4689676376720435,50.0
1.4513686680794282,50.0
1.4326161715316241,50.0
1.4127262256543522,50.0
1.3917159314015422,50.0
1.369603392732019,50.0
1.346407695369754,50.0
1.3221488846755238,50.0
1.2968479426586728,50.0
1.270526764158428,50.0
1.2432081322249766,50.0
1.2149156927312106,50.0
1.1856739282467055,50.0
1.155508131206122,50.0
1.1244443764047998,50.0
1.0925094928548416,50.0
1.0597310350354916,50.0
1.0261372535720545,50.0
0.9917570653780075,50.0
0.9566200232953329,50.0
0.9207562852684134,50.0
0.8841965830871041,50.0
0.8469721907348382,50.0
0.8091148923778124,50.0
0.770656950031436,50.0
0.7316310709403431,50.0
0.6920703747083137,50.0
0.6520083602144782,50.0
0.6114788723521445,50.0
0.570516068626522,50.0
0.5291543856475078,50.0
0.48742850555354106,50.0
0.44537332240234684,50.0
0.4030239085641455,50.0
0.36041548115264704,50.0
0.3175833685288091,50.0
0.2745629769120125,50.0
0.23138975713289822,50.0
0.18809917156169365,50.0
0.14472666124538397,50.0
0.10130761328658547,50.0
0.05787732849645627,50.0
0.014470989353384547,50.0
-0.028876371701377537,50.0
-0.072129903600617,50.0
-0.11525496759074158,50.0
-0.15821716774487254,50.0
-0.20098238102100674,50.0
-0.24351678683755784,50.0
-0.2857868961393416,50.0
-0.3277595799279124,50.0
-0.36940209723093786,50.0
-0.41068212248617675,50.0
-0.4515677723164769,50.0
-0.4920276316731114,50.0
-0.5320307793256693,50.0
-0.5715468126776486,50.0
-0.6105458718878378,50.0
-0.648998663278534,50.0
-0.6868764820126083,50.0
-0.7241512340224197,50.0
-0.7607954571745676,50.0
-0.796782341655484,50.0
-0.8320857495638554,50.0
-0.8666802336969263,50.0
-0.9005410555187106,50.0
-0.9336442022992015,50.0
-0.9659664034146886,50.0
-0.9974851458003194,50.0
-1.0281786885470887,50.0
-1.0580260766364584,50.0
-1.0870071538068484,50.0
-1.115102574547265,50.0
-1.1422938152143445,50.0
-1.1685631842701256,50.0
-1.1938938316388432,50.0
-1.218269757182071,50.0
-1.2416758182924907,50.0
-1.2640977366075767,50.0
-1.285522103845434,50.0
-1.3059363867659883,50.0
-1.325328931261656,50.0
-1.3436889655825608,50.0
-1.361006602702254,50.0
-1.3772728418308056,50.0
-1.392479569082981,50.0
-1.4066195573100897,50.0
-1.4196864651049181,50.0
-1.431674834989968,50.0
-1.4425800908000128,50.0
-1.4523985342707517,50.0
-1.461127340846087,50.0
-1.4687645547172625,50.0
-1.475309083107804,50.0
-1.4807606898188657,50.0
-1.4851199880502348,50.0
-1.4883884325128593,50.0
-1.4905683108493566,50.0
-1.49166273437952,50.0
-1.4916756281883818,50.0
-1.4906117205748883,50.0
-1.4884765318797275,50.0
-1.485276362711291,50.0
-1.4810182815891888,50.0
-1.4757101120250988,50.0
-1.4693604190611191,50.0
-1.4619784952861097,50.0
-1.4535743463508135,50.0
-1.4441586760028176,50.0
-1.433742870662666,50.0
-1.4223389835626346,50.0
-1.4099597184698698,50.0
-1.396618413015748,50.0
-1.382329021653428,50.0
-1.367106098265677,50.0
-1.3509647784451,50.0
-1.3339207614689546,50.0
-1.315990291990739,50.0
-1.2971901414707168,50.0
-1.2775375893675012,50.0
-1.2570504041127548,50.0
-1.2357468238909348,50.0
-1.213645537245942,50.0
-1.1907656635363022,50.0
-1.1671267332604263,50.0
-1.1427486682731942,50.0
-1.1176517619149795,50.0
-1.0918566590739185,50.0
-1.0653843362019675,50.0
-1.038256081305049,50.0
-1.01049347392719,50.0
-0.9821183651483187,50.0
-0.9531528576149425,50.0
-0.9236192856226393,50.0
-0.8935401952688347,50.0
-0.8629383246939956,50.0
-0.8318365844288864,50.0
-0.8002580378651601,50.0
-0.7682258818660341,50.0
-0.7357634275334115,50.0
-0.7028940811472479,50.0
-0.6696413252925497,50.0
-0.6360287001888341,50.0
-0.602079785236384,50.0
-0.5678181807931286,50.0
-0.5332674901954205,50.0
-0.49845130203546584,50.0
-0.46339317270760616,50.0
-0.4281166092351185,50.0
-0.39264505238861885,50.0
-0.3570018601066324,50.0
-0.3212102912282956,50.0
-0.28529348954762884,50.0
-0.2492744681982232,50.0
-0.21317609437663898,50.0
-0.17702107441226445,50.0
-0.14083193919075931,50.0
-0.1046310299377538,50.0
-0.06844048436879041,50.0
-0.032282223211073824,50.0
0.0038220628980838445,50.0
0.039850926131645426,50.0
0.07578317380825239,50.0
0.11159788033923618,50.0
0.14727439878448456,50.0
0.18279237201477977,50.0
0.21813174347887798,50.0
0.2532727675739441,50.0
0.2881960196185838,50.0
0.3228824054280703,50.0
0.3573131704918875,50.0
0.3914699087541852,50.0
0.42533457099807104,50.0
0.45888947283524845,50.0
0.4921173023027493,50.0
0.525001127069079,50.0
0.5575244012523028,50.0
0.5896709718531501,50.0
0.621425084806384,50.0
0.6527713906542105,50.0
0.6836949498456363,50.0
0.7141812376661846,50.0
0.7442161488024671,50.0
0.7737860015466153,50.0
0.802877541645588,50.0
0.8314779458008417,50.0
0.8595748248239199,50.0
0.8871562264538079,50.0
0.9142106378420682,50.0
0.9407269877119577,50.0
0.9666946481978822,50.0
0.9921034363717024,50.0
1.0169436154625213,50.0
1.041205895776705,50.0
1.064881435324985,50.0
1.0879618401635707,50.0
1.1104391644562661,50.0
1.1323059102646469,50.0
1.1535550270733534,50.0
1.1741799110576516,50.0
1.194174404100314,50.0
1.21353279256498,50.0
1.23224980583303,50.0
1.2503206146110637,50.0
1.2677408290159455,50.0
1.2845064964443913,50.0
1.3006140992339348,50.0
1.3160605521220914,50.0
1.3308431995103738,50.0
1.344959812539782,50.0
1.3584085859842046,50.0
1.3711881349680999,50.0
1.3832974915146536,50.0
1.394736100930483,50.0
1.4055038180328094,50.0
1.415600903224852,50.0
1.425028018425039,50.0
1.4337862228554523,50.0
1.4418769686947646,50.0
1.449302096600717,50.0
1.456063831107017,50.0
1.4621647758993572,50.0
1.4676079089750211,50.0
1.472396577690404,50.0
1.4765344937005138,50.0
1.480025727794385,50.0
1.4828747046300634,50.0
1.4850861973727096,50.0
1.4866653222390567,50.0
1.4876175329513852,50.0
1.487948615103849,50.0
1.4876646804439146,50.0
1.486772161071378,50.0
1.485277803557305,50.0
1.48318866298502,50.0
1.4805120969150922,50.0
1.4772557592760993,50.0
1.4734275941827608,50.0
1.46903582968289,50.0
1.4640889714344212,50.0
1.458595796313648,50.0
1.4525653459556502,50.0
1.4460069202277173,50.0
1.4389300706365142,50.0
1.4313445936695288,50.0
1.4232605240713094,50.0
1.4146881280548016,50.0
1.4056378964481155,50.0
1.3961205377768238,50.0
1.386146971281973,50.0
1.3757283198737573,50.0
1.3648759030209168,50.0
1.3536012295757018,50.0
1.3419159905343836,50.0
1.329832051733097,50.0
1.3173614464789416,50.0
1.3045163681161238,50.0
1.2913091625270572,50.0
1.2777523205682366,50.0
1.2638584704408395,50.0
1.2496403699959557,50.0
1.235110898974467,50.0
1.2202830511816083,50.0
1.2051699265963567,50.0
1.189784723415833,50.0
1.17414073003504,50.0
1.1582513169623216,50.0
1.1421299286710753,50.0
1.1257900753883474,50.0
1.1092453248210836,50.0
1.0925092938209626,50.0
1.075595639988855,50.0
1.0585180532201555,50.0
1.0412902471923569,50.0
1.0239259507964578,50.0
1.0064388995139302,50.0
0.9888428267412087,50.0
0.9711514550638236,50.0
0.9533784874825326,50.0
0.9355375985939904,50.0
0.9176424257287301,50.0
0.8997065600494356,50.0
0.8817435376127231,50.0
0.8637668303978456,50.0
0.8457898373060335,50.0
0.8278258751343048,50.0
0.809888169527962,50.0
0.7919898459160744,50.0
0.7741439204346278,50.0
0.7563632908421343,50.0
0.7386607274328558,50.0
0.721048863952906,50.0
0.7035401885248723,50.0
0.6861470345866849,50.0
0.668881571850849,50.0
0.6517557972902263,50.0
0.6347815261569325,50.0
0.6179703830410104,50.0
0.601333792975836,50.0
0.5848829725973954,50.0
0.5686289213647747,50.0
0.5525824128494154,50.0
0.5367539861008634,50.0
0.5211539370969427,50.0
0.5057923102864342,50.0
0.490678890232536,50.0
0.4758231933655033,50.0
0.4612344598530484,50.0
0.4469216455971833,50.0
0.432893414366339,50.0
0.41915813007168534,50.0
0.4057238491966937,50.0
0.39259831338907103,50.0
0.3797889422242472,50.0
0.3673028261496868,50.0
0.35514671961934163,50.0
0.3433270344275692,50.0
0.33184983325188466,50.0
0.32072082341391495,50.0
0.3099453508679074,50.0
0.29952839442612395,50.0
0.28947456023039825,50.0
0.27978807647909126,50.0
0.2704727884186042,50.0
0.2615321536085059,50.0
0.25296923746922506,50.0
0.24478670912116432,50.0
0.23698683752389357,50.0
0.22957148792401227,50.0
0.22254211861997233,50.0
0.21589977805211008,50.0
0.20964510222578428,50.0
0.20377831247542746,50.0
0.19829921357693842,50.0
0.19320719221573027,50.0
0.18850121581734117,50.0
0.18417983174735061,50.0
0.18024116688690345,50.0
0.176682927589962,50.0
0.17350240002794703,50.0
0.17069645092718533,50.0
0.16826152870408045,50.0
0.16619366500271548,50.0
0.16448847663901836,50.0
0.1631411679553727,50.0
0.1621465335889733,50.0
0.16149896165696898,50.0
0.16119243736080896,50.0
0.16122054701190633,50.0
0.1615764824800987,50.0
0.16225304606609192,50.0
0.16324265579839034,50.0
0.16453735115488377,50.0
0.16612879920857815,50.0
0.16800830119663457,50.0
0.17016679951117183,50.0
0.17259488510987067,50.0
0.1752828053438197,50.0
0.17822047219955145,50.0
0.18139747095159142,50.0
0.1848030692213768,50.0
0.18842622643775064,50.0
0.19225560369378913,50.0
0.1962795739940425,50.0
0.20048623288580994,50.0
0.20486340946741738,50.0
0.20939867776601168,50.0
0.2140793684767129,50.0
0.21889258105451287,50.0
0.22382519614966628,50.0
0.22886388837687238,50.0
0.2339951394079042,50.0
0.23920525137688378,50.0
0.2444803605868163,50.0
0.24980645150554137,50.0
0.25516937103867154,50.0
0.26055484306665483,50.0
0.2659484832325505,50.0
0.2713358139666917,50.0
0.2767022797338674,50.0
0.2820332624882682,50.0
0.28731409732094887,50.0
0.2925300882841826,50.0
0.2976665243766258,50.0
0.3027086956728532,50.0
0.3076419095804242,50.0
0.31245150720730464,50.0
0.31712287982210086,50.0
0.3216414853892687,50.0
0.32599286516113324,50.0
0.33016266030830255,50.0
0.3341366285697725,50.0
0.337900660903799,50.0
0.34144079812039185,50.0
0.344743247476097,50.0
0.34779439921155836,50.0
0.35058084301221015,50.0
0.3530893843723325,50.0
0.3553070608425956,50.0
0.357221158141168,50.0
0.35881922610839667,50.0
0.36008909448506354,50.0
0.3610188884942254,50.0
0.3615970442066782,50.0
0.36181232367014626,50.0
0.3616538297823869,50.0
0.3611110208885123,50.0
0.36017372508297946,50.0
0.3588321541968565,50.0
0.35707691745118153,50.0
0.3548990347574469,50.0
0.35228994964649396,50.0
0.3492415418073903,50.0
0.34574613921814346,50.0
0.3417965298504687,50.0
0.33738597293115974,50.0
0.33250820974302053,50.0
0.32715747394869554,50.0
0.321328501421216,50.0
0.3150165395654977,50.0
0.3082173561155578,50.0
0.3009272473926833,50.0
0.2931430460103686,50.0
0.2848621280123534,50.0
0.27608241943073136,50.0
0.2668024022516396,50.0
0.25702111977671127,50.0
0.24673818136913095,50.0
0.235953766573763,50.0
0.22466862860153836,50.0
0.21288409716897844,50.0
0.20060208068449908,50.0
0.18782506777382763,50.0
0.17455612813766208,50.0
0.16079891273545222,50.0
0.146557653290031,50.0
0.1318371611085375,50.0
0.1166428252159798,50.0
0.10098060979853046,50.0
0.08485705095459672,50.0
0.06827925275242697,50.0
0.05125488259398231,50.0
0.03379216588560288,50.0
0.015899880016902596,50.0
-0.0024126523498100294,50.0
-0.02113557067640337,50.0
-0.040258484628018204,50.0
-0.059770482829434424,50.0
-0.07966014229286475,50.0
-0.09991553851044876,50.0
-0.12052425620385304,50.0
-0.14147340072243736,50.0
-0.16274961008065703,50.0
-0.18433906762447233,50.0
-0.2062275153155712,50.0
-0.2284002676215353,50.0
-0.25084222599906836,50.0
-0.27353789395665506,50.0
-0.2964713926821603,50.0
-0.3196264772200683,50.0
-0.34298655318226556,50.0
-0.3665346939754798,50.0
-0.39025365852771343,50.0
-0.4141259094952703,50.0
-0.4381336319312251,50.0
-0.4622587523954793,50.0
-0.48648295848584866,50.0
-0.5107877187689576,50.0
-0.5351543030890634,50.0
-0.5595638032323048,50.0
-0.5839971539232769,50.0
-0.6084351541302421,50.0
-0.6328584886547588,50.0
-0.6572477499809647,50.0
-0.681583460359281,50.0
-0.7058460940988177,50.0
-0.7300161000423463,50.0
-0.7540739241972838,50.0
-0.7780000324957845,50.0
-0.801774933656666,50.0
-0.8253792021216196,50.0
-0.8487935010378584,50.0
-0.8719986052591531,50.0
-0.8949754243369211,50.0
-0.9177050254730088,50.0
-0.9401686564055001,50.0
-0.9623477681989454,50.0
-0.9842240379102081,50.0
-1.0057793911012443,50.0
-1.0269960241699965,50.0
-1.0478564264707635,50.0
-1.0683434021953793,50.0
-1.0884400919867887,50.0
-1.1081299942566292,50.0
-1.1273969861787587,50.0
-1.1462253443307924,50.0
-1.1645997649560984,50.0
-1.182505383818922,50.0
-1.1999277956256935,50.0
-1.2168530729859954,50.0
-1.2332677848870244,50.0
-1.2491590146558929,50.0
-1.2645143773845744,50.0
-1.2793220367928702,50.0
-1.2935707215053034,50.0
-1.3072497407184542,50.0
-1.3203489992358979,50.0
-1.3328590118485697,50.0
-1.3447709170390705,50.0
-1.356076489989169,50.0
-1.3667681548705073,50.0
-1.3768389963993353,50.0
-1.3862827706368863,50.0
-1.3950939150178732,50.0
-1.4032675575904783,50.0
-1.4107995254520822,50.0
-1.4176863523659289,50.0
-1.4239252855448719,50.0
-1.4295142915893169,50.0
-1.4344520615674963,50.0
-1.4387380152271922,50.0
-1.4423723043291115,50.0
-1.4453558150931307,50.0
-1.447690169749739,50.0
-1.4493777271900636,50.0
-1.4504215827090055,50.0
-1.450825566837101,50.0
-1.450594243257844,50.0
-1.4497329058084194,50.0
-1.448247574562825,50.0
-1.4461449909976396,50.0
-1.4434326122417411,50.0
-1.4401186044125758,50.0
-1.4362118350426034,50.0
-1.4317218646008487,50.0
-1.4266589371155283,50.0
-1.421033969905054,50.0
-1.4148585424256952,50.0
-1.4081448842455024,50.0
-1.400905862155119,50.0
-1.3931549664273972,50.0
-1.3849062962387153,50.0
-1.3761745442661546,50.0
-1.3669749804756908,50.0
-1.3573234351178052,50.0
-1.3472362809478193,50.0
-1.336730414689507,50.0
-1.3258232377614148,50.0
-1.3145326362865537,50.0
-1.302876960406918,50.0
-1.2908750029254248,50.0
-1.2785459772987862,50.0
-1.2659094950057477,50.0
-1.2529855423160376,50.0
-1.2397944564862993,50.0
-1.2263569014100508,50.0
-1.2126938427496365,50.0
-1.198826522578823,50.0
-1.1847764335655526,50.0
-1.1705652927249897,50.0
-1.156215014773784,50.0
-1.141747685117033,50.0
-1.1271855325001237,50.0
-1.112550901358141,50.0
-1.0978662238961319,50.0
-1.0831539919339446,50.0
-1.0684367285498988,50.0
-1.0537369595578725,50.0
-1.0390771848528322,50.0
-1.0244798496601584,50.0
-1.009967315724325,50.0
-0.9955618324728585,50.0
-0.9812855081916,50.0
-0.9671602812475217,50.0
-0.9532078913953598,50.0
-0.9394498512045049,50.0
-0.9259074176425195,50.0
-0.9126015638516818,50.0
-0.8995529511547888,50.0
-0.8867819013264607,50.0
-0.8743083691658857,50.0
-0.8621519154068412,50.0
-0.8503316800004528,50.0
-0.8388663558059446,50.0
-0.8277741627242303,50.0
-0.8170728223087789,50.0
-0.8067795328877712,50.0
-0.796910945231067,50.0
-0.7874831387949608,50.0
-0.7785115985771136,50.0
-0.7700111926134326,50.0
-0.7619961501480139,50.0
-0.7544800405065426,50.0
-0.7474757527027789,50.0
-0.7409954758069989,50.0
-0.7350506801043863,50.0
-0.7296520990705695,50.0
-0.7248097121904786,50.0
-0.7205327286458655,50.0
-0.716829571895777,50.0
-0.713707865173284,50.0
-0.711174417920694,50.0
-0.7092352131844264,50.0
-0.7078953959895822,50.0
-0.707159262713124,50.0
-0.707030251473375,50.0
-0.7075109335523901,50.0
-0.7086030058664841,50.0
-0.7103072844989853,50.0
-0.7126236993079856,50.0
-0.7155512896205802,50.0
-0.7190882010237751,50.0
-0.7232316832609054,50.0
-0.727978089241049,50.0
-0.7333228751675894,50.0
-0.7392606017906725,50.0
-0.7457849367869362,50.0
-0.7528886582684804,50.0
-0.7605636594216606,50.0
-0.7688009542748635,50.0
-0.7775906845930056,50.0
-0.7869221278950889,50.0
-0.7967837065897325,50.0
-0.8071629982221734,50.0
-0.818046746824806,50.0
-0.8294208753619594,50.0
-0.841270499258159,50.0
-0.8535799409977698,50.0
-0.8663327457824921,50.0
-0.8795116982318564,50.0
-0.893098840110461,50.0
-0.9070754890643808,50.0
-0.9214222583478286,50.0
-0.9361190775198818,50.0
-0.95114521408975,50.0
-0.9664792960878359,50.0
-0.9820993355385716,50.0
-0.9979827528098412,50.0
-1.0141064018125614,50.0
-1.030446596022883,50.0
-1.0469791352982818,50.0
-1.0636793334578307,50.0
-1.0805220465957397,50.0
-1.0974817020963408,50.0
-1.1145323283176056,50.0
-1.1316475849094543,50.0
-1.1488007937320726,50.0
-1.1659649703386652,50.0
-1.1831128559861799,50.0
-1.2002169501368483,50.0
-1.2172495434125206,50.0
-1.2341827509631598,50.0
-1.2509885462101469,50.0
-1.2676387949245238,50.0
-1.2841052895996576,50.0
-1.3003597840773218,50.0
-1.3163740283857555,50.0
-1.3321198037478519,50.0
-1.34756895771723,50.0
-1.3626934393996475,50.0
-1.3774653347169794,50.0
-1.3918569016707822,50.0
-1.405840605562286,50.0
-1.4193891541255539,50.0
-1.4324755325305563,50.0
-1.4450730382128676,50.0
-1.4571553154867738,50.0
-1.468696389898699,50.0
-1.4796707022780324,50.0
-1.4900531424426302,50.0
-1.4998190825166238,50.0
-1.5089444098183935,50.0
-1.517405559277052,50.0
-1.5251795453361336,50.0
-1.532243993303763,50.0
-1.5385771701090403,50.0
-1.5441580144250313,50.0
-1.5489661661193521,50.0
-1.5529819949940968,50.0
-1.5561866287775215,50.0
-1.558561980330755,50.0
-1.560090774033617,50.0
-1.560756571314535,50.0
-1.5605437952904597,50.0
-1.5594377544836717,50.0
-1.557424665583401,50.0
-1.554491675221242,50.0
-1.5506268807304473,50.0
-1.54581934986032,50.0
-1.540059139418152,50.0
-1.533337312812337,50.0
-1.52564595647154,50.0
-1.5169781951161672,50.0
-1.507328205859578,50.0
-1.4966912311180023,50.0
-1.4850635903093576,50.0
-1.4724426903226737,50.0
-1.4588270347412378,50.0
-1.4442162318040435,50.0
-1.4286110010916113,50.0
-1.412013178923754,50.0
-1.3944257224584116,50.0
-1.3758527124821933,50.0
-1.356299354884848,50.0
-1.3357719808114394,50.0
-1.3142780454876153,50.0
-1.2918261257149242,50.0
-1.2684259160347593,50.0
-1.2440882235610988,50.0
-1.2188249614838442,50.0
-1.192649141246139,50.0
-1.1655748634007446,50.0
-1.137617307151995,50.0
-1.108792718591661,50.0
-1.0791183976385534,50.0
-1.0486126836931988,50.0
-1.0172949400206859,50.0
-0.9851855368762767,50.0
-0.9523058333897685,50.0
-0.9186781582264837,50.0
-0.8843257890438734,50.0
-0.849272930764557,50.0
-0.8135446926879588,50.0
-0.7771670644640489,50.0
-0.7401668909543495,50.0
-0.7025718460066703,50.0
-0.6644104051712356,50.0
-0.6257118173875658,50.0
-0.5865060756724457,50.0
-0.5468238868407312,50.0
-0.5066966402920653,50.0
-0.46615637589755415,50.0
-0.42523575102178285,50.0
-0.38396800671674947,50.0
-0.3423869331249629,50.0
-0.30052683413059245,50.0
-0.2584224912980007,50.0
-0.21610912713821234,50.0
-0.17362236774473877,50.0
-0.1309982048410106,50.0
-0.0882729572822657,50.0
-0.04548323205601662,50.0
-0.0026658848251332468,50.0
0.04014201994095101,50.0
0.08290324920148712,50.0
0.12558044189978118,50.0
0.168136149791978,50.0
0.21053287850211616,50.0
0.25273312875610876,50.0
0.2946994377465616,50.0
0.3363944205807543,50.0
0.3777808117631758,50.0
0.4188215066644953,50.0
0.45947960292841494,50.0
0.49971844176793273,50.0
0.5395016491025566,50.0
0.5787931764882883,50.0
0.6175573417919693,50.0
0.6557588695622154,50.0
0.6933629310492181,50.0
0.7303351838259922,50.0
0.766641810964204,50.0
0.8022495597180097,50.0
0.8371257796698686,50.0
0.8712384602930401,50.0
0.9045562678856869,50.0
0.9370485818326235,50.0
0.9686855301512124,50.0
0.9994380242787333,50.0
1.0292777930593533,50.0
1.058177415889909,50.0
1.086110354984283,50.0
1.113050986717505,50.0
1.138974632011486,50.0
1.1638575857254678,50.0
1.1876771450154562,50.0
1.2104116366278637,50.0
1.2320404430940588,50.0
1.2525440277935886,50.0
1.271903958855165,50.0
1.2901029318659027,50.0
1.3071247913605804,50.0
1.322954551064108,50.0
1.337578412861943,50.0
1.350983784474409,50.0
1.363159295812641,50.0
1.3740948139952331,50.0
1.3837814570062699,50.0
1.3922116059769623,50.0
1.399378916074817,50.0
1.4052783259856834,50.0
1.4099060659759137,50.0
1.4132596645232638,50.0
1.4153379535070427,50.0
1.4161410719495828,50.0
1.4156704683028185,50.0
1.4139289012754603,50.0
1.4109204391979948,50.0
1.4066504579243713,50.0
1.4011256372710292,50.0
1.3943539559955853,50.0
1.3863446853192205,50.0
1.3771083809985263,50.0
1.3666568739542462,50.0
1.3550032594660733,50.0
1.3421618849443044,50.0
1.3281483362908693,50.0
1.312979422863883,50.0
1.2966731610614834,50.0
1.2792487565423947,50.0
1.2607265851022524,50.0
1.2411281722261838,50.0
1.2204761713399406,50.0
1.1987943407830965,50.0
1.176107519529623,50.0
1.1524416016824146,50.0
1.12782350976986,50.0
1.1022811668739632,50.0
1.075843467620931,50.0
1.0485402480662778,50.0
1.0204022545081717,50.0
0.9914611112635349,50.0
0.9617492874430706,50.0
0.9313000627622545,50.0
0.9001474924265735,50.0
0.8683263711303917,50.0
0.835872196209894,50.0
0.8028211299913076,50.0
0.7692099613769865,50.0
0.7350760667123479,50.0
0.70045736997782,50.0
0.6653923023506456,50.0
0.6299197611820476,50.0
0.5940790684360395,50.0
0.5579099286368311,50.0
0.5214523863720393,50.0
0.4847467833999638,50.0
0.4478337154090679,50.0
0.4107539884785998,50.0
0.3735485752894556,50.0
0.33625857113475044,50.0
0.29892514977959805,50.0
0.2615895192201584,50.0
0.22429287739152404,50.0
0.18707636787475945,50.0
0.14998103565274212,50.0
0.11304778296482954,50.0
0.07631732531003665,50.0
0.03983014764831827,50.0
0.0036264608491146655,50.0
-0.03225384156360378,50.0
-0.06777122632149712,50.0
-0.10288656292866416,50.0
-0.1375611657376703,50.0
-0.17175683553743026,50.0
-0.20543590060641842,50.0
-0.2385612571851825,50.0
-0.27109640932303314,50.0
-0.3030055080542229,50.0
-0.33425338986004693,50.0
-0.36480561437395,50.0
-0.39462850128770377,50.0
-0.42368916641763943,50.0
-0.4519555568909549,50.0
-0.479396485413084,50.0
-0.5059816635783714,50.0
-0.5316817341871651,50.0
-0.5564683025338899,50.0
-0.5803139666316748,50.0
-0.6031923463405247,50.0
-0.6250781113670758,50.0
-0.6459470081056905,50.0
-0.665775885291533,50.0
-0.6845427184381069,50.0
-0.7022266330328109,50.0
-0.7188079264657661,50.0
-0.7342680886684888,50.0
-0.7485898214406255,50.0
-0.7617570564442939,50.0
-0.7737549718474335,50.0
-0.7845700075987827,50.0
-0.7941898793189888,50.0
-0.8026035907937731,50.0
-0.8098014450567967,50.0
-0.8157750540514146,50.0
-0.8205173468622668,50.0
-0.8240225765091297,50.0
-0.826286325297327,50.0
-0.827305508720416,50.0
-0.8270783779127523,50.0
-0.8256045206509933,50.0
-0.82288486090545,50.0
-0.8189216569436627,50.0
-0.8137184979903991,50.0
-0.8072802994497654,50.0
-0.799613296696871,50.0
-0.7907250374479959,50.0
-0.7806243727199466,50.0
-0.7693214463906901,50.0
-0.7568276833751556,50.0
-0.7431557764314379,50.0
-0.7283196716142731,50.0
-0.7123345523941806,50.0
-0.6952168224620685,50.0
-0.6769840872406132,50.0
-0.6576551341251817,50.0
-0.6372499114783203,50.0
-0.6157895064034198,50.0
-0.5932961213243124,50.0
-0.5697930493988985,50.0
-0.5453046487962689,50.0
-0.5198563158679048,50.0
-0.4934744572446761,50.0
-0.4661864608927405,50.0
-0.43802066616221946,50.0
-0.4090063328639156,50.0
-0.37917360941013223,50.0
-0.3485535000566493,50.0
-0.3171778312840221,50.0
-0.28507921735704,50.0
-0.2522910251020336,50.0
-0.2188473379427287,50.0
-0.18478291923572843,50.0
-0.1501331749477255,50.0
-0.1149341157169832,50.0
-0.0792223183421511,50.0
-0.04303488674231393,50.0
-0.006409412432309858,50.0
0.030616065442099605,50.0
0.06800310046413738,50.0
0.10571287965571696,50.0
0.1437062644915661,50.0
0.18194383217167975,50.0
0.22038591710658473,50.0
0.25899265256902804,50.0
0.2977240124662436,50.0
0.33653985318671564,50.0
0.3753999554753418,50.0
0.4142640662911419,50.0
0.4530919406019833,50.0
0.49184338307043995,50.0
0.5304782895859239,50.0
0.5689566885980284,50.0
0.6072387822064897,50.0
0.6452849869638442,50.0
0.6830559743469751,50.0
0.7205127108544931,50.0
0.7576164976876159,50.0
0.7943290099722448,50.0
0.830612335481374,50.0
0.866429012817125,50.0
0.9017420690126366,50.0
0.9365150565148415,50.0
0.9707120895101111,50.0
1.00429787955529,50.0
1.037237770478148,50.0
1.0694977725114663,50.0
1.1010445956267725,50.0
1.131845682034221,50.0
1.1618692378163804,50.0
1.1910842636647816,50.0
1.2194605846893183,50.0
1.2469688792714313,50.0
1.2735807069337486,50.0
1.2992685351993676,50.0
1.3240057654159294,50.0
1.3477667575203982,50.0
1.370526853721959,50.0
1.3922624010817102,50.0
1.4129507729692725,50.0
1.4325703893775297,50.0
1.4511007360784132,50.0
1.4685223826037062,50.0
1.4848169990364846,50.0
1.4999673716000559,50.0
1.5139574170327297,50.0
1.5267721957381428,50.0
1.5383979237023693,50.0
1.54882198317029,50.0
1.5580329320753679,50.0
1.5660205122181419,50.0
1.5727756561904211,50.0
1.578290493043381,50.0
1.5825583526993259,50.0
1.5855737691081808,50.0
1.5873324821512926,50.0
1.5878314382963672,50.0
1.587068790008909,50.0
1.5850438939267466,50.0
1.5817573078056655,50.0
1.5772107862455285,50.0
1.5714072752074286,50.0
1.5643509053339308,50.0
1.5560469840855478,50.0
1.5465019867079448,50.0
1.5357235460455754,50.0
1.5237204412186465,50.0
1.5105025851814755,50.0
1.4960810111815142,50.0
1.4804678581393005,50.0
1.46367635497085,50.0
1.4457208038749694,50.0
1.4266165626089304,50.0
1.4063800257771264,50.0
1.3850286051580745,50.0
1.3625807090962105,50.0
1.3390557209857339,50.0
1.3144739768745728,50.0
1.288856742217447,50.0
1.2622261878077423,50.0
1.2346053649184994,50.0
1.2060181796837963,50.0
1.176489366752151,50.0
1.1460444622443988,50.0
1.114709776048946,50.0
1.0825123634878544,50.0
1.0494799963877037,50.0
1.015641133589678,50.0
0.9810248909334778,50.0
0.9456610107504052,50.0
0.9095798309008577,50.0
0.8728122533920717,50.0
0.8353897126119108,50.0
0.7973441432149395,50.0
0.7587079476967973,50.0
0.7195139636934669,50.0
0.6797954310414893,50.0
0.6395859586357753,50.0
0.598919491121121,50.0
0.5578302754538372,50.0
0.5163528273694438,50.0
0.47452189779260034,50.0
0.43237243922475055,50.0
0.3899395721452987,50.0
0.3472585514611981,50.0
0.3043647330401522,50.0
0.261293540361703,50.0
0.2180804313205313,50.0
0.17476086521544942,50.0
0.13137026995754353,50.0
0.0879440095298728,50.0
0.0445173517311552,50.0
0.0011254362348443597,50.0
-0.04219675700540894,50.0
-0.08541443897356404,50.0
-0.1284930424025831,50.0
-0.17139825215058757,50.0
-0.21409603511337677,50.0
-0.25655266964607715,50.0
-0.29873477446701846,50.0
-0.3406093370181178,50.0
-0.382143741256701,50.0
-0.4233057948546257,50.0
-0.46406375578117925,50.0
-0.5043863582477583,50.0
-0.5442428379923652,50.0
-0.5836029568837426,50.0
-0.6224370268252573,50.0
-0.6607159329400163,50.0
-0.6984111560194992,50.0
-0.7354947942190583,50.0
-0.7719395839843662,50.0
-0.807718920194519,50.0
-0.8428068755076702,50.0
-0.8771782188968966,50.0
-0.9108084333644162,50.0
-0.9436737328236837,50.0
-0.9757510781397499,50.0
-1.0070181923194124,50.0
-1.0374535748434288,50.0
-1.0670365151346901,50.0
-1.0957471051565446,50.0
-1.1235662511370519,50.0
-1.1504756844157513,50.0
-1.1764579714104695,50.0
-1.2014965227028682,50.0
-1.2255756012423618,50.0
-1.2486803296688225,50.0
-1.270796696755962,50.0
-1.2919115629776212,50.0
-1.312012665200618,50.0
-1.3310886205085666,50.0
-1.349128929161947,50.0
-1.3661239767006832,50.0
-1.3820650351964565,50.0
-1.3969442636625204,50.0
-1.4107547076301388,50.0
-1.4234902979010717,50.0
-1.4351458484867008,50.0
-1.4457170537450312,50.0
-1.4552004847275508,50.0
-1.4635935847486965,50.0
-1.4708946641914544,50.0
-1.4771028945630986,50.0
-1.4822183018160495,50.0
-1.4862417589491492,50.0
-1.489174977905481,50.0
-1.4910205007833497,50.0
-1.4917816903776098,50.0
-1.4914627200690356,50.0
-1.490068563079985,50.0
-1.4876049811149736,50.0
-1.4840785124053653,50.0
-1.4794964591776085,50.0
-1.4738668745650154,50.0
-1.467198548983288,50.0
-1.4595009959904177,50.0
-1.4507844376518153,50.0
-1.4410597894317914,50.0
-1.4303386446328143,50.0
-1.4186332584040828,50.0
-1.405956531341155,50.0
-1.3923219926985646,50.0
-1.3777437832374204,50.0
-1.362236637730052,50.0
-1.345815867143937,50.0
-1.3284973405269582,50.0
-1.3102974666163476,50.0
-1.2912331751933235,50.0
-1.2713218982055872,50.0
-1.2505815506797069,50.0
-1.2290305114453073,50.0
-1.2066876036927758,50.0
-1.1835720753862211,50.0
-1.159703579553008,50.0
-1.1351021544711917,50.0
-1.1097882037757842,50.0
-1.0837824765046202,50.0
-1.0571060471043037,50.0
-1.0297802954164146,50.0
-1.0018268866637405,50.0
-0.9732677514561884,50.0
-0.9441250658353845,50.0
-0.9144212313768634,50.0
-0.884178855368129,50.0
-0.8534207310806127,50.0
-0.8221698181530627,50.0
-0.7904492231035237,50.0
-0.7582821799863323,50.0
-0.7256920312106648,50.0
-0.6927022085359926,50.0
-0.6593362142598065,50.0
-0.6256176026122782,50.0
-0.5915699613720711,50.0
-0.5572168937168062,50.0
-0.5225820003215742,50.0
-0.48768886171769044,50.0
-0.45256102092418105,50.0
-0.4172219663631135,50.0
-0.381695115069851,50.0
-0.3460037962086594,50.0
-0.31017123490338183,50.0
-0.27422053639241756,50.0
-0.23817467051681768,50.0
-0.20205645654946275,50.0
-0.16588854837298228,50.0
-0.12969342001339013,50.0
-0.09349335153580929,50.0
-0.057310415308297835,50.0
-0.021166462638998573,50.0
0.014916889208609618,50.0
0.05091826961799062,50.0
0.08681656683579642,50.0
0.1225909397987997,50.0
0.15822082956891664,50.0
0.1936859703740506,50.0
0.22896640025329412,50.0
0.2640424713051078,50.0
0.2988948595380147,50.0
0.3335045743233869,50.0
0.367852967450749,50.0
0.40192174178619977,50.0
0.4356929595351299,50.0
0.46914905011069785,50.0
0.5022728176101807,50.0
0.535047447901375,50.0
0.5674565153219446,50.0
0.5994839889946455,50.0
0.6311142387620166,50.0
0.6623320407442496,50.0
0.6931225825243583,50.0
0.723471467964991,50.0
0.7533647216617045,50.0
0.782788793037548,50.0
0.8117305600842036,50.0
0.8401773327551852,50.0
0.8681168560167223,50.0
0.8955373125622357,50.0
0.9224273251965078,50.0
0.9487759588957411,50.0
0.9745727225499731,50.0
0.9998075703943461,50.0
1.0244709031359454,50.0
1.0485535687829464,50.0
1.0720468631829876,50.0
1.0949425302776872,50.0
1.117232762080333,50.0
1.1389101983838004,50.0
1.1599679262057903,50.0
1.1803994789784946,50.0
1.2001988354897972,50.0
1.2193604185831115,50.0
1.2378790936229265,50.0
1.2557501667330975,50.0
1.272969382814865,50.0
1.2895329233515156,50.0
1.3054374040065468,50.0
1.320679872022065,50.0
1.3352578034241103,50.0
1.3491691000414212,50.0
1.3624120863441165,50.0
1.3749855061085379,50.0
1.3868885189144975,50.0
1.3981206964808708,50.0
1.4086820188454752,50.0
1.4185728703948821,50.0
1.4277940357497623,50.0
1.4363466955110682,50.0
1.4442324218723217,50.0
1.45145317410291,50.0
1.458011293907334,50.0
1.46390950066491,50.0
1.469150886554462,50.0
1.4737389115681574,50.0
1.4776773984185874,50.0
1.480970527342893,50.0
1.4836228308075903,50.0
1.4856391881174789,50.0
1.4870248199319884,50.0
1.4877852826918425,50.0
1.487926462959022,50.0
1.487454571672553,50.0
1.486376138322663,50.0
1.4846980050455203,50.0
1.4824273206406433,50.0
1.4795715345128326,50.0
1.4761383905404748,50.0
1.472135920871587,50.0
1.4675724396491556,50.0
1.4624565366668596,50.0
1.4567970709563594,50.0
1.450603164307024,50.0
1.4438841947189136,50.0
1.4366497897896213,50.0
1.4289098200356751,50.0
1.42067439214871,50.0
1.4119538421869682,50.0
1.40275872870217,50.0
1.393099825802048,50.0
1.3829881161485553,50.0
1.3724347838917872,50.0
1.3614512075395047,50.0
1.3500489527623634,50.0
1.3382397651344649,50.0
1.3260355628093348,50.0
1.313448429131057,50.0
1.3004906051803893,50.0
1.287174482255828,50.0
1.2735125942894192,50.0
1.259517610197193,50.0
1.2452023261643683,50.0
1.2305796578650485,50.0
1.2156626326167508,50.0
1.2004643814697795,50.0
1.1849981312316678,50.0
1.1692771964270965,50.0
1.153314971193723,50.0
1.137124921114306,50.0
1.120720574986137,50.0
1.1041155165282008,50.0
1.0873233760273564,50.0
1.0703578219244685,50.0
1.0532325523417847,50.0
1.0359612865530596,50.0
1.0185577563980608,50.0
1.0010356976430852,50.0
0.9834088412898139,50.0
0.9656909048343373,50.0
0.9478955834790704,50.0
0.930036541299958,50.0
0.9121274023719137,50.0
0.8941817418554994,50.0
0.8762130770482033,50.0
0.8582348584036286,50.0
0.8402604605226194,50.0
0.8223031731200281,50.0
0.8043761919715122,50.0
0.786492609844714,50.0
0.7686654074195627,50.0
0.7509074442025854,50.0
0.7332314494404804,50.0
0.7156500130381691,50.0
0.698175576487231,50.0
0.6808204238103569,50.0
0.6635966725280845,50.0
0.6465162646540425,50.0
0.6295909577254067,50.0
0.6128323158751473,50.0
0.5962517009533035,50.0
0.5798602637042388,50.0
0.5636689350075272,50.0
0.5476884171898869,50.0
0.5319291754160721,50.0
0.5164014291666045,50.0
0.5011151438106303,50.0
0.48608002228201086,50.0
0.47130549686732226,50.0
0.4568007211142087,50.0
0.4425745618689051,50.0
0.428635591451774,50.0
0.41499207997981563,50.0
0.401651987845187,50.0
0.3886229583589864,50.0
0.37591231056933994,50.0
0.3635270322632605,50.0
0.35147377316146566,50.0
0.33975883831554854,50.0
0.3283881817168852,50.0
0.3173674001266099,50.0
0.30670172713599286,50.0
0.2963960274666363,50.0
0.28645479151958864,50.0
0.2768821301827623,50.0
0.2676817699056674,50.0
0.258857048050522,50.0
0.2504109085286982,50.0
0.2423458977312392,50.0
0.23466416076211125,50.0
0.22736743798274492,50.0
0.22045706187602393,50.0
0.21393395423799286,50.0
0.20779862370508473,50.0
0.20205116362454004,50.0
0.19669125027550527,50.0
0.19171814144789157,50.0
0.18713067538591985,50.0
0.18292727010293044,50.0
0.17910592307378786,50.0
0.1756642113106647,50.0
0.17259929182804506,50.0
0.16990790250199458,50.0
0.16758636332872529,50.0
0.16563057808683415,50.0
0.16403603640738038,50.0
0.16279781625544235,50.0
0.16191058682648546,50.0
0.16136861186016407,50.0
0.16116575337416875,50.0
0.1612954758197914,50.0
0.16175085066079728,50.0
0.16252456137640334,50.0
0.1636089088889005,50.0
0.16499581741578853,50.0
0.16667684074594874,50.0
0.16864316893855746,50.0
0.17088563544332877,50.0
0.1733947246398141,50.0
0.1761605797930274,50.0
0.17917301142220152,50.0
0.18242150607885516,50.0
0.18589523552978188,50.0
0.18958306634014085,50.0
0.19347356985099368,50.0
0.19755503254545148,50.0
0.2018154667967316,50.0
0.20624262199093832,50.0
0.21082399601696253,50.0
0.21554684711508126,50.0
0.22039820607556684,50.0
0.2253648887778823,50.0
0.23043350906045104,50.0
0.23559049191069206,50.0
0.24082208696423,50.0
0.24611438230175314,50.0
0.2514533185315579,50.0
0.2568247031451205,50.0
0.2622142251327646,50.0
0.26760746984584877,50.0
0.27298993409140027,50.0
0.2783470414448459,50.0
0.28366415776583515,50.0
0.2889266069018061,50.0
0.2941196865635668,50.0
0.2992286843566271,50.0
0.3042388939517963,50.0
0.30913563137806754,50.0
0.31390425142044853,50.0
0.31853016410520263,50.0
0.32299885125447886,50.0
0.32729588309211705,50.0
0.3314069348821337,50.0
0.3353178035810716,50.0
0.33901442448527885,50.0
0.34248288785386904,50.0
0.34570945548796717,50.0
0.3486805772467346,50.0
0.35138290748042944,50.0
0.3538033213607294,50.0
0.35592893108843215,50.0
0.3577471019585493,50.0
0.3592454682628428,50.0
0.36041194900976614,50.0
0.3612347634418541,50.0
0.36170244633060666,50.0
0.36180386302898054,50.0
0.36152822426173387,50.0
0.3608651006339533,50.0
0.3598044368382534,50.0
0.3583365655413569,50.0
0.3564522209308547,50.0
0.35414255190336175,50.0
0.3513991348753495,50.0
0.34821398619833976,50.0
0.3445795741604524,50.0
0.34048883055657403,50.0
0.33593516180985394,50.0
0.3309124596275994,50.0
0.3254151111750102,50.0
0.31943800875076883,50.0
0.3129765589488211,50.0
0.3060266912912474,50.0
0.2985848663177478,50.0
0.2906480831175253,50.0
0.2822138862902734,50.0
0.2732803723233014,50.0
0.2638461953725167,50.0
0.25391057243569376,50.0
0.24347328790705525,50.0
0.23253469750272254,50.0
0.221095731547715,50.0
0.20915789761527187,50.0
0.1967232825106121,50.0
0.1837945535915949,50.0
0.17037495941961783,50.0
0.15646832973497188,50.0
0.1420790747515765,50.0
0.12721218376667814,50.0
0.11187322308238112,50.0
0.09606833323607555,50.0
0.07980422553822009,50.0
0.06308817791651586,50.0
0.04592803006634674,50.0
0.028332177908414607,50.0
0.010309567355242688,50.0
-0.008130312611040386,50.0
-0.026977437545867955,50.0
-0.046221255830342256,50.0
-0.06585069763485266,50.0
-0.08585418455214056,50.0
-0.10621963989282601,50.0
-0.12693449963553854,50.0
-0.14798572402275678,50.0
-0.16935980979297494,50.0
-0.1910428030383265,50.0
-0.21302031267663124,50.0
-0.23527752452543693,50.0
-0.2577992159650173,50.0
-0.28056977117643,50.0
-0.3035731969399402,50.0
-0.32679313897811024,50.0
-0.3502128988274872,50.0
-0.37381545122139814,50.0
-0.397583461966303,50.0
-0.4214993062928768,50.0
-0.4455450876624911,50.0
-0.46970265700902103,50.0
-0.49395363239528267,50.0
-0.5182794190625274,50.0
-0.5426612298510954,50.0
-0.5670801059693694,50.0
-0.5915169380878831,50.0
-0.6159524877346508,50.0
-0.6403674089673538,50.0
-0.664742270297433,50.0
-0.6890575768408166,50.0
-0.713293792669256,50.0
-0.7374313633361869,50.0
-0.7614507385502907,50.0
-0.7853323949698668,50.0
-0.8090568590905263,50.0
-0.8326047301987207,50.0
-0.8559567033629871,50.0
-0.8790935924349979,50.0
-0.9019963530318631,50.0
-0.9246461054713764,50.0
-0.9470241576314551,50.0
-0.9691120277051781,50.0
-0.9908914668225757,50.0
-1.0123444815105391,50.0
-1.0334533559619423,50.0
-1.0542006740855059,50.0
-1.0745693413076307,50.0
-1.0945426060979193,50.0
-1.1141040811900313,50.0
-1.1332377644698635,50.0
-1.1519280595032233,50.0
-1.1701597956755476,50.0
-1.1879182479163695,50.0
-1.2051891559818109,50.0
-1.2219587432686128,50.0
-1.2382137351337186,50.0
-1.2539413766938994,50.0
-1.2691294500803811,50.0
-1.2837662911240044,50.0
-1.2978408054470638,50.0
-1.3113424839384342,50.0
-1.3242614175894423,50.0
-1.3365883116684711,50.0
-1.348314499213042,50.0
-1.3594319538188397,50.0
-1.3699333017059936,50.0
-1.3798118330435956,50.0
-1.389061512514429,50.0
-1.397676989102556,50.0
-1.4056536050874893,50.0
-1.4129874042294148,50.0
-1.4196751391310294,50.0
-1.4257142777623604,50.0
-1.4311030091360128,50.0
-1.4358402481213166,50.0
-1.4399256393868023,50.0
-1.443359560461453,50.0
-1.4461431239064462,50.0
-1.4482781785898533,50.0
-1.4497673100581783,50.0
-1.450613839999475,50.0
-1.4508218247941718,50.0
-1.4503960531504627,50.0
-1.4493420428228085,50.0
-1.44766603641269,50.0
-1.4453749962523084,50.0
-1.4424765983729522,50.0
-1.4389792255608307,50.0
-1.4348919595045573,50.0
-1.4302245720393736,50.0
-1.4249875154946372,50.0
-1.419191912152078,50.0
-1.4128495428235264,50.0
-1.4059728345580975,50.0
-1.3985748474897786,50.0
-1.3906692608376705,50.0
-1.3822703580721294,50.0
-1.3733930112614452,50.0
-1.3640526646142725,50.0
-1.3542653172348673,50.0
-1.3440475051085108,50.0
-1.3334162823361941,50.0
-1.3223892016381462,50.0
-1.3109842941473167,50.0
-1.299220048514472,50.0
-1.2871153893479397,50.0
-1.2746896550115343,50.0
-1.2619625748057586,50.0
-1.2489542455575302,50.0
-1.2356851076452713,50.0
-1.2221759204863882,50.0
-1.2084477375156382,50.0
-1.1945218806829574,50.0
-1.1804199145009096,50.0
-1.1661636196715448,50.0
-1.1517749663243708,50.0
-1.1372760868966871,50.0
-1.1226892486889146,50.0
-1.108036826127569,50.0
-1.0933412727695007,50.0
-1.0786250930811625,50.0
-1.063910814027347,50.0
-1.0492209565039787,50.0
-1.0345780066503496,50.0
-1.0200043870759017,50.0
-1.0055224280375508,50.0
-0.9911543386031975,50.0
-0.976922177837815,50.0
-0.9628478260481133,50.0
-0.9489529561224093,50.0
-0.9352590050017316,50.0
-0.9217871453189025,50.0
-0.9085582572417473,50.0
-0.8955929005567764,50.0
-0.8829112870293749,50.0
-0.8705332530765493,50.0
-0.8584782327878515,50.0
-0.8467652313299837,50.0
-0.8354127987700292,50.0
-0.8244390043523318,50.0
-0.8138614112630238,50.0
-0.8036970519163185,50.0
-0.7939624037957289,50.0
-0.7846733658831697,50.0
-0.7758452357080456,50.0
-0.7674926870479761,50.0
-0.7596297483119407,50.0
-0.7522697816361583,50.0
-0.7454254627219606,50.0
-0.7391087614443699,50.0
-0.7333309232590585,50.0
-0.7281024514346162,50.0
-0.7234330901360433,50.0
-0.7193318083844942,50.0
-0.7158067849172134,50.0
-0.7128653939707391,50.0
-0.7105141920091806,50.0
-0.7087589054184447,50.0
-0.7076044191861425,50.0
-0.7070547665856113,50.0
-0.7071131198815486,50.0
-0.707781782073298,50.0
-0.7090621796907892,50.0
-0.7109548566567578,50.0
-0.7134594692276337,50.0
-0.7165747820241907,50.0
-0.7202986651617456,50.0
-0.7246280924882836,50.0
-0.7295591409376512,50.0
-0.7350869910034703,50.0
-0.7412059283381829,50.0
-0.7479093464800629,50.0
-0.7551897507098577,50.0
-0.7630387630370858,50.0
-0.7714471283148219,50.0
-0.7804047214802012,50.0
-0.7899005559165961,50.0
-0.7999227929318478,50.0
-0.8104587523457725,50.0
-0.8214949241784468,50.0
-0.833016981429532,50.0
-0.8450097939375778,50.0
-0.8574574433066668,50.0
-0.8703432388864671,50.0
-0.8836497347904483,50.0
-0.8973587479355485,50.0
-0.9114513770853758,50.0
-0.9259080228775536,50.0
-0.9407084088146584,50.0
-0.9558316031968186,50.0
-0.9712560419728724,50.0
-0.9869595524856387,50.0
-1.002919378085849,50.0
-1.019112203587773,50.0
-1.035514181538795,50.0
-1.0521009592739423,50.0
-1.0688477067250055,50.0
-1.0857291449534263,50.0
-1.102719575374477,50.0
-1.119792909639794,50.0
-1.1369227001440207,50.0
-1.15408217112059,50.0
-1.171244250290915,50.0
-1.1883816010300916,50.0
-1.205466655011854,50.0
-1.2224716452944944,50.0
-1.239368639808859,50.0
-1.2561295752090367,50.0
-1.272726291045549,50.0
-1.2891305642203152,50.0
-1.305314143682404,50.0
-1.3212487853229875,50.0
-1.3369062870272934,50.0
-1.3522585238415459,50.0
-1.3672774832119998,50.0
-1.3819353002534316,50.0
-1.3962042930038514,50.0
-1.4100569976224169,50.0
-1.4234662034871226,50.0
-1.436404988149202,50.0
-1.4488467521007549,50.0
-1.4607652533125428,50.0
-1.4721346414988212,50.0
-1.4829294920665035,50.0
-1.4931248397058918,50.0
-1.5026962115806324,50.0
-1.5116196600750598,50.0
-1.5198717950573069,50.0
-1.5274298156169501,50.0
-1.5342715412367611,50.0
-1.5403754423583718,50.0
-1.5457206703025228,50.0
-1.5502870865050093,50.0
-1.5540552910303553,50.0
-1.5570066503257884,50.0
-1.5591233241792453,50.0
-1.5603882918454621,50.0
-1.5607853773056557,50.0
-1.5602992736268249,50.0
-1.5589155663881424,50.0
-1.5566207561422583,50.0
-1.5534022798812663,50.0
-1.5492485314774673,50.0
-1.5441488810706878,50.0
-1.5380936933748264,50.0
-1.5310743448777968,50.0
-1.5230832399099925,50.0
-1.514113825558046,50.0
-1.504160605401633,50.0
-1.4932191520528395,50.0
-1.4812861184785189,50.0
-1.4683592480880339,50.0
-1.454437383569735,50.0
-1.4395204744613366,50.0
-1.423609583440622,50.0
-1.4067068913246892,50.0
-1.3888157007671331,50.0
-1.369940438644372,50.0
-1.3500866571238848,50.0
-1.3292610334085055,50.0
-1.3074713681527177,50.0
-1.2847265825484186,50.0
-1.2610367140791672,50.0
-1.236412910943592,50.0
-1.2108674251502785,50.0
-1.18441360428809,50.0
-1.157065881977244,50.0
-1.1288397670085244,50.0
-1.0997518311791183,50.0
-1.0698196958355792,50.0
-1.0390620171357154,50.0
-1.0074984700429765,50.0
-0.975149731068357,50.0
-0.9420374597763517,50.0
-0.9081842790732904,50.0
-0.8736137542974662,50.0
-0.8383503711324022,50.0
-0.8024195123657661,50.0
-0.7658474335180732,50.0
-0.7286612373664736,50.0
-0.6908888473907651,50.0
-0.6525589801697079,50.0
-0.6137011167571915,50.0
-0.5743454730692222,50.0
-0.5345229693136999,50.0
-0.4942651984965248,50.0
-0.45360439403842073,50.0
-0.4125733965382158,50.0
-0.37120561971936417,50.0
-0.3295350155975924,50.0
-0.2875960389084714,50.0
-0.24542361083478847,50.0
-0.2030530820745694,50.0
-0.16052019529128309,50.0
-0.11786104698887556,50.0
-0.07511204885457451,50.0
-0.03230988861388978,50.0
0.010508509557830226,50.0
0.05330602502186177,50.0
0.0960453810148299,50.0
0.13868918529313212,50.0
0.18119997103646562,50.0
0.22354023796294992,50.0
0.2656724936084885,50.0
0.30755929472232313,50.0
0.3491632887307336,50.0
0.3904472552206041,50.0
0.43137414739446467,50.0
0.47190713344842605,50.0
0.5120096378246873,50.0
0.5516453822901359,50.0
0.5907784267927219,50.0
0.6293732100476681,50.0
0.6673945898053615,50.0
0.7048078827535087,50.0
0.7415789040063938,50.0
0.7776740061341798,50.0
0.8130601176861529,50.0
0.8477047811618075,50.0
0.8815761903847575,50.0
0.9146432272346324,50.0
0.9468754976931838,50.0
0.9782433671611938,50.0
1.0087179950041163,50.0
1.038271368284464,50.0
1.0668763346406118,50.0
1.0945066342721315,50.0
1.1211369309929822,50.0
1.14674284231494,50.0
1.1713009685245526,50.0
1.1947889207182136,50.0
1.2171853477612016,50.0
1.2384699621374837,50.0
1.2586235646585022,50.0
1.2776280680006113,50.0
1.2954665190418617,50.0
1.3121231199704066,50.0
1.3275832481382364,50.0
1.3418334746352016,50.0
1.3548615815600835,50.0
1.3666565779665403,50.0
1.3772087144637226,50.0
1.3865094964526072,50.0
1.3945516959808366,50.0
1.4013293622003944,50.0
1.406837830414085,50.0
1.411073729698372,50.0
1.4140349890919697,50.0
1.4157208423409817,50.0
1.4161318311933004,50.0
1.415269807236527,50.0
1.4131379322754911,50.0
1.4097406772470062,50.0
1.4050838196713924,50.0
1.3991744396418127,50.0
1.3920209143543825,50.0
1.3836329111835224,50.0
1.3740213793089178,50.0
1.3631985399019821,50.0
1.351177874881538,50.0
1.3379741142500416,50.0
1.323603222023308,50.0
1.3080823807684987,50.0
1.2914299747665567,50.0
1.2736655718170347,50.0
1.2548099037048992,50.0
1.2348848453501864,50.0
1.2139133926633479,50.0
1.1919196391302824,50.0
1.1689287511527615,50.0
1.1449669421712678,50.0
1.120061445598901,50.0
1.0942404865960582,50.0
1.0675332527174293,50.0
1.039969863463706,50.0
1.0115813387719759,50.0
0.9823995664799977,50.0
0.9524572688004743,50.0
0.9217879678431706,50.0
0.8904259502231383,50.0
0.8584062307949312,50.0
0.8257645155535086,50.0
0.7925371637434645,50.0
0.7587611492190708,50.0
0.7244740210988758,50.0
0.6897138637589434,50.0
0.65451925620985,50.0
0.6189292309033176,50.0
0.582983232014708,50.0
0.5467210732487252,50.0
0.5101828952156969,50.0
0.4734091224266048,50.0
0.43644041995542593,50.0
0.3993176498176674,50.0
0.36208182711431436,50.0
0.32477407599068997,50.0
0.2874355854599362,50.0
0.2501075651410065,50.0
0.21283120096102437,50.0
0.17564761087192382,50.0
0.13859780063144056,50.0
0.10172261969819607,50.0
0.06506271729055191,50.0
0.028658498658715725,50.0
-0.007449918380627918,50.0
-0.04322274659842096,50.0
-0.07862057214741347,50.0
-0.11360439694842306,50.0
-0.1481356806211842,50.0
-0.1821763819126051,50.0
-0.215688999576231,50.0
-0.24863661265690373,50.0
-0.28098292013593307,50.0
-0.31269227989211473,50.0
-0.34372974693542735,50.0
-0.37406111087078453,50.0
-0.4036529325500705,50.0
-0.43247257987181764,50.0
-0.46048826268891474,50.0
-0.4876690667855211,50.0
-0.513984986885924,50.0
-0.5394069586587541,50.0
-0.5639068896814305,50.0
-0.5874576893308627,50.0
-0.6100332975677748,50.0
-0.6316087125831158,50.0
-0.652160017276662,50.0
-0.6716644045389314,50.0
-0.690100201309366,50.0
-0.7074468913846518,50.0
-0.7236851369530284,50.0
-0.738796798831496,50.0
-0.7527649553847406,50.0
-0.7655739201056786,50.0
-0.7772092578395389,50.0
-0.7876577996345927,50.0
-0.7969076562045923,50.0
-0.8049482299892153,50.0
-0.8117702258007394,50.0
-0.8173656600466359,50.0
-0.8217278685195147,50.0
-0.8248515127473728,50.0
-0.8267325848989171,50.0
-0.8273684112402477,50.0
-0.8267576541409632,50.0
-0.8249003126293007,50.0
-0.8217977214976626,50.0
-0.8174525489615124,50.0
-0.8118687928762598,50.0
-0.8050517755183664,50.0
-0.7970081369385925,50.0
-0.7877458268968649,50.0
-0.7772740953898761,50.0
-0.765603481784118,50.0
-0.7527458025685009,50.0
-0.738714137742508,50.0
-0.7235228158570887,50.0
-0.7071873977271133,50.0
-0.6897246588357588,50.0
-0.6711525704524919,50.0
-0.6514902794877946,50.0
-0.630758087109306,50.0
-0.6089774261451095,50.0
-0.5861708373015194,50.0
-0.5623619442238912,50.0
-0.5375754274300544,50.0
-0.5118369971475829,50.0
-0.4851733650869249,50.0
-0.45761221518364836,50.0
-0.4291821733443558,50.0
-0.39991277623142774,50.0
-0.3698344391233499,50.0
-0.33897842288777547,50.0
-0.30737680010572466,50.0
-0.27506242038612483,50.0
-0.24206887491068563,50.0
-0.20843046024969958,50.0
-0.17418214149061062,50.0
-0.1393595147211235,50.0
-0.10399876890986604,50.0
-0.0681366472279169,50.0
-0.03181040785485212,50.0
0.004942215686088769,50.0
0.04208305461913375,50.0
0.07957354538845618,50.0
0.11737477046632017,50.0
0.15544749945165082,50.0
0.19375223041282086,50.0
0.2322492314290152,50.0
0.27089858228396935,50.0
0.3096602162660501,50.0
0.3484939620285662,50.0
0.38735958546461313,50.0
0.42621683155012846,50.0
0.46502546610997697,50.0
0.503745317461363,50.0
0.5423363178894767,50.0
0.580758544910763,50.0
0.6189722622791418,50.0
0.6569379606913182,50.0
0.6946163981478808,50.0
0.7319686399270184,50.0
0.7689560981285375,50.0
0.8055405707467111,50.0
0.8416842802306241,50.0
0.877349911491933,50.0
0.9125006493203235,50.0
0.9471002151681248,50.0
0.9811129032662316,50.0
1.0145036160340704,50.0
1.047237898748012,50.0
1.0792819734327959,50.0
1.1106027719422171,50.0
1.1411679681958413,50.0
1.1709460095400803,50.0
1.1999061472025163,50.0
1.2280184658101332,50.0
1.255253911942807,50.0
1.2815843216947287,50.0
1.3069824472178366,50.0
1.3314219822224809,50.0
1.3548775864116125,50.0
1.3773249088264286,50.0
1.3987406100826172,50.0
1.4191023834774945,50.0
1.4383889749499503,50.0
1.456580201876326,50.0
1.4736569706867177,50.0
1.4896012932877536,50.0
1.504396302279123,50.0
1.518026264952641,50.0
1.530476596063956,50.0
1.541733869368643,50.0
1.551785827915594,50.0
1.560621393092156,50.0
1.5682306724169843,50.0
1.5746049660778711,50.0
1.579736772213225,50.0
1.5836197909374117,50.0
1.5862489271114721,50.0
1.587620291862188,50.0
1.5877312028537678,50.0
1.586580183317929,50.0
1.5841669598493942,50.0
1.580492458975205,50.0
1.5755588025077063,50.0
1.5693693016920562,50.0
1.5619284501607575,50.0
1.553241915708783,50.0
1.5433165309040946,50.0
1.5321602825496734,50.0
1.5197823000143438,50.0
1.5061928424507436,50.0
1.4914032849201089,50.0
1.4754261034445317,50.0
1.4582748590083576,50.0
1.4399641805317356,50.0
1.4205097468399002,50.0
1.3999282676531892,50.0
1.3782374636234453,50.0
1.3554560454434812,50.0
1.3316036920571714,50.0
1.3067010279985003,50.0
1.2807695998887176,50.0
1.2538318521216136,50.0
1.225911101767427,50.0
1.1970315127268265,50.0
1.1672180691668692,50.0
1.136496548271379,50.0
1.1048934923390599,50.0
1.0724361802628575,50.0
1.039152598424498,50.0
1.0050714110390042,50.0
0.9702219299838601,50.0
0.9346340841480417,50.0
0.8983383883366192,50.0
0.8613659117664865,50.0
0.8237482461893177,50.0
0.7855174736778899,50.0
0.7467061341119134,50.0
0.7073471923998762,50.0
0.6674740054731001,50.0
0.6271202890885601,50.0
0.5863200844765124,50.0
0.5451077248694702,50.0
0.5035178019481814,50.0
0.4615851322410378,50.0
0.4193447235120157,50.0
0.37683174117303586,50.0
0.33408147475565364,50.0
0.291129304476742,50.0
0.2480106679329085,50.0
0.20476102695730752,50.0
0.16141583467258247,50.0
0.1180105027728744,50.0
0.07458036906768917,50.0
0.031160665319083763,50.0
-0.012213514595876343,50.0
-0.0555072461668652,50.0
-0.09868580534628596,50.0
-0.14171469922968255,50.0
-0.18455969629235067,50.0
-0.22718685615356027,50.0
-0.2695625588417932,50.0
-0.31165353353407355,50.0
-0.35342688674404615,50.0
-0.39485012993393465,50.0
-0.43589120652652275,50.0
-0.4765185182940473,50.0
-0.5167009511019426,50.0
-0.5564078999862183,50.0
-0.5956092935440057,50.0
-0.6342756176184262,50.0
-0.672377938258864,50.0
-0.7098879239395235,50.0
-0.7467778670200165,50.0
-0.7830207044322841,50.0
-0.8185900375796846,50.0
-0.8534601514347953,50.0
-0.8876060328237136,50.0
-0.9210033878852029,50.0
-0.9536286586948666,50.0
-0.9854590390446982,50.0
-1.016472489370066,50.0
-1.0466477508166394,50.0
-1.0759643584415066,50.0
-1.1044026535429787,50.0
-1.131943795115066,50.0
-1.1585697704238256,50.0
-1.1842634047030685,50.0
-1.209008369968564,50.0
-1.2327891929508294,50.0
-1.2555912621469494,50.0
-1.2774008339938274,50.0
-1.2982050381652757,50.0
-1.3179918819970302,50.0
-1.3367502540440743,50.0
-1.3544699267762486,50.0
-1.3711415584183717,50.0
-1.3867566939424567,50.0
-1.4013077652200843,50.0
-1.4147880903442904,50.0
-1.4271918721306185,50.0
-1.438514195808192,50.0
-1.4487510259122875,50.0
-1.4578992023906316,50.0
-1.4659564359363155,50.0
-1.4729213025611947,50.0
-1.478793237423837,50.0
-1.4835725279273435,50.0
-1.4872603061024128,50.0
-1.489858540292059,50.0
-1.4913700261546463,50.0
-1.4917983770027328,50.0
-1.4911480134954997,50.0
-1.4894241527031151,50.0
-1.486632796561936,50.0
-1.4827807197397078,50.0
-1.4778754569304537,50.0
-1.4719252895990724,50.0
-1.4649392321960313,50.0
-1.4569270178627458,50.0
-1.4478990836487386,50.0
-1.4378665552616938,50.0
-1.426841231371865,50.0
-1.4148355674925164,50.0
-1.4018626594581285,50.0
-1.3879362265223365,50.0
-1.3730705940976713,50.0
-1.3572806761591538,50.0
-1.3405819573339386,50.0
-1.3229904746992345,50.0
-1.304522799310615,50.0
-1.285196017482861,50.0
-1.2650277118454871,50.0
-1.2440359421949012,50.0
-1.2222392261650346,50.0
-1.199656519738228,50.0
-1.1763071976179411,50.0
-1.1522110334845874,50.0
-1.1273881801558245,50.0
-1.1018591496719916,50.0
-1.0756447933275786,50.0
-1.0487662816688785,50.0
-1.0212450844781933,50.0
-0.9931029507640252,50.0
-0.9643618887768276,50.0
-0.9350441460694068,50.0
-0.9051721896205178,50.0
-0.8747686860398457,50.0
-0.8438564818724649,50.0
-0.8124585840199984,50.0
-0.7805981402954334,50.0
-0.7482984201281571,50.0
-0.7155827954352785,50.0
-0.6824747216745793,50.0
-0.6489977190945101,50.0
-0.6151753541952916,50.0
-0.5810312214155771,50.0
-0.5465889250577695,50.0
-0.5118720614653977,50.0
-0.4769042014645165,50.0
-0.4417088730812285,50.0
-0.4063095445467381,50.0
-0.370729607600494,50.0
-0.3349923611015917,50.0
-0.2991209949583574,50.0
-0.2631385743849639,50.0
-0.22706802449357655,50.0
-0.19093211523006043,50.0
-0.15475344666068608,50.0
-0.11855443461638543,50.0
-0.0823572967013313,50.0
-0.04618403867093507,50.0
-0.01005644118488852,50.0
0.026003953060283025,50.0
0.06197585181512921,50.0
0.09783822537403186,50.0
0.13357031828186466,50.0
0.16915166064784443,50.0
0.20456207906481638,50.0
0.23978170713246677,50.0
0.2747909955832041,50.0
0.3095707220103699,50.0
0.3441020001987237,50.0
0.3783662890575932,50.0
0.4123454011572551,50.0
0.4460215108703188,50.0
0.47937716211920034,50.0
0.5123952757322991,50.0
0.5450591564109731,50.0
0.5773524993103212,50.0
0.6092593962369577,50.0
0.6407643414673643,50.0
0.671852237190611,50.0
0.7025083985796713,50.0
0.7327185584959424,50.0
0.7624688718315014,50.0
0.791745919494497,50.0
0.820536712042528,50.0
0.8488286929699767,50.0
0.8766097416546967,50.0
0.9038681759702165,50.0
0.930592754569542,50.0
0.9567726788467183,50.0
0.9823975945828833,50.0
1.00745759328309,50.0
1.0319432132108803,50.0
1.0558454401271204,50.0
1.0791557077404241,50.0
1.1018658978756544,50.0
1.12396834036787,50.0
1.1454558126886991,50.0
1.166321539312098,50.0
1.1865591908269177,50.0
1.2061628828029962,50.0
1.2251271744182166,50.0
1.2434470668533182,50.0
1.2611180014617274,50.0
1.27813585772117,50.0
1.2944969509740534,50.0
1.3101980299634963,50.0
1.3252362741715598,50.0
1.3396092909665267,50.0
1.3533151125655158,50.0
1.366352192819091,50.0
1.378719403823809,50.0
1.390416032369133,50.0
1.4014417762245146,50.0
1.411796740272416,50.0
1.4214814324931875,50.0
1.4304967598069696,50.0
1.4388440237781692,50.0
1.4465249161874678,50.0
1.453541514476536,50.0
1.4598962770699389,50.0
1.4655920385790246,50.0
1.4706320048920687,50.0
1.4750197481548102,50.0
1.478759201645481,50.0
1.4818546545479854,50.0
1.4843107466268899,50.0
1.486132462807447,50.0
1.4873251276640995,50.0
1.4878943998201697,50.0
1.4878462662615697,50.0
1.4871870365673279,50.0
1.4859233370590208,50.0
1.484062104871518,50.0
1.4816105819469292,50.0
1.4785763089538058,50.0
1.474967119132945,50.0
1.4707911320716214,50.0
1.4660567474073405,50.0
1.4607726384623985,50.0
1.4549477458102804,50.0
1.4485912707748463,50.0
1.4417126688627946,50.0
1.4343216431303563,50.0
1.4264281374846135,50.0
1.4180423299197393,50.0
1.4091746256885067,50.0
1.3998356504094671,50.0
1.3900362431096296,50.0
1.3797874492028892,50.0
1.3691005134041165,50.0
1.3579868725789956,50.0
1.3464581485292393,50.0
1.3345261407134268,50.0
1.3222028189029418,50.0
1.3095003157731409,50.0
1.2964309194294652,50.0
1.2830070658685087,50.0
1.2692413313736188,50.0
1.2551464248452975,50.0
1.240735180066274,50.0
1.2260205479011361,50.0
1.211015588430726,50.0
1.1957334630215897,50.0
1.180187426330486,50.0
1.164390818244534,50.0
1.1483570557573515,50.0
1.1320996247818935,50.0
1.1156320719005017,50.0
1.0989679960533476,50.0
1.0821210401658812,50.0
1.0651048827167888,50.0
1.0479332292475827,50.0
1.030619803815494,50.0
1.0131783403910448,50.0
0.9956225742025517,50.0
0.9779662330293593,50.0
0.9602230284460941,50.0
0.9424066470205708,50.0
0.9245307414677932,50.0
0.906608921763189,50.0
0.8886547462179499,50.0
0.8706817125201379,50.0
0.8527032487447965,50.0
0.8347327043371092,50.0
0.8167833410726393,50.0
0.7988683239987795,50.0
0.7810007123620862,50.0
0.763193450526203,50.0
0.7454593588854019,50.0
0.7278111247789232,50.0
0.7102612934116294,50.0
0.6928222587867187,50.0
0.6755062546563592,50.0
0.6583253454965649,50.0
0.6412914175124901,50.0
0.6244161696810919,50.0
0.6077111048376335,50.0
0.591187520813456,50.0
0.5748565016320069,50.0
0.5587289087707363,50.0
0.5428153724965237,50.0
0.5271262832824231,50.0
0.5116717833137816,50.0
0.4964617580919569,50.0
0.48150582814396203,50.0
0.46681334084655646,50.0
0.4523933623734128,50.0
0.438254669774148,50.0
0.4244057431941184,50.0
0.4108547582440078,50.0
0.39760957852813467,50.0
0.3846777483409745,50.0
0.3720664855407545,50.0
0.3597826746096834,50.0
0.3478328599100573,50.0
0.33622323914556795,50.0
0.32495965703724194,50.0
0.3140475992233056,50.0
0.3034921863923844,50.0
0.2932981686592764,50.0
0.2834699201925799,50.0
0.2740114341034028,50.0
0.26492631760415714,50.0
0.25621778744654666,50.0
0.2478886656475333,50.0
0.23994137551214217,50.0
0.23237793796150644,50.0
0.2251999681749392,50.0
0.2184086725538371,50.0
0.21200484601578518,50.0
0.20598886962661014,50.0
0.20036070857791083,50.0
0.19511991051748367,50.0
0.19026560423964067,50.0
0.1857964987423896,50.0
0.18171088265770327,50.0
0.17800662406124831,50.0
0.17468117066741828,50.0
0.1717315504150684,50.0
0.1691543724491392,50.0
0.1669458285029791,50.0
0.16510169468567368,50.0
0.1636173336782853,50.0
0.16248769734284083,50.0
0.16170732974676005,50.0
0.1612703706056929,50.0
0.1611705591469744,50.0
0.16140123839530254,50.0
0.16195535988200732,50.0
0.16282548877865297,50.0
0.16400380945537787,50.0
0.1654821314635395,50.0
0.1672518959420652,50.0
0.1693041824462812,50.0
0.17162971619732484,50.0
0.1742188757498118,50.0
0.1770617010750165,50.0
0.18014790205598227,50.0
0.18346686739060059,50.0
0.18700767389841022,50.0
0.1907590962254979,50.0
0.19470961694236022,50.0
0.1988474370283222,50.0
0.20316048673560863,50.0
0.2076364368259716,50.0
0.21226271017183124,50.0
0.21702649371361657,50.0
0.22191475076409678,50.0
0.22691423365044322,50.0
0.23201149668365417,50.0
0.23719290944489535,50.0
0.24244467037760986,50.0
0.24775282067351184,50.0
0.2531032584405495,50.0
0.2584817531398719,50.0
0.2638739602788949,50.0
0.26926543634642536,50.0
0.2746416539760125,50.0
0.279988017322804,50.0
0.285289877638745,50.0
0.29053254903079073,50.0
0.2957013243861364,50.0
0.3007814914482353,50.0
0.3057583490267689,50.0
0.31061722332474595,50.0
0.31534348436507853,50.0
0.3199225624991151,50.0
0.3243399649789873,50.0
0.328581292575422,50.0
0.332632256222528,50.0
0.3364786936706038,50.0
0.3401065861280125,50.0
0.3435020748727309,50.0
0.3466514778142595,50.0
0.34954130598620475,50.0
0.35215827994986165,50.0
0.3544893460889063,50.0
0.35652169277535556,50.0
0.3582427663867804,50.0
0.35964028715477037,50.0
0.3607022648247004,50.0
0.36141701410676397,50.0
0.36177316989838804,50.0
0.36175970225817555,50.0
0.36136593111161197,50.0
0.36058154066895265,50.0
0.35939659353582853,50.0
0.35780154449726054,50.0
0.35578725395612715,50.0
0.35334500100715294,50.0
0.35046649612796543,50.0
0.3471438934689123,50.0
0.3433698027237452,50.0
0.339137300563576,50.0
0.3344399416168661,50.0
0.3292717689787276,50.0
0.3236273242330645,50.0
0.3175016569717098,50.0
0.3108903337950445,50.0
0.30378944677920316,50.0
0.29619562139543865,50.0
0.2881060238678087,50.0
0.2795183679558097,50.0
0.27043092114932715,50.0
0.26084251026391725,50.0
0.25075252642478196,50.0
0.24016092942885947,50.0
0.22906825147481713,50.0
0.21747560025167118,50.0
0.20538466137726674,50.0
0.19279770017869674,50.0
0.17971756280760826,50.0
0.1661476766838093,50.0
0.15209205026171063,50.0
0.13755527211467933,50.0
0.12254250933335015,50.0
0.10705950523468533,50.0
0.0911125763795379,50.0
0.07470860889699044,50.0
0.05785505411501271,50.0
0.040559923497706124,50.0
0.02283178288998508,50.0
0.0046797460718384365,50.0
-0.013886532374968286,50.0
-0.03285686488416653,50.0
-0.052220539401479804,50.0
-0.07196632855497517,50.0
-0.09208249949269146,50.0
-0.11255682438050155,50.0
-0.13337659155187553,50.0
-0.15452861730059897,50.0
-0.17599925830652735,50.0
-0.19777442468357043,50.0
-0.21983959363819383,50.0
-0.24217982372621505,50.0
-0.2647797696942577,50.0
-0.28762369789177367,50.0
-0.3106955022387854,50.0
-0.3339787207334415,50.0
-0.35745655248272823,50.0
-0.3811118752391608,50.0
-0.4049272634251738,50.0
-0.42888500662646356,50.0
-0.4529671285345257,50.0
-0.4771554063183773,50.0
-0.5014313904041201,50.0
-0.5257764246411267,50.0
-0.5501716668322729,50.0
-0.574598109605459,50.0
-0.5990366016029033,50.0
-0.6234678689643507,50.0
-0.6478725370794427,50.0
-0.6722311525842333,50.0
-0.6965242055764188,50.0
-0.7207321520232414,50.0
-0.7448354363355875,50.0
-0.7688145140816441,50.0
-0.792649874812923,50.0
-0.8163220649751797,50.0
-0.8398117108764716,50.0
-0.8630995416845186,50.0
-0.8861664124249042,50.0
-0.908993326952025,50.0
-0.9315614608640403,50.0
-0.9538521843332386,50.0
-0.9758470848231144,50.0
-0.99752798966349,50.0
-1.018876988454677,50.0
-1.0398764552722741,50.0
-1.0605090706436877,50.0
-1.0807578432680174,50.0
-1.1006061314508053,50.0
-1.1200376642254821,50.0
-1.1390365621336511,50.0
-1.157587357636233,50.0
-1.1756750151283062,50.0
-1.1932849505304637,50.0
-1.210403050429902,50.0
-1.2270156907451024,50.0
-1.2431097548881123,50.0
-1.258672651399103,50.0
-1.2736923310283768,50.0
-1.2881573032415001,50.0
-1.3020566521237646,50.0
-1.3153800516610932,50.0
-1.3281177803746869,50.0
-1.3402607352878837,50.0
-1.351800445204062,50.0
-1.3627290832753114,50.0
-1.3730394788425349,50.0
-1.382725128528011,50.0
-1.3917802065628155,50.0
-1.4001995743319873,50.0
-1.407978789121393,50.0
-1.4151141120511288,50.0
-1.4216025151811598,50.0
-1.4274416877760507,50.0
-1.4326300417164657,50.0
-1.4371667160461832,50.0
-1.4410515806443183,50.0
-1.4442852390138365,50.0
-1.4468690301779106,50.0
-1.4488050296774169,50.0
-1.4500960496634305,50.0
-1.450745638079991,50.0
-1.45075807693354,50.0
-1.4501383796463299,50.0
-1.448892287492526,50.0
-1.4470262651166723,50.0
-1.4445474951355468,50.0
-1.4414638718253927,50.0
-1.4377839938977102,50.0
-1.4335171563682423,50.0
-1.428673341524563,50.0
-1.4232632089991122,50.0
-1.4172980849553967,50.0
-1.4107899503969754,50.0
-1.4037514286087127,50.0
-1.396195771742423,50.0
-1.3881368465589599,50.0
-1.3795891193405965,50.0
-1.3705676399885685,50.0
-1.361088025321469,50.0
-1.3511664415916709,50.0
-1.340819586237667,50.0
-1.3300646688916782,50.0
-1.3189193916624544,50.0
-1.3074019287144825,50.0
-1.2955309051659387,50.0
-1.2833253753283613,50.0
-1.2708048003122152,50.0
-1.257989025023123,50.0
-1.2448982545752658,50.0
-1.231553030147859,50.0
-1.2179742043131125,50.0
-1.204182915863553,50.0
-1.1902005641680835,50.0
-1.1760487830867261,50.0
-1.1617494144745544,50.0
-1.1473244813061574,50.0
-1.1327961604524774,50.0
-1.1181867551427227,50.0
-1.1035186671441455,50.0
-1.0888143686933616,50.0
-1.074096374213355,50.0
-1.0593872118505105,50.0
-1.0447093948666304,50.0
-1.0300853929208942,50.0
-1.0155376032778571,50.0
-1.0010883219764737,50.0
-0.9867597149968399,50.0
-0.9725737894603874,50.0
-0.9585523648999696,50.0
-0.944717044636201,50.0
-0.9310891872964615,50.0
-0.9176898785128423,50.0
-0.9045399028354899,50.0
-0.8916597158975696,50.0
-0.8790694168678079,50.0
-0.8667887212265311,50.0
-0.8548369339009196,50.0
-0.8432329227946816,50.0
-0.8319950927472638,50.0
-0.8211413599569855,50.0
-0.8106891269026668,50.0
-0.8006552577970905,50.0
-0.7910560546056278,50.0
-0.7819072336627212,50.0
-0.7732239029181406,50.0
-0.7650205398444063,50.0
-0.7573109700361107,50.0
-0.7501083465309493,50.0
-0.74342512988175,50.0
-0.737273069007804,50.0
-0.7316631828529392,50.0
-0.7266057428769574,50.0
-0.7221102564061672,50.0
-0.7181854508675585,50.0
-0.714839258930478,50.0
-0.7120788045782673,50.0
-0.7099103901316471,50.0
-0.7083394842441801,50.0
-0.7073707108891855,50.0
-0.7070078393563213,50.0
-0.7072537752748524,50.0
-0.7081105526792759,50.0
-0.7095793271319557,50.0
-0.7116603699159816,50.0
-0.7143530633102562,50.0
-0.7176558969574851,50.0
-0.721566465334422,50.0
-0.7260814663324402,50.0
-0.7311967009549827,50.0
-0.7369070741372903,50.0
-0.7432065966922501,50.0
-0.7500883883849179,50.0
-0.7575446821367448,50.0
-0.7655668293593765,50.0
-0.7741453064160795,50.0
-0.783269722207939,50.0
-0.79292882688008,50.0
-0.8031105216420253,50.0
-0.8138018696948015,50.0
-0.8249891082561027,50.0
-0.8366576616731691,50.0
-0.8487921556118437,50.0
-0.8613764323089227,50.0
-0.8743935668733791,50.0
-0.8878258846206153,50.0
-0.9016549794229833,50.0
-0.9158617330578221,50.0
-0.9304263355336682,50.0
-0.9453283063731803,50.0
-0.9605465168310408,50.0
-0.9760592130227417,50.0
-0.991844039940029,50.0
-1.0078780663266584,50.0
-1.0241378103875256,50.0
-1.0405992663028525,50.0
-1.0572379315182134,50.0
-1.0740288347797444,50.0
-1.0909465648830947,50.0
-1.1079653001038503,50.0
-1.1250588382757993,50.0
-1.1422006274824819,50.0
-1.1593637973272728,50.0
-1.176521190745278,50.0
-1.1936453963207254,50.0
-1.2107087810714703,50.0
-1.227683523663002,50.0
-1.2445416480121356,50.0
-1.2612550572413188,50.0
-1.2777955679428243,50.0
-1.294134944712237,50.0
-1.3102449349098824,50.0
-1.326097303608683,50.0
-1.341663868685954,50.0
-1.3569165360170286,50.0
-1.3718273347280114,50.0
-1.3863684524646547,50.0
-1.400512270634024,50.0
-1.4142313995763804,50.0
-1.4274987136232382,50.0
-1.44028738599908,50.0
-1.4525709235226247,50.0
-1.4643232010654206,50.0
-1.4755184957240146,50.0
-1.4861315206633356,50.0
-1.4961374585886569,50.0
-1.5055119948037838,50.0
-1.514231349813785,50.0
-1.5222723114308532,50.0
-1.529612266342091,50.0
-1.5362292310989472,50.0
-1.5421018824885584,50.0
-1.547209587247567,50.0
-1.55153243107967,50.0
-1.5550512469396898,50.0
-1.5577476425463157,50.0
-1.5596040270880622,50.0
-1.5606036370862177,50.0
-1.5607305613812248,50.0
-1.5599697652082944,50.0
-1.5583071133301696,50.0
-1.5557293921954538,50.0
-1.552224331092141,50.0
-1.5477806222672603,50.0
-1.5423879399845108,50.0
-1.536036958492997,50.0
-1.5287193688815561,50.0
-1.520427894794424,50.0
-1.5111563069851746,50.0
-1.500899436687074,50.0
-1.489653187780118,50.0
-1.4774145477352612,50.0
-1.4641815973189405,50.0
-1.4499535190413448,50.0
-1.4347306043345553,50.0
-1.4185142594470368,50.0
-1.4013070100432357,50.0
-1.3831125044984018,50.0
-1.363935515879915,50.0
-1.3437819426088065,50.0
-1.322658807795764,50.0
-1.300574257248224,50.0
-1.2775375561464593,50.0
-1.2535590843881916,50.0
-1.2286503306029648,50.0
-1.2028238848388684,50.0
-1.1760934299263615,50.0
-1.1484737315248372,50.0
-1.119980626859836,50.0
-1.090631012159801,50.0
-1.060442828803616,50.0
-1.0294350481909609,50.0
-0.9976276553496056,50.0
-0.9650416312952603,50.0
-0.9316989341607477,50.0
-0.8976224791136227,50.0
-0.8628361170818265,50.0
-0.8273646123092554,50.0
-0.7912336187643567,50.0
-0.7544696554259605,50.0
-0.7171000804726988,50.0
-0.6791530644027942,50.0
-0.6406575621133612,50.0
-0.6016432839688088,50.0
-0.5621406658899386,50.0
-0.5221808384957529,50.0
-0.48179559533229355,50.0
-0.44101736022298055,50.0
-0.3998791537765901,50.0
-0.35841455909009473,50.0
-0.3166576866842661,50.0
-0.27464313871169005,50.0
-0.23240597247680045,50.0
-0.18998166330930039,50.0
-0.14740606683287244,50.0
-0.10471538067174485,50.0
-0.06194610563880931,50.0
-0.019135006449256864,50.0
0.02368092799512128,50.0
0.0664645247057476,50.0
0.10917846704485784,50.0
0.15178533545486578,50.0
0.19424764843191206,50.0
0.23652790369663146,50.0
0.27858861951436376,50.0
0.3203923761168773,50.0
0.3619018571772609,50.0
0.40307989128989635,50.0
0.4438894934069191,50.0
0.48429390618277235,50.0
0.5242566411782943,50.0
0.563741519876132,50.0
0.6027127144590614,50.0
0.641134788303348,50.0
0.6789727361391715,50.0
0.7161920238307797,50.0
0.7527586277290853,50.0
0.7886390735502684,50.0
0.8238004747339689,50.0
0.8582105702353866,50.0
0.8918377617063682,50.0
0.9246511500209977,50.0
0.9566205711018287,50.0
0.9877166310040149,50.0
1.0179107402150445,50.0
1.047175147128844,50.0
1.0754829706537834,50.0
1.1028082319153674,50.0
1.1291258850148815,50.0
1.154411846807065,50.0
1.1786430256601883,50.0
1.2017973491636642,50.0
1.2238537907491596,50.0
1.244792395192711,50.0
1.264594302966307,50.0
1.283241773408864,50.0
1.300718206687964,50.0
1.3170081645249847,50.0
1.3320973896576134,50.0
1.345972824015425,50.0
1.3586226255854525,50.0
1.370036183946328,50.0
1.38020413445101,50.0
1.3891183710398534,50.0
1.3967720576670999,50.0
1.4031596383257754,50.0
1.4082768456573789,50.0
1.412120708134486,50.0
1.4146895558060517,50.0
1.4159830245969065,50.0
1.416002059154535,50.0
1.414748914237975,50.0
1.41222715464542,50.0
1.4084416536787445,50.0
1.4033985901448878,50.0
1.3971054438958634,50.0
1.38957098991064,50.0
1.3808052909241146,50.0
1.370819688609901,50.0
1.359626793325449,50.0
1.3472404724297022,50.0
1.3336758371850452,50.0
1.3189492282572173,50.0
1.3030781998282004,50.0
1.2860815023389884,50.0
1.2679790638805282,50.0
1.2487919702529406,50.0
1.22854244371446,50.0
1.2072538204432708,50.0
1.1849505267367673,50.0
1.1616580539743815,50.0
1.137402932371547,50.0
1.1122127035535891,50.0
1.0861158919800942,50.0
1.0591419752513245,50.0
1.0313213533297225,50.0
1.0026853167107643,50.0
0.9732660135787045,50.0
0.9430964159838253,50.0
0.9122102850791584,50.0
0.8806421354556101,50.0
0.8484271986152654,50.0
0.8156013856243228,50.0
0.7822012489871273,50.0
0.748263943784589,50.0
0.7138271881204421,50.0
0.6789292229200818,50.0
0.6436087711271326,50.0
0.6079049963438861,50.0
0.571857460961977,50.0
0.5355060838309091,50.0
0.4988910975118599,50.0
0.462053005165185,50.0
0.42503253712021827,50.0
0.3878706071762926,50.0
0.3506082686845,50.0
0.31328667045968406,50.0
0.2759470125721608,50.0
0.238630502069465,50.0
0.20137830867787088,50.0
0.1642315205334215,50.0
0.12723109999274085,50.0
0.09041783957325777,50.0
0.053832318072371654,50.0
0.01751485691520771,50.0
-0.018494523220326853,50.0
-0.05415614545190284,50.0
-0.08943071936661795,50.0
-0.12427938327214,50.0
-0.15866374597785682,50.0
-0.19254592805928544,50.0
-0.2258886025592971,50.0
-0.25865503508072324,50.0
-0.29080912322578967,50.0
-0.32231543533791496,50.0
-0.35313924850291534,50.0
-0.38324658576747583,50.0
-0.41260425253320665,50.0
-0.4411798720859836,50.0
-0.468941920221398,50.0
-0.4958597589276742,50.0
-0.5219036690893252,50.0
-0.5470448821750237,50.0
-0.5712556108753097,50.0
-0.5945090786562399,50.0
-0.6167795481968887,50.0
-0.6380423486795594,50.0
-0.6582739019032093,50.0
-0.6774517471915837,50.0
-0.6955545650696018,50.0
-0.712562199682168,50.0
-0.7284556799317032,50.0
-0.7432172393120098,50.0
-0.756830334417377,50.0
-0.7692796621076267,50.0
-0.7805511753113689,50.0
-0.7906320974510734,50.0
-0.7995109354754973,50.0
-0.8071774914863002,50.0
-0.813622872947596,50.0
-0.818839501468536,50.0
-0.8228211201509357,50.0
-0.8255627994954445,50.0
-0.8270609418614407,50.0
-0.8273132844774825,50.0
-0.8263189010009717,50.0
-0.8240782016270051,50.0
-0.8205929317484116,50.0
-0.8158661691703749,50.0
-0.8099023198847819,50.0
-0.8027071124110993,50.0
-0.7942875907121063,50.0
-0.7846521056944782,50.0
-0.7738103053059049,50.0
-0.7617731232417229,50.0
-0.748552766276027,50.0
-0.7341627002333233,50.0
-0.7186176346185853,50.0
-0.7019335059250424,50.0
-0.6841274596403297,50.0
-0.6652178309732569,50.0
-0.6452241243247626,50.0
-0.6241669915280179,50.0
-0.6020682088840335,50.0
-0.5789506530203425,50.0
-0.5548382756016152,50.0
-0.52975607692259,50.0
-0.5037300784143556,50.0
-0.4767872940967021,50.0
-0.44895570101009197,50.0
-0.42026420866202097,50.0
-0.3907426275233846,50.0
-0.3604216366117913,50.0
-0.32933275019928154,50.0
-0.29750828368322724,50.0
-0.2649813186597416,50.0
-0.2317856672398223,50.0
-0.19795583564930863,50.0
-0.16352698715423541,50.0
-0.12853490435410486,50.0
-0.09301595088576464,50.0
-0.05700703258166462,50.0
-0.020545558126320307,50.0
0.016330600744510537,50.0
0.05358314945714726,50.0
0.0911734111804906,50.0
0.1290623677284891,50.0
0.16721070073871147,50.0
0.2055788330811169,50.0
0.24412697045123832,50.0
0.282815143101535,50.0
0.32160324766489035,50.0
0.36045108902433753,50.0
0.39931842218291136,50.0
0.4381649940879877,50.0
0.476950585364304,50.0
0.5156350519107303,50.0
0.5541783663151323,50.0
0.5925406590433704,50.0
0.6306822593575596,50.0
0.6685637359201391,50.0
0.7061459370401707,50.0
0.7433900305194467,50.0
0.7802575430559646,50.0
0.816710399163312,50.0
0.8527109595653095,50.0
0.888222059025692,50.0
0.9232070435735482,50.0
0.9576298070861592,50.0
0.9914548271915831,50.0
1.0246472004543166,50.0
1.0571726768081962,50.0
1.0889976932021146,50.0
1.1200894064242908,50.0
1.1504157250730709,50.0
1.179945340642132,50.0
1.208647757689976,50.0
1.2364933230641455,50.0
1.2634532541524726,50.0
1.2894996661338956,50.0
1.3146055982036648,50.0
1.338745038748252,50.0
1.36189294944698,50.0
1.3840252882784283,50.0
1.4051190314112856,50.0
1.4251521939604046,50.0
1.4441038495902907,50.0
1.46195414894958,50.0
1.4786843369216145,50.0
1.4942767686772793,50.0
1.508714924518053,50.0
1.5219834234984637,50.0
1.5340680358184295,50.0
1.5449556939775664,50.0
1.5546345026851371,50.0
1.5630937475201978,50.0
1.570323902338506,50.0
1.5763166354238338,50.0
1.5810648143829185,50.0
1.5845625097844773,50.0
1.5868049975444638,50.0
1.5877887600607665,50.0
1.5875114861022257,50.0
1.5859720694579955,50.0
1.5831706063548208,50.0
1.5791083916509854,50.0
1.5737879138171305,50.0
1.567212848715347,50.0
1.5593880521893062,50.0
1.5503195514793617,50.0
1.5400145354779742,50.0
1.5284813438417635,50.0
1.5157294549778861,50.0
1.5017694729235043,50.0
1.4866131131383629,50.0
1.4702731872312251,50.0
1.4527635866426594,50.0
1.4340992653069233,50.0
1.4142962213172607,50.0
1.3933714776197348,50.0
1.3713430617614968,50.0
1.3482299847205859,50.0
1.3240522188449568,50.0
1.298830674929286,50.0
1.2725871784591427,50.0
1.2453444450525475,50.0
1.217126055129764,50.0
1.1879564278428636,50.0
1.1578607942973542,50.0
1.126865170098199,50.0
1.094996327254042,50.0
1.0622817654728447,50.0
1.0287496828836276,50.0
0.9944289462186388,50.0
0.9593490604909574,50.0
0.9235401382030903,50.0
0.887032868121826,50.0
0.8498584836555341,50.0
0.8120487308696291,50.0
0.7736358361765885,50.0
0.7346524737366279,50.0
0.6951317326056925,50.0
0.6551070836667202,50.0
0.6146123463808082,50.0
0.5736816553946281,50.0
0.532349427039863,50.0
0.49065032576118184,50.0
0.44861923050819275,50.0
0.4062912011272682,50.0
0.3637014447883524,50.0
0.3208852824819364,50.0
0.277878115620664,50.0
0.23471539278011022,50.0
0.1914325766124419,50.0
0.1480651109663152,50.0
0.10464838824605231,50.0
0.06121771704221224,50.0
0.017808290065835786,50.0
-0.02554484758310928,50.0
-0.06880682978187797,50.0
-0.1119430003561484,50.0
-0.15491894362691205,50.0
-0.19770051450469195,50.0
-0.24025386810313812,50.0
-0.2825454888451513,50.0
-0.3245422190353161,50.0
-0.36621128687329085,50.0
-0.4075203338837318,50.0
-0.44843744173891226,50.0
-0.48893115845140617,50.0
-0.528970523915041,50.0
-0.5685250947730155,50.0
-0.6075649685935081,50.0
-0.6460608073331954,50.0
-0.683983860071365,50.0
-0.7213059849968746,50.0
-0.7579996706322288,50.0
-0.7940380562796088,50.0
-0.8293949516748298,50.0
-0.8640448558360609,50.0
-0.8979629750953808,50.0
-0.9311252403020902,50.0
-0.9635083231878916,50.0
-0.9950896518850041,50.0
-1.025847425589181,50.0
-1.055760628360866,50.0
-1.0848090420586713,50.0
-1.1129732584003091,50.0
-1.1402346901471423,50.0
-1.1665755814096448,50.0
-1.191979017072077,50.0
-1.2164289313354004,50.0
-1.2399101153787968,50.0
-1.2624082241410068,50.0
-1.2839097822235899,50.0
-1.3044021889192705,50.0
-1.3238737223694006,50.0
-1.3423135428555169,50.0
-1.359711695230983,50.0
-1.3760591104993911,50.0
-1.391347606547441,50.0
-1.4055698880407803,50.0
-1.4187195454922161,50.0
-1.4307910535123902,50.0
-1.4417797682538982,50.0
-1.4516819240605594,50.0
-1.4604946293343781,50.0
-1.468215861633265,50.0
-1.4748444620134638,50.0
-1.4803801286312905,50.0
-1.4848234096192605,50.0
-1.488175695252583,50.0
-1.4904392094222771,50.0
-1.4916170004319809,50.0
-1.4917129311359671,50.0
-1.4907316684363532,50.0
-1.4886786721579928,50.0
-1.4855601833200731,50.0
-1.4813832118237351,50.0
-1.4761555235754749,50.0
-1.4698856270665335,50.0
-1.4625827594286285,50.0
-1.4542568719868998,50.0
-1.4449186153310554,50.0
-1.434579323926013,50.0
-1.4232510002835554,50.0
-1.4109462987166543,50.0
-1.3976785086983567,50.0
-1.3834615378471327,50.0
-1.3683098945608672,50.0
-1.3522386703214222,50.0
-1.335263521692254,50.0
-1.3174006520308805,50.0
-1.2986667929388371,50.0
-1.2790791854707881,50.0
-1.2586555611250707,50.0
-1.2374141226377793,50.0
-1.215373524601877,50.0
-1.1925528539333037,50.0
-1.168971610205411,50.0
-1.1446496858732456,50.0
-1.1196073464085052,50.0
-1.0938652103661868,50.0
-1.0674442294035882,50.0
-1.0403656682715445,50.0
-1.0126510847985477,50.0
-0.984322309886663,50.0
-0.955401427538999,50.0
-0.925910754937628,50.0
-0.8958728225902599,50.0
-0.865310354564002,50.0
-0.8342462488238882,50.0
-0.802703557693251,50.0
-0.7707054684532253,50.0
-0.7382752840970959,50.0
-0.7054364042559595,50.0
-0.6722123063107743,50.0
-0.6386265267055743,50.0
-0.6047026424768164,50.0
-0.5704642530117331,50.0
-0.5359349620501663,50.0
-0.5011383599416058,50.0
-0.4660980061705312,50.0
-0.43083741216113436,50.0
-0.39538002437285336,50.0
-0.3597492076975651,50.0
-0.3239682291676537,50.0
