  0.0168948,  -0.239808,  -0.00390398
  0.0107512,  -0.239808,  -0.0156159
  0.00460767,  -0.263789,  -0.00390398
  -0.00153589,  -0.263789,  -0.00390398
  -0.00767945,  -0.263789,  -0.011712
  -0.013823,  -0.263789,  -0.011712
  -0.0184307,  -0.263789,  -0.0195199
  -0.0261101,  -0.263789,  -0.0351359
  -0.0337896,  -0.28777,  -0.0195199
  -0.0399331,  -0.311751,  -0.0156159
  -0.0460767,  -0.311751,  -0.0390398
  -0.0522203,  -0.311751,  -0.0507518
  -0.0583638,  -0.335732,  -0.0585598
  -0.0660433,  -0.335732,  -0.0702717
  -0.0737227,  -0.335732,  -0.0624637
  -0.0814022,  -0.335732,  -0.0741757
  -0.0890816,  -0.359712,  -0.0819837
  -0.0967611,  -0.335732,  -0.0936956
  -0.104441,  -0.335732,  -0.105408
  -0.113656,  -0.359712,  -0.11712
  -0.121335,  -0.359712,  -0.136639
  -0.129015,  -0.359712,  -0.152255
  -0.13823,  -0.359712,  -0.160063
  -0.147445,  -0.407674,  -0.156159
  -0.158197,  -0.431655,  -0.183487
  -0.167412,  -0.455636,  -0.179583
  -0.179699,  -0.503597,  -0.206911
  -0.19045,  -0.503597,  -0.195199
  -0.19813,  -0.479616,  -0.206911
  -0.207345,  -0.407674,  -0.273279
  -0.234991,  -0.911271,  -0.292799
  -0.273388,  -1.67866,  -0.0780797
  -0.305642,  -1.7506,  -0.0585598
  -0.324073,  -1.19904,  0.0195199
  -0.339432,  -0.719425,  -0.0390398
  -0.354791,  -0.695444,  -0.0741757
  -0.380901,  -1.00719,  -0.0975996
  -0.419298,  -1.65468,  -0.0351359
  -0.434657,  -1.31895,  -0.0741757
  -0.443872,  -0.479616,  -0.00390398
  -0.446944,  -0.215827,  -0.0897916
  -0.457695,  -0.311751,  -0.171775
  -0.473054,  -0.599521,  -0.191295
  -0.489949,  -0.743406,  -0.128831
  -0.516059,  -1.03118,  -0.144447
  -0.557528,  -1.7506,  -0.0312319
  -0.600533,  -2.18225,  0.331839
  -0.620499,  -1.27098,  0.183487
  -0.629715,  -0.695444,  0.0468478
  -0.635858,  -0.359712,  -0.0702717
  -0.642002,  -0.239808,  -0.132735
  -0.64661,  -0.263789,  -0.183487
  -0.655825,  -0.311751,  -0.253759
  -0.685007,  -0.959233,  -0.230335
  -0.732619,  -1.96643,  -0.0585598
  -0.775624,  -2.2542,  0.452862
  -0.797127,  -1.43885,  0.308415
  -0.81095,  -0.815348,  -0.0546558
  -0.818629,  -0.479616,  -0.0975996
  -0.833988,  -0.503597,  -0.128831
  -0.857026,  -0.959233,  -0.113216
  -0.893888,  -1.53477,  -0.0390398
  -0.930749,  -1.89449,  0.0273279
  -0.952252,  -1.31895,  0.0507518
  -0.966075,  -0.839329,  0.0975996
  -0.973754,  -0.455636,  -0.0351359
  -0.987577,  -0.527578,  -0.160063
  -1.00754,  -0.86331,  -0.109312
  -1.04594,  -1.43885,  -0.0702717
  -1.08741,  -2.01439,  0.171775
  -1.10738,  -1.36691,  -0.0429438
  -1.12274,  -0.86331,  0.0390398
  -1.13041,  -0.527578,  0
  -1.13502,  -0.28777,  -0.0858876
  -1.1427,  -0.28777,  -0.124927
  -1.15499,  -0.479616,  -0.105408
  -1.17803,  -0.88729,  -0.132735
  -1.21642,  -1.55875,  -0.0390398
  -1.25789,  -1.99041,  0.0312319
  -1.2794,  -1.39089,  0.495806
  -1.29476,  -0.88729,  -0.0195199
  -1.30397,  -0.527578,  0.0429438
  -1.30858,  -0.263789,  -0.0234239
  -1.31472,  -0.263789,  -0.121024
  -1.32854,  -0.479616,  -0.0624637
  -1.35005,  -0.86331,  -0.0429438
  -1.37923,  -1.29496,  -0.0663677
  -1.39612,  -1.07914,  0.167871
  -1.40841,  -0.719425,  -0.101504
  -1.41302,  -0.335732,  0.0156159
  -1.41763,  -0.215827,  -0.0624637
  -1.42684,  -0.263789,  -0.0702717
  -1.43606,  -0.383693,  -0.0312319
  -1.45295,  -0.57554,  -0.0351359
  -1.47445,  -0.983214,  0.0546558
  -1.48981,  -0.88729,  -0.0234239
  -1.49903,  -0.57554,  -0.0624637
  -1.50364,  -0.263789,  -0.00390398
  -1.50517,  -0.143885,  0.00390398
  -1.51132,  -0.143885,  -0.0312319
  -1.51592,  -0.239808,  -0.0156159
  -1.51899,  -0.167866,  -0.00780797
  -1.5236,  -0.143885,  -0.011712
  -1.52821,  -0.215827,  -0.0156159
  -1.53128,  -0.167866,  -0.00390398
  -1.53435,  -0.119904,  -0.00780797
  -1.53743,  -0.0959233,  0.0234239
  -1.53743,  -0.0479616,  -0.00780797
  -1.5405,  -0.0479616,  0
  -1.54203,  -0.0479616,  -0.0195199
  -1.54357,  -0.0479616,  0.0624637
  -1.54511,  -0.0479616,  0.0663677
  -1.54664,  -0.0479616,  0.0741757
  -1.54664,  -0.0239808,  0.0975996
  -1.54664,  0,  0.121024
  -1.54664,  0,  0.144447
  -1.54664,  0,  0.163967
  -1.54664,  0,  0.195199
  -1.54664,  0,  0.222527
  -1.54664,  0,  0.253759
  -1.54664,  0,  0.292799
  -1.54664,  0,  0.331839
  -1.54511,  0,  0.370878
  -1.54357,  0.0239808,  0.40211
  -1.53896,  0.0959233,  0.452862
  -1.52821,  0.335732,  0.452862
  -1.51592,  0.551559,  0.413822
  -1.49596,  0.791367,  0.445054
  -1.47138,  1.03118,  0.359167
  -1.44374,  1.27098,  0.327935
  -1.41455,  1.36691,  0.269375
  -1.38537,  1.41487,  0.230335
  -1.35773,  1.39089,  0.206911
  -1.33008,  1.34293,  0.199103
  -1.30243,  1.34293,  0.187391
  -1.27786,  1.27098,  0.175679
  -1.25329,  1.19904,  0.195199
  -1.22718,  1.19904,  0.206911
  -1.2026,  1.17506,  0.195199
  -1.17956,  1.17506,  0.206911
  -1.15499,  1.17506,  0.230335
  -1.12888,  1.22302,  0.222527
  -1.10277,  1.29496,  0.238143
  -1.07512,  1.34293,  0.245951
  -1.04441,  1.39089,  0.226431
  -1.01369,  1.46283,  0.222527
  -0.981434,  1.46283,  0.214719
  -0.950716,  1.51079,  0.210815
  -0.916926,  1.58273,  0.218623
  -0.883137,  1.6307,  0.175679
  -0.849347,  1.67866,  0.183487
  -0.814022,  1.72662,  0.191295
  -0.77716,  1.79856,  0.167871
  -0.735691,  1.84652,  0.160063
  -0.69883,  1.89449,  0.11712
  -0.658897,  1.91847,  0.124927
  -0.617428,  1.94245,  0.0975996
  -0.57903,  1.94245,  0.0819837
  -0.537561,  1.96643,  0.0975996
  -0.497628,  1.99041,  0.0546558
  -0.454623,  2.03837,  0.0702717
  -0.413154,  2.06235,  0.0195199
  -0.370149,  2.06235,  0.0195199
  -0.330216,  2.06235,  0.0819837
  -0.294891,  1.82254,  0.0273279
  -0.264173,  1.6307,  0.0702717
  -0.222704,  1.7506,  0.136639
  -0.179699,  2.08633,  0.0273279
  -0.136694,  2.13429,  0.0195199
  -0.0844739,  2.32614,  0.0936956
  -0.055292,  1.99041,  -0.343551
  -0.0430049,  0.935252,  0.0819837
  -0.0199666,  0.86331,  0.316223
  0.0230383,  1.72662,  0.257663
  0.0706509,  2.27818,  0.0975996
  0.124407,  2.54197,  0.0312319
  0.182771,  2.85372,  0.0858876
  0.210417,  2.01439,  -0.429438
  0.228848,  0.935252,  0.105408
  0.261101,  1.31895,  0.238143
  0.308714,  2.11031,  0.167871
  0.367078,  2.68585,  0.00390398
  0.41469,  2.66187,  -0.257663
  0.443872,  1.77458,  -0.128831
  0.465375,  1.17506,  0.0702717
  0.497628,  1.34293,  0.171775
  0.548313,  2.13429,  0.0897916
  0.600533,  2.63789,  0.124927
  0.626643,  1.7506,  0.0351359
  0.649681,  1.17506,  0.0546558
  0.678863,  1.19904,  0.128831
  0.729548,  2.06235,  0.0780797
  0.77716,  2.51799,  0.0702717
  0.804806,  1.70264,  0.0507518
  0.823237,  1.10312,  0.0429438
  0.847811,  0.983214,  0.109312
  0.886208,  1.60672,  0.0702717
  0.927677,  1.99041,  0.0741757
  0.953788,  1.60672,  -0.105408
  0.973754,  1.05516,  0.0390398
  0.995257,  0.983214,  0.0702717
  1.03212,  1.46283,  0.0741757
  1.06898,  1.96643,  0.0663677
  1.09509,  1.53477,  0.0195199
  1.11352,  1.00719,  0.0663677
  1.13195,  0.791367,  0.0195199
  1.1596,  1.07914,  0.0195199
  1.19185,  1.58273,  0.0741757
  1.21489,  1.247,  -0.249855
  1.22871,  0.86331,  0.0156159
  1.23793,  0.527578,  0.0546558
  1.24714,  0.383693,  0.0702717
  1.27479,  0.983214,  0.0780797
  1.30704,  1.51079,  0.0858876
  1.32701,  1.17506,  -0.0624637
  1.33776,  0.767386,  -0.222527
  1.34698,  0.527578,  -0.0624637
  1.35158,  0.28777,  -0.0273279
  1.35773,  0.215827,  0.0234239
  1.37923,  0.719425,  0.011712
  1.4038,  1.22302,  -0.218623
  1.42223,  0.959233,  -0.0468478
  1.43299,  0.671463,  -0.11712
  1.43913,  0.407674,  -0.171775
  1.44374,  0.191847,  -0.140543
  1.44374,  0.0719425,  -0.132735
  1.44374,  0,  -0.113216
  1.44374,  0,  -0.105408
  1.44374,  0,  -0.11712
  1.44374,  0,  -0.121024
  1.44374,  0,  -0.132735
  1.44374,  0,  -0.148351
  1.44374,  0,  -0.167871
  1.44374,  0,  -0.183487
  1.44374,  0,  -0.203007
  1.44374,  0,  -0.234239
  1.44374,  0,  -0.269375
  1.44374,  0,  -0.304511
  1.44374,  0,  -0.335743
  1.44374,  0,  -0.38259
  1.43606,  -0.143885,  -0.42163
  1.42223,  -0.527578,  -0.406014
  1.40073,  -0.911271,  -0.327935
  1.37462,  -1.15108,  -0.320127
  1.35005,  -1.22302,  -0.230335
  1.32854,  -1.10312,  -0.203007
  1.31011,  -0.983214,  -0.265471
  1.28861,  -0.983214,  -0.292799
  1.26557,  -1.1271,  -0.324031
  1.24253,  -1.10312,  -0.292799
  1.22257,  -1.05516,  -0.281087
  1.19953,  -1.03118,  -0.292799
  1.17496,  -1.1271,  -0.292799
  1.15345,  -1.15108,  -0.269375
  1.12734,  -1.10312,  -0.304511
  1.10123,  -1.19904,  -0.312319
  1.07666,  -1.19904,  -0.296703
  1.05055,  -1.22302,  -0.316223
  1.02444,  -1.31895,  -0.331839
  0.995257,  -1.39089,  -0.378686
  0.964539,  -1.46283,  -0.366974
  0.929213,  -1.60672,  -0.327935
  0.890816,  -1.79856,  -0.304511
  0.850883,  -1.89449,  -0.253759
  0.81095,  -1.94245,  -0.214719
  0.769481,  -1.99041,  -0.199103
  0.728012,  -2.03837,  -0.171775
  0.686543,  -2.03837,  -0.179583
  0.648145,  -1.96643,  -0.152255
  0.606676,  -1.96643,  -0.175679
  0.565207,  -2.01439,  -0.148351
  0.525274,  -2.01439,  -0.128831
  0.483805,  -2.01439,  -0.144447
  0.443872,  -1.99041,  -0.105408
  0.400867,  -2.03837,  -0.113216
  0.359398,  -2.06235,  -0.101504
  0.314857,  -2.08633,  -0.0975996
  0.271852,  -2.11031,  -0.0585598
  0.228848,  -2.15827,  -0.0741757
  0.175091,  -2.18225,  -0.0546558
  0.139766,  -2.20624,  0.183487
  0.109048,  -1.82254,  -0.0975996
  0.0814022,  -1.34293,  -0.167871
  0.0383972,  -1.79856,  -0.199103
  -0.00307178,  -2.03837,  -0.0936956
  -0.0506844,  -2.23022,  -0.101504
  -0.102905,  -2.54197,  -0.0312319
  -0.156661,  -2.58993,  0.0351359
  -0.184307,  -1.96643,  0.140543
  -0.201202,  -0.983214,  -0.140543
  -0.231919,  -1.1271,  -0.304511
  -0.277996,  -1.96643,  -0.206911
  -0.325609,  -2.32614,  -0.0897916
  -0.380901,  -2.56595,  -0.0429438
  -0.439264,  -2.85372,  -0.0273279
  -0.465375,  -2.03837,  0.167871
  -0.491485,  -1.17506,  -0.128831
  -0.523738,  -1.41487,  -0.191295
  -0.572887,  -2.11031,  -0.128831
  -0.623571,  -2.54197,  -0.0312319
  -0.651217,  -1.77458,  0.0663677
  -0.674256,  -1.17506,  -0.140543
  -0.708045,  -1.39089,  -0.195199
  -0.760265,  -2.13429,  -0.124927
  -0.815557,  -2.70983,  0.0156159
  -0.840132,  -1.84652,  0.0468478
  -0.86317,  -1.19904,  -0.105408
  -0.89696,  -1.34293,  -0.132735
  -0.950716,  -2.27818,  -0.0390398
  -0.993721,  -2.49401,  0.339647
  -1.01983,  -1.55875,  0
  -1.03673,  -0.959233,  -0.0663677
  -1.05208,  -0.719425,  -0.101504
  -1.07819,  -1.00719,  -0.163967
  -1.1212,  -1.79856,  -0.0663677
  -1.1642,  -2.2542,  -0.0585598
  -1.18878,  -1.58273,  -0.0234239
  -1.20414,  -0.935252,  -0.0351359
  -1.22103,  -0.743406,  -0.0663677
  -1.25329,  -1.22302,  -0.0585598
  -1.28708,  -1.6307,  0.331839
  -1.30704,  -1.19904,  0.292799
  -1.3224,  -0.839329,  -0.105408
  -1.33008,  -0.551559,  -0.00780797
  -1.34083,  -0.407674,  -0.160063
  -1.35773,  -0.671463,  -0.0897916
  -1.38691,  -1.17506,  -0.0429438
  -1.41916,  -1.60672,  0.320127
  -1.4422,  -1.22302,  0.331839
  -1.45449,  -0.743406,  0.0624637
  -1.46217,  -0.431655,  -0.00390398
  -1.4637,  -0.191847,  0.00780797
  -1.46831,  -0.119904,  -0.0468478
  -1.47445,  -0.239808,  -0.0273279
  -1.48213,  -0.263789,  -0.0195199
  -1.48981,  -0.311751,  -0.0273279
  -1.49442,  -0.239808,  -0.0390398
  -1.49749,  -0.167866,  -0.011712
  -1.5021,  -0.143885,  -0.0156159
  -1.50671,  -0.215827,  0.0156159
  -1.50978,  -0.191847,  0.011712
  -1.51285,  -0.119904,  0.0273279
  -1.51439,  -0.0959233,  -0.011712
  -1.51746,  -0.0959233,  0.0585598
  -1.51899,  -0.0479616,  0.0351359
  -1.52053,  -0.0479616,  0.0858876
  -1.52207,  -0.0479616,  0.109312
  -1.52207,  0,  0.144447
  -1.52207,  0,  0.171775
  -1.52207,  0,  0.195199
  -1.52207,  0,  0.234239
  -1.52207,  0,  0.269375
  -1.52207,  0,  0.312319
  -1.52053,  0,  0.351359
  -1.51899,  0.0239808,  0.398206
  -1.51439,  0.119904,  0.445054
  -1.50671,  0.263789,  0.46067
  -1.49288,  0.527578,  0.464574
  -1.47138,  0.839329,  0.429438
  -1.44681,  1.10312,  0.366974
  -1.41763,  1.31895,  0.343551
  -1.38537,  1.46283,  0.284991
  -1.35465,  1.51079,  0.238143
  -1.32547,  1.48681,  0.218623
  -1.29629,  1.46283,  0.206911
  -1.26711,  1.43885,  0.203007
  -1.23946,  1.36691,  0.191295
  -1.21028,  1.36691,  0.199103
  -1.18264,  1.34293,  0.171775
  -1.15652,  1.29496,  0.195199
  -1.12888,  1.27098,  0.210815
  -1.10584,  1.27098,  0.199103
  -1.07973,  1.29496,  0.261567
  -1.04901,  1.36691,  0.253759
  -1.01676,  1.46283,  0.210815
  -0.987577,  1.46283,  0.203007
  -0.955323,  1.53477,  0.242047
  -0.919998,  1.6307,  0.203007
  -0.884672,  1.70264,  0.191295
  -0.849347,  1.72662,  0.179583
  -0.814022,  1.77458,  0.167871
  -0.775624,  1.82254,  0.167871
  -0.734155,  1.89449,  0.136639
  -0.695758,  1.89449,  0.0858876
  -0.657361,  1.91847,  0.124927
  -0.617428,  1.94245,  0.0936956
  -0.577495,  1.94245,  0.0624637
  -0.536026,  1.96643,  0.0780797
  -0.494556,  1.96643,  0.0468478
  -0.454623,  1.99041,  0.0234239
  -0.41469,  1.99041,  0.0273279
  -0.373221,  1.99041,  0.011712
  -0.324073,  1.91847,  -0.128831
  -0.305642,  1.65468,  -0.128831
  -0.293355,  0.86331,  0.191295
  -0.265709,  0.935252,  0.308415
  -0.230383,  1.6307,  0.230335
  -0.185843,  2.01439,  0.175679
  -0.136694,  2.30216,  0.0819837
  -0.0844739,  2.49401,  0.0351359
  -0.0491485,  2.2542,  0.0312319
  -0.0353255,  1.05516,  0.0468478
  -0.0153589,  0.743406,  0.281087
  0.0261101,  1.58273,  0.253759
  0.0721868,  2.20624,  0.109312
  0.124407,  2.44604,  0.0234239
  0.181235,  2.78178,  0.0897916
  0.205809,  1.8705,  -0.163967
  0.221168,  0.86331,  0.0975996
  0.253422,  1.22302,  0.230335
  0.299498,  1.99041,  0.0975996
  0.345575,  2.35012,  0.011712
  0.368614,  1.60672,  -0.234239
  0.391652,  1.05516,  0.0858876
  0.420834,  1.19904,  0.11712
  0.465375,  1.89449,  0.0897916
  0.514523,  2.42206,  0.0741757
  0.537561,  1.6307,  0.0585598
  0.5606,  1.10312,  0.0312319
  0.589782,  1.27098,  0.0312319
  0.631251,  1.82254,  0.0624637
  0.652753,  1.51079,  -0.42163
  0.671184,  0.911271,  0.0156159
  0.686543,  0.791367,  0.0546558
  0.718796,  1.22302,  0.105408
  0.761801,  1.94245,  0.0507518
  0.783304,  1.48681,  -0.503614
  0.800199,  0.839329,  0.0195199
  0.81095,  0.647482,  -0.0351359
  0.818629,  0.431655,  0.0819837
  0.843203,  0.791367,  0.136639
  0.884672,  1.72662,  0.0819837
  0.907711,  1.58273,  0.0546558
  0.926142,  0.959233,  0.121024
  0.936893,  0.671463,  0.0858876
  0.943036,  0.383693,  0.00390398
  0.94918,  0.239808,  0.0507518
  0.972218,  0.719425,  0.0741757
  1.0014,  1.34293,  -0.124927
  1.01983,  1.07914,  -0.152255
  1.03058,  0.671463,  -0.163967
  1.03519,  0.383693,  -0.136639
  1.03826,  0.167866,  -0.0507518
  1.04133,  0.0959233,  0.0156159
  1.04287,  0.0959233,  0.00390398
  1.04594,  0.0959233,  0.0156159
  1.06591,  0.57554,  0.00390398
  1.08741,  1.03118,  0.0585598
  1.10277,  0.86331,  -0.152255
  1.11659,  0.695444,  -0.245951
  1.12734,  0.527578,  -0.265471
  1.13349,  0.383693,  -0.281087
  1.13349,  0.0479616,  -0.269375
  1.13195,  -0.0239808,  -0.242047
  1.13195,  0,  -0.261567
  1.13195,  0,  -0.265471
  1.13195,  0,  -0.292799
  1.13195,  0,  -0.312319
  1.13195,  0,  -0.331839
  1.13195,  0,  -0.359167
  1.13195,  0,  -0.390398
  1.12581,  -0.0239808,  -0.433342
  1.11506,  -0.359712,  -0.398206
  1.09509,  -0.767386,  -0.370878
  1.07052,  -1.10312,  -0.296703
  1.04594,  -1.17506,  -0.222527
  1.02597,  -1.10312,  -0.206911
  1.00754,  -0.959233,  -0.203007
  0.995257,  -0.743406,  -0.195199
  0.982969,  -0.551559,  -0.249855
  0.964539,  -0.695444,  -0.284991
  0.943036,  -0.983214,  -0.238143
  0.921534,  -1.05516,  -0.210815
  0.904639,  -0.959233,  -0.183487
  0.887744,  -0.791367,  -0.238143
  0.867778,  -0.88729,  -0.226431
  0.846275,  -0.983214,  -0.249855
  0.827845,  -0.959233,  -0.249855
  0.806342,  -0.959233,  -0.300607
  0.781768,  -1.1271,  -0.242047
  0.75873,  -1.15108,  -0.234239
  0.732619,  -1.19904,  -0.218623
  0.704973,  -1.247,  -0.218623
  0.678863,  -1.31895,  -0.203007
  0.648145,  -1.36691,  -0.218623
  0.617428,  -1.46283,  -0.171775
  0.585174,  -1.55875,  -0.163967
  0.55292,  -1.60672,  -0.128831
  0.519131,  -1.6307,  -0.109312
  0.485341,  -1.65468,  -0.0858876
  0.451552,  -1.65468,  -0.0663677
  0.417762,  -1.6307,  -0.0507518
  0.383972,  -1.65468,  -0.0351359
  0.351719,  -1.6307,  -0.0351359
  0.317929,  -1.60672,  -0.0312319
  0.285675,  -1.60672,  -0.00390398
  0.253422,  -1.60672,  -0.0195199
  0.221168,  -1.60672,  -0.00390398
  0.19045,  -1.58273,  -0.0429438
  0.165876,  -1.34293,  -0.011712
  0.144374,  -1.10312,  -0.0858876
  0.11212,  -1.31895,  -0.128831
  0.0798663,  -1.53477,  -0.0390398
  0.0430049,  -1.67866,  -0.0195199
  0.00767945,  -1.79856,  -0.0468478
  -0.013823,  -1.36691,  0.0156159
  -0.0199666,  -0.551559,  -0.105408
  -0.0383972,  -0.551559,  -0.288895
  -0.0675791,  -1.31895,  -0.226431
  -0.107512,  -1.72662,  -0.183487
  -0.150517,  -2.08633,  -0.0507518
  -0.19813,  -2.23022,  -0.0390398
  -0.228848,  -1.91847,  -0.0858876
  -0.242671,  -0.935252,  -0.0351359
  -0.265709,  -0.839329,  -0.218623
  -0.30257,  -1.55875,  -0.160063
  -0.344039,  -1.99041,  -0.0273279
  -0.387044,  -2.13429,  0.148351
  -0.408547,  -1.48681,  -0.00390398
  -0.42237,  -0.767386,  -0.0663677
  -0.442336,  -0.791367,  -0.187391
  -0.480733,  -1.43885,  -0.156159
  -0.523738,  -2.03837,  -0.0624637
  -0.543705,  -1.51079,  0.0195199
  -0.5606,  -0.791367,  -0.0780797
  -0.585174,  -0.935252,  -0.128831
  -0.626643,  -1.7506,  -0.0858876
  -0.666576,  -2.06235,  0.288895
  -0.688079,  -1.34293,  0.351359
  -0.700366,  -0.815348,  -0.00390398
  -0.706509,  -0.383693,  -0.113216
  -0.715725,  -0.359712,  -0.214719
  -0.729548,  -0.551559,  -0.218623
  -0.763337,  -1.1271,  -0.191295
  -0.814022,  -2.15827,  -0.011712
  -0.853955,  -2.3741,  0.238143
  -0.878529,  -1.53477,  0.0468478
  -0.893888,  -0.911271,  0.011712
  -0.901567,  -0.455636,  0.011712
  -0.904639,  -0.239808,  -0.101504
  -0.912319,  -0.239808,  -0.183487
  -0.918462,  -0.28777,  -0.175679
  -0.929213,  -0.407674,  -0.195199
  -0.950716,  -0.791367,  -0.206911
  -0.986041,  -1.43885,  -0.105408
  -1.03826,  -2.18225,  0.0780797
  -1.06284,  -1.77458,  0.308415
  -1.09509,  -1.39089,  -0.011712
  -1.10891,  -1.03118,  0.452862
  -1.12427,  -0.719425,  0.156159
  -1.12734,  -0.359712,  0.124927
  -1.12888,  -0.0479616,  0.0234239
  -1.13041,  -0.0719425,  -0.0156159
  -1.13656,  -0.215827,  -0.0390398
  -1.14424,  -0.28777,  -0.00780797
  -1.15192,  -0.311751,  -0.00780797
  -1.15806,  -0.311751,  -0.00780797
  -1.1642,  -0.28777,  -0.0234239
  -1.17035,  -0.28777,  -0.0195199
  -1.17649,  -0.28777,  -0.0351359
  -1.18264,  -0.28777,  -0.0156159
  -1.18878,  -0.28777,  -0.0312319
  -1.19339,  -0.239808,  -0.0234239
  -1.19953,  -0.239808,  -0.0273279
  -1.20567,  -0.239808,  -0.00780797
  -1.21028,  -0.239808,  -0.011712
  -1.21335,  -0.143885,  -0.00780797
  -1.21796,  -0.143885,  -0.0156159
  -1.22257,  -0.215827,  -0.0273279
  -1.2241,  -0.143885,  0.0234239
  -1.22718,  -0.0959233,  -0.011712
  -1.23332,  -0.167866,  -0.011712
  -1.23486,  -0.0959233,  0.0546558
  -1.23639,  -0.0479616,  0.0429438
  -1.23793,  -0.0719425,  0.0507518
  -1.23946,  -0.0479616,  -0.00390398
  -1.241,  -0.0479616,  0.0546558
  -1.24253,  -0.0479616,  0.0624637
  -1.24407,  -0.0479616,  0.0741757
  -1.24407,  0,  0.0936956
  -1.24407,  0,  0.105408
  -1.24407,  0,  0.113216
  -1.24407,  0,  0.124927
  -1.24407,  0,  0.136639
  -1.24407,  0,  0.156159
  -1.24407,  0,  0.167871
  -1.24407,  0,  0.187391
  -1.24407,  0,  0.203007
  -1.24407,  0,  0.218623
  -1.24407,  0,  0.238143
  -1.24407,  0,  0.253759
  -1.24407,  0,  0.277183
  -1.24407,  0,  0.292799
  -1.24407,  0,  0.312319
  -1.24407,  0,  0.331839
  -1.24253,  0,  0.351359
  -1.23946,  0.0959233,  0.366974
  -1.23332,  0.215827,  0.366974
  -1.22103,  0.383693,  0.351359
  -1.20721,  0.551559,  0.277183
  -1.19031,  0.695444,  0.238143
  -1.17188,  0.815348,  0.199103
  -1.15192,  0.88729,  0.144447
  -1.13349,  0.911271,  0.0975996
  -1.11966,  0.815348,  0.0780797
  -1.1043,  0.767386,  0.0819837
  -1.09202,  0.671463,  0.0507518
  -1.07973,  0.57554,  0.0507518
  -1.07205,  0.479616,  0.0390398
  -1.06744,  0.28777,  0.0663677
  -1.06744,  0.0719425,  0.0897916
  -1.06744,  0,  0.132735
  -1.06744,  0,  0.144447
  -1.06744,  0,  0.167871
  -1.06744,  0,  0.183487
  -1.06744,  0,  0.203007
  -1.06744,  0,  0.218623
  -1.06744,  0,  0.234239
  -1.06744,  0,  0.245951
  -1.06744,  0,  0.253759
  -1.06744,  0,  0.273279
  -1.06744,  0,  0.284991
  -1.06744,  0,  0.292799
  -1.06744,  0,  0.300607
  -1.06591,  0,  0.312319
  -1.06437,  0.0239808,  0.312319
  -1.0613,  0.0719425,  0.320127
  -1.05976,  0.0959233,  0.304511
  -1.05516,  0.119904,  0.308415
  -1.04901,  0.215827,  0.277183
  -1.04287,  0.263789,  0.265471
  -1.03673,  0.263789,  0.238143
  -1.02751,  0.311751,  0.199103
  -1.01829,  0.359712,  0.163967
  -1.00908,  0.407674,  0.148351
  -0.999864,  0.431655,  0.109312
  -0.992185,  0.383693,  0.0819837
  -0.986041,  0.311751,  0.0663677
  -0.986041,  0.119904,  0.0507518
  -0.987577,  -0.0239808,  0.0741757
  -0.987577,  0,  0.0663677
  -0.987577,  0,  0.0624637
  -0.987577,  0,  0.0546558
  -0.987577,  0,  0.0390398
  -0.987577,  0,  0.0273279
  -0.987577,  0,  0.0195199
  -0.989113,  0,  0
  -0.990649,  -0.0239808,  -0.00390398
  -0.993721,  -0.0719425,  -0.0156159
  -0.998328,  -0.167866,  -0.011712
  -1.00294,  -0.215827,  -0.00780797
  -1.00447,  -0.119904,  -0.00390398
  -1.00908,  -0.119904,  -0.0429438
  -1.01522,  -0.215827,  -0.0195199
  -1.02137,  -0.215827,  -0.0195199
  -1.02444,  -0.215827,  -0.0195199
  -1.03058,  -0.215827,  -0.0624637
  -1.03826,  -0.263789,  -0.0429438
  -1.04441,  -0.263789,  -0.0351359
  -1.05055,  -0.263789,  -0.0507518
  -1.05669,  -0.263789,  -0.0507518
  -1.0613,  -0.263789,  -0.0585598
  -1.06898,  -0.263789,  -0.0936956
  -1.07359,  -0.263789,  -0.0702717
  -1.08127,  -0.263789,  -0.101504
  -1.08587,  -0.263789,  -0.0897916
  -1.09202,  -0.263789,  -0.128831
  -1.09816,  -0.263789,  -0.124927
  -1.10584,  -0.28777,  -0.148351
  -1.11659,  -0.407674,  -0.136639
  -1.13963,  -0.839329,  -0.0936956
  -1.16728,  -1.31895,  -0.0468478
  -1.18724,  -1.247,  0.304511
  -1.20107,  -0.743406,  0.136639
  -1.20414,  -0.359712,  0.0234239
  -1.21028,  -0.191847,  -0.0624637
  -1.21642,  -0.263789,  -0.0507518
  -1.22257,  -0.311751,  -0.0702717
  -1.23332,  -0.335732,  -0.0663677
  -1.24561,  -0.503597,  -0.0429438
  -1.26864,  -0.911271,  -0.0195199
  -1.29783,  -1.27098,  0.11712
  -1.31319,  -1.03118,  0.351359
  -1.32547,  -0.671463,  0.167871
  -1.33008,  -0.335732,  0.00390398
  -1.33162,  -0.143885,  0.0234239
  -1.33469,  -0.0959233,  -0.0234239
  -1.34237,  -0.263789,  -0.0312319
  -1.34851,  -0.263789,  -0.011712
  -1.35312,  -0.239808,  -0.0234239
  -1.35926,  -0.239808,  -0.0507518
  -1.36541,  -0.263789,  -0.0390398
  -1.37155,  -0.263789,  -0.0429438
  -1.37769,  -0.263789,  -0.0585598
  -1.38384,  -0.263789,  -0.0273279
  -1.39152,  -0.311751,  -0.0546558
  -1.40688,  -0.551559,  -0.0507518
  -1.42838,  -0.86331,  0.175679
  -1.44066,  -0.791367,  0.195199
  -1.44681,  -0.407674,  0.105408
  -1.44834,  -0.143885,  0.0195199
  -1.45295,  -0.119904,  -0.0195199
  -1.45756,  -0.167866,  0.0156159
  -1.46217,  -0.191847,  0.011712
  -1.4637,  -0.143885,  0
  -1.46831,  -0.119904,  -0.011712
  -1.47292,  -0.215827,  0.00780797
  -1.47599,  -0.143885,  -0.011712
  -1.47906,  -0.0959233,  0.011712
  -1.4806,  -0.0959233,  0.0234239
  -1.48367,  -0.119904,  -0.00390398
  -1.48674,  -0.0959233,  -0.0390398
  -1.48981,  -0.0959233,  0.0819837
  -1.49135,  -0.119904,  -0.00390398
  -1.49442,  -0.0959233,  0.0663677
  -1.49749,  -0.0959233,  0.0663677
  -1.49903,  -0.0959233,  0.0936956
  -1.50056,  -0.0959233,  0.0897916
  -1.50056,  0,  0.101504
  -1.50056,  0,  0.121024
  -1.5021,  0,  0.132735
  -1.50056,  0,  0.156159
  -1.5021,  0,  0.175679
  -1.50056,  0,  0.199103
  -1.50056,  0,  0.218623
  -1.50056,  0,  0.242047
  -1.50056,  0,  0.265471
  -1.50056,  0,  0.296703
  -1.50056,  0,  0.324031
  -1.50056,  0,  0.366974
  -1.49903,  0,  0.40211
  -1.49749,  0,  0.429438
  -1.49288,  0.119904,  0.468478
  -1.48521,  0.28777,  0.472382
  -1.46985,  0.57554,  0.445054
  -1.44834,  0.88729,  0.390398
  -1.4207,  1.15108,  0.343551
  -1.39305,  1.29496,  0.245951
  -1.36541,  1.34293,  0.222527
  -1.3393,  1.34293,  0.195199
  -1.31165,  1.29496,  0.187391
  -1.28861,  1.247,  0.144447
  -1.26404,  1.1271,  0.171775
  -1.24253,  1.10312,  0.148351
  -1.2195,  1.05516,  0.167871
  -1.19799,  1.03118,  0.144447
  -1.17803,  0.983214,  0.156159
  -1.15806,  0.959233,  0.183487
  -1.13656,  0.983214,  0.191295
  -1.11659,  1.03118,  0.183487
  -1.09509,  1.03118,  0.214719
  -1.07052,  1.1271,  0.214719
  -1.04594,  1.17506,  0.191295
  -1.01983,  1.19904,  0.187391
  -0.993721,  1.22302,  0.183487
  -0.967611,  1.27098,  0.183487
  -0.939965,  1.31895,  0.191295
  -0.910783,  1.36691,  0.175679
  -0.881601,  1.39089,  0.167871
  -0.852419,  1.41487,  0.160063
  -0.821701,  1.46283,  0.171775
  -0.790983,  1.51079,  0.136639
  -0.75873,  1.55875,  0.156159
  -0.723404,  1.60672,  0.128831
  -0.69115,  1.60672,  0.0897916
  -0.657361,  1.6307,  0.105408
  -0.623571,  1.65468,  0.0975996
  -0.588246,  1.67866,  0.101504
  -0.551384,  1.72662,  0.0780797
  -0.516059,  1.7506,  0.0585598
  -0.479198,  1.77458,  0.0585598
  -0.4408,  1.84652,  0.0273279
  -0.403939,  1.82254,  0.00390398
  -0.367078,  1.82254,  0.00780797
  -0.331752,  1.79856,  -0.140543
  -0.304106,  1.55875,  -0.167871
  -0.290283,  0.959233,  0.0858876
  -0.265709,  0.88729,  0.245951
  -0.231919,  1.51079,  0.203007
  -0.191986,  1.82254,  0.144447
  -0.14591,  2.15827,  0.0624637
  -0.0998328,  2.23022,  0.0741757
  -0.0706509,  1.82254,  -0.327935
  -0.0598997,  0.815348,  0.0936956
  -0.0307178,  1.03118,  0.304511
  0.0107512,  1.84652,  0.183487
  0.0568279,  2.13429,  0.0819837
  0.11212,  2.56595,  -0.0273279
  0.142838,  2.13429,  -0.257663
  0.161268,  1.07914,  0.0468478
  0.195058,  1.31895,  0.210815
  0.242671,  2.06235,  0.0858876
  0.287211,  2.35012,  0.0702717
  0.308714,  1.53477,  -0.0390398
  0.333288,  1.03118,  0.136639
  0.365542,  1.41487,  0.144447
  0.410083,  1.99041,  0.0858876
  0.463839,  2.51799,  0.0585598
  0.488413,  1.77458,  -0.40211
  0.512987,  1.10312,  0.0663677
  0.546777,  1.46283,  0.0936956
  0.591318,  1.96643,  0.00390398
  0.632787,  2.20624,  -0.324031
  0.657361,  1.53477,  0.0312319
  0.674256,  0.983214,  0.0156159
  0.704973,  1.15108,  0.124927
  0.746442,  1.79856,  0.00390398
  0.786376,  2.13429,  0
  0.81095,  1.46283,  -0.320127
  0.826309,  0.935252,  -0.171775
  0.843203,  0.767386,  0.0975996
  0.872385,  1.10312,  0.101504
  0.918462,  1.96643,  0.00390398
  0.964539,  2.39808,  -0.171775
  0.990649,  1.58273,  -0.0468478
  1.00754,  1.03118,  0.0312319
  1.01676,  0.623501,  0
  1.02597,  0.383693,  0.0897916
  1.05362,  0.959233,  0.144447
  1.08895,  1.65468,  -0.179583
  1.11198,  1.39089,  -0.38259
  1.12888,  0.959233,  -0.0741757
  1.14577,  0.767386,  0.011712
  1.17188,  1.00719,  0.0156159
  1.2026,  1.41487,  0.0429438
  1.22257,  1.17506,  0.0468478
  1.23486,  0.767386,  0.0156159
  1.24407,  0.479616,  0.0390398
  1.25329,  0.383693,  0.0468478
  1.28093,  0.959233,  0.0663677
  1.30858,  1.41487,  -0.0156159
  1.32701,  1.15108,  0.0429438
  1.3393,  0.719425,  -0.144447
  1.34851,  0.479616,  0.0975996
  1.35158,  0.239808,  0.0234239
  1.35926,  0.215827,  0.0429438
  1.3823,  0.791367,  0.011712
  1.40841,  1.22302,  -0.0858876
  1.42531,  0.983214,  -0.0897916
  1.43759,  0.671463,  -0.253759
  1.44374,  0.431655,  -0.222527
  1.44834,  0.191847,  -0.0702717
  1.44988,  0.143885,  -0.0663677
  1.45295,  0.119904,  -0.0897916
  1.45602,  0.0959233,  -0.0741757
  1.4591,  0.0959233,  -0.0858876
  1.46063,  0.0959233,  -0.0312319
  1.4637,  0.0959233,  -0.0780797
  1.46524,  0.0959233,  0.0195199
  1.46831,  0.0959233,  -0.0702717
  1.46985,  0.0719425,  -0.0585598
  1.47138,  0.0479616,  -0.0858876
  1.47445,  0.0719425,  -0.0546558
  1.47445,  0.0479616,  -0.101504
  1.47445,  0,  -0.101504
  1.47445,  0,  -0.105408
  1.47445,  0,  -0.121024
  1.47599,  0,  -0.132735
  1.47445,  0,  -0.156159
  1.47445,  0,  -0.167871
  1.47445,  0,  -0.187391
  1.47599,  0,  -0.210815
  1.47599,  0,  -0.230335
  1.47445,  0,  -0.257663
  1.47445,  0,  -0.284991
  1.47445,  0,  -0.312319
  1.47445,  0,  -0.335743
  1.47445,  0,  -0.374782
  1.47445,  0,  -0.40211
  1.46985,  -0.0479616,  -0.433342
  1.45756,  -0.407674,  -0.456766
  1.43606,  -0.86331,  -0.378686
  1.41148,  -1.1271,  -0.296703
  1.38691,  -1.19904,  -0.253759
  1.36541,  -1.10312,  -0.179583
  1.34851,  -0.935252,  -0.175679
  1.34083,  -0.551559,  -0.218623
  1.32854,  -0.431655,  -0.312319
  1.31319,  -0.719425,  -0.284991
  1.29168,  -0.935252,  -0.253759
  1.27018,  -1.05516,  -0.156159
  1.25329,  -0.911271,  -0.175679
  1.24407,  -0.57554,  -0.206911
  1.23025,  -0.503597,  -0.261567
  1.21335,  -0.719425,  -0.253759
  1.19339,  -0.935252,  -0.218623
  1.17188,  -1.00719,  -0.183487
  1.15806,  -0.839329,  -0.171775
  1.14731,  -0.527578,  -0.249855
  1.13349,  -0.599521,  -0.292799
  1.11198,  -0.839329,  -0.288895
  1.09048,  -1.03118,  -0.187391
  1.07205,  -0.935252,  -0.214719
  1.05823,  -0.743406,  -0.214719
  1.0398,  -0.767386,  -0.269375
  1.01983,  -0.983214,  -0.281087
  0.999864,  -1.03118,  -0.230335
  0.982969,  -0.86331,  -0.210815
  0.972218,  -0.623501,  -0.230335
  0.955323,  -0.647482,  -0.308415
  0.933821,  -0.959233,  -0.245951
  0.910783,  -1.07914,  -0.234239
  0.88928,  -1.05516,  -0.206911
  0.872385,  -0.959233,  -0.163967
  0.857026,  -0.767386,  -0.234239
  0.840132,  -0.743406,  -0.249855
  0.818629,  -0.911271,  -0.238143
  0.798663,  -1.00719,  -0.257663
  0.780232,  -0.959233,  -0.175679
  0.766409,  -0.767386,  -0.203007
  0.752586,  -0.647482,  -0.249855
  0.732619,  -0.839329,  -0.238143
  0.711117,  -1.00719,  -0.191295
  0.689614,  -1.00719,  -0.199103
  0.671184,  -0.959233,  -0.121024
  0.654289,  -0.86331,  -0.121024
  0.640466,  -0.719425,  -0.230335
  0.634322,  -0.431655,  -0.218623
  0.620499,  -0.455636,  -0.308415
  0.600533,  -0.839329,  -0.281087
  0.577495,  -1.03118,  -0.195199
  0.55292,  -1.1271,  -0.124927
  0.52681,  -1.19904,  -0.0858876
  0.502236,  -1.19904,  -0.0546558
  0.479198,  -1.19904,  -0.0195199
  0.454623,  -1.15108,  -0.00780797
  0.434657,  -1.05516,  0.0429438
  0.425441,  -0.695444,  0.0234239
  0.433121,  0.0239808,  -0.0741757
  0.433121,  0.215827,  -0.230335
  0.425441,  -0.191847,  -0.242047
  0.408547,  -0.599521,  -0.222527
  0.390116,  -0.88729,  -0.121024
  0.370149,  -0.911271,  -0.0858876
  0.350183,  -0.911271,  -0.0312319
  0.331752,  -0.911271,  -0.00390398
  0.322537,  -0.719425,  -0.0195199
  0.32868,  0,  -0.0585598
  0.32868,  0.191847,  -0.203007
  0.322537,  -0.167866,  -0.183487
  0.307178,  -0.503597,  -0.199103
  0.287211,  -0.839329,  -0.109312
  0.268781,  -0.935252,  -0.0156159
  0.248814,  -0.983214,  0.0624637
  0.241135,  -0.671463,  0.0663677
  0.247278,  0.0239808,  -0.0351359
  0.247278,  0.191847,  -0.152255
  0.244206,  -0.119904,  -0.140543
  0.236527,  -0.215827,  -0.128831
  0.22424,  -0.455636,  -0.0975996
  0.207345,  -0.743406,  -0.0507518
  0.187379,  -0.88729,  -0.0312319
  0.182771,  -0.551559,  0.0741757
  0.19045,  0.119904,  -0.0390398
  0.19045,  0.167866,  -0.140543
  0.187379,  -0.0719425,  -0.105408
  0.181235,  -0.143885,  -0.101504
  0.175091,  -0.28777,  -0.0741757
  0.167412,  -0.359712,  -0.0741757
  0.158197,  -0.359712,  -0.0468478
  0.150517,  -0.359712,  -0.00780797
  0.142838,  -0.359712,  -0.011712
  0.133622,  -0.359712,  -0.011712
  0.129015,  -0.28777,  0.0234239
  0.129015,  -0.143885,  0
  0.132087,  0.0479616,  -0.0390398
  0.130551,  0.0479616,  -0.0624637
  0.130551,  0,  -0.0585598
  0.129015,  -0.0239808,  -0.0624637
  0.125943,  -0.0239808,  -0.0741757
  0.124407,  -0.0479616,  -0.0546558
  0.122871,  -0.0479616,  -0.0663677
  0.121335,  -0.0479616,  -0.0624637
  0.119799,  -0.0479616,  -0.0702717
  0.118264,  -0.0479616,  -0.0741757
  0.116728,  -0.0479616,  -0.0780797
  0.113656,  -0.0479616,  -0.0780797
  0.11212,  -0.0479616,  -0.0624637
  0.11212,  -0.0479616,  -0.0819837
  0.109048,  -0.0479616,  -0.0819837
  0.107512,  -0.0719425,  -0.0702717
  0.104441,  -0.0719425,  -0.0780797
  0.102905,  -0.0479616,  -0.0702717
  0.101369,  -0.0479616,  -0.0819837
  0.0998328,  -0.0479616,  -0.0897916
  0.0982969,  -0.0479616,  -0.0858876
  0.0967611,  -0.0719425,  -0.0936956
  0.0952252,  -0.0719425,  -0.101504
  0.0921534,  -0.0719425,  -0.101504
  0.0906175,  -0.0719425,  -0.0897916
  0.0875457,  -0.0719425,  -0.109312
  0.0844739,  -0.0719425,  -0.109312
  0.082938,  -0.0719425,  -0.105408
  0.0783304,  -0.0719425,  -0.124927
  0.0737227,  -0.215827,  -0.101504
  0.0645074,  -0.311751,  -0.0897916
  0.0506844,  -0.551559,  -0.0702717
  0.0322537,  -0.791367,  -0.0156159
  0.027646,  -0.503597,  0.0897916
  0.0337896,  0.0719425,  -0.011712
  0.0337896,  0.167866,  -0.113216
  0.0291819,  -0.119904,  -0.0936956
  0.0245742,  -0.191847,  -0.0858876
  0.0153589,  -0.311751,  -0.0975996
  0.00767945,  -0.383693,  -0.0468478
  0.00153589,  -0.335732,  -0.0624637
  -0.00614356,  -0.28777,  -0.0741757
  -0.0122871,  -0.311751,  -0.0585598
  -0.0199666,  -0.28777,  -0.0741757
  -0.027646,  -0.311751,  -0.0702717
  -0.0337896,  -0.311751,  -0.0741757
  -0.041469,  -0.311751,  -0.0975996
  -0.0491485,  -0.335732,  -0.0858876
  -0.0537561,  -0.335732,  -0.0975996
  -0.0614356,  -0.335732,  -0.136639
  -0.069115,  -0.359712,  -0.124927
  -0.0767945,  -0.359712,  -0.124927
  -0.0860098,  -0.359712,  -0.144447
  -0.0936893,  -0.359712,  -0.136639
  -0.101369,  -0.359712,  -0.167871
  -0.110584,  -0.359712,  -0.183487
  -0.119799,  -0.383693,  -0.175679
  -0.127479,  -0.407674,  -0.203007
  -0.136694,  -0.407674,  -0.230335
  -0.14591,  -0.407674,  -0.226431
  -0.155125,  -0.455636,  -0.226431
  -0.167412,  -0.479616,  -0.257663
  -0.179699,  -0.527578,  -0.238143
  -0.19045,  -0.551559,  -0.245951
  -0.201202,  -0.503597,  -0.261567
  -0.228848,  -0.935252,  -0.273279
  -0.270317,  -1.82254,  -0.136639
  -0.308714,  -1.96643,  -0.0624637
  -0.330216,  -1.31895,  0.300607
  -0.339432,  -0.719425,  -0.0156159
  -0.345575,  -0.335732,  -0.11712
  -0.354791,  -0.311751,  -0.160063
  -0.370149,  -0.599521,  -0.203007
  -0.399331,  -1.1271,  -0.167871
  -0.437729,  -1.70264,  -0.0351359
  -0.479198,  -1.99041,  0
  -0.499164,  -1.43885,  -0.0390398
  -0.512987,  -0.719425,  0.0273279
  -0.516059,  -0.28777,  -0.0312319
  -0.522203,  -0.167866,  -0.156159
  -0.542169,  -0.695444,  -0.183487
  -0.580566,  -1.53477,  -0.0741757
  -0.620499,  -1.99041,  0.210815
  -0.637394,  -1.247,  0.413822
  -0.648145,  -0.623501,  -0.0156159
  -0.651217,  -0.239808,  -0.0858876
  -0.660433,  -0.311751,  -0.187391
  -0.686543,  -0.88729,  -0.175679
  -0.731084,  -1.82254,  -0.0390398
  -0.771017,  -2.11031,  0.0858876
  -0.792519,  -1.31895,  0.320127
  -0.804806,  -0.791367,  -0.0819837
  -0.81095,  -0.383693,  -0.0546558
  -0.821701,  -0.407674,  -0.222527
  -0.835524,  -0.599521,  -0.136639
  -0.861634,  -1.03118,  -0.160063
  -0.901567,  -1.72662,  -0.0351359
  -0.946108,  -2.18225,  0.0312319
  -0.970682,  -1.53477,  0.51923
  -0.986041,  -0.935252,  0.0507518
  -0.993721,  -0.551559,  -0.00390398
  -0.998328,  -0.239808,  -0.0975996
  -1.00601,  -0.263789,  -0.175679
  -1.01676,  -0.407674,  -0.199103
  -1.03519,  -0.719425,  -0.167871
  -1.06744,  -1.22302,  -0.124927
  -1.11198,  -1.96643,  -0.0507518
  -1.13656,  -1.72662,  0.191295
  -1.15806,  -1.07914,  0.0663677
  -1.17035,  -0.767386,  -0.101504
  -1.17956,  -0.527578,  -0.0546558
  -1.19953,  -0.695444,  -0.101504
  -1.23178,  -1.29496,  -0.00390398
  -1.26711,  -1.67866,  0.394302
  -1.28554,  -1.22302,  -0.101504
  -1.29936,  -0.767386,  0.257663
  -1.30704,  -0.455636,  -0.00390398
  -1.31011,  -0.239808,  -0.0351359
  -1.31779,  -0.28777,  -0.105408
  -1.33315,  -0.527578,  -0.0975996
  -1.35619,  -0.959233,  -0.0273279
  -1.38537,  -1.36691,  0.121024
  -1.40534,  -1.10312,  -0.0936956
  -1.41763,  -0.743406,  0.101504
  -1.42377,  -0.407674,  0
  -1.42991,  -0.239808,  -0.0195199
  -1.43759,  -0.239808,  -0.0234239
  -1.44527,  -0.311751,  -0.0312319
  -1.45756,  -0.503597,  -0.0429438
  -1.47906,  -0.86331,  -0.00780797
  -1.49442,  -0.86331,  0.113216
  -1.50364,  -0.551559,  0.00780797
  -1.50517,  -0.215827,  0.0663677
  -1.50978,  -0.119904,  -0.0156159
  -1.51592,  -0.215827,  0.00390398
  -1.51899,  -0.167866,  0.011712
  -1.52053,  -0.0959233,  -0.011712
  -1.52514,  -0.119904,  -0.0234239
  -1.53128,  -0.215827,  -0.0234239
  -1.53282,  -0.143885,  -0.0468478
  -1.53589,  -0.0959233,  -0.00390398
  -1.53743,  -0.0959233,  -0.011712
  -1.5405,  -0.0479616,  -0.0156159
  -1.5405,  -0.0479616,  0.0351359
  -1.54357,  -0.0479616,  0.0429438
  -1.54511,  -0.0479616,  0.0663677
  -1.54664,  -0.0479616,  0.0546558
  -1.54664,  -0.0479616,  0.0819837
  -1.54664,  0,  0.105408
  -1.54664,  0,  0.124927
  -1.54664,  0,  0.148351
  -1.54664,  0,  0.171775
  -1.54664,  0,  0.195199
  -1.54664,  0,  0.234239
  -1.54664,  0,  0.269375
  -1.54664,  0,  0.300607
  -1.54511,  0,  0.343551
  -1.54511,  0,  0.378686
  -1.5405,  0.0719425,  0.417726
  -1.53435,  0.215827,  0.429438
  -1.52207,  0.455636,  0.452862
  -1.50671,  0.671463,  0.42163
  -1.48521,  0.911271,  0.40211
  -1.4591,  1.15108,  0.339647
  -1.43145,  1.29496,  0.269375
  -1.40073,  1.39089,  0.257663
  -1.37309,  1.39089,  0.195199
  -1.34544,  1.34293,  0.203007
  -1.31933,  1.31895,  0.191295
  -1.29322,  1.29496,  0.183487
  -1.26864,  1.247,  0.183487
  -1.24561,  1.19904,  0.191295
  -1.21796,  1.19904,  0.214719
  -1.19339,  1.19904,  0.175679
  -1.16881,  1.19904,  0.206911
  -1.14424,  1.17506,  0.214719
  -1.11966,  1.22302,  0.226431
  -1.09202,  1.27098,  0.234239
  -1.06437,  1.31895,  0.234239
  -1.03519,  1.41487,  0.234239
  -1.00294,  1.46283,  0.238143
  -0.970682,  1.51079,  0.214719
  -0.938429,  1.58273,  0.187391
  -0.904639,  1.60672,  0.195199
  -0.869314,  1.67866,  0.191295
  -0.835524,  1.70264,  0.167871
  -0.800199,  1.7506,  0.191295
  -0.763337,  1.79856,  0.163967
  -0.723404,  1.84652,  0.148351
  -0.683471,  1.91847,  0.101504
  -0.643538,  1.94245,  0.0975996
  -0.603605,  1.94245,  0.0975996
  -0.563672,  1.94245,  0.0936956
  -0.523738,  1.99041,  0.0546558
  -0.482269,  1.99041,  0.0819837
  -0.439264,  2.03837,  0.0390398
  -0.397795,  2.03837,  0.0234239
  -0.354791,  2.06235,  0.0234239
  -0.316393,  2.01439,  -0.331839
  -0.285675,  1.7506,  0.0273279
  -0.264173,  1.15108,  0.121024
  -0.228848,  1.41487,  0.234239
  -0.187379,  1.91847,  0.144447
  -0.141302,  2.11031,  0.0780797
  -0.0906175,  2.44604,  0.0273279
  -0.0322537,  2.42206,  -0.296703
  -0.0153589,  1.82254,  0.0273279
  0,  0.86331,  0.218623
  0.0337896,  1.22302,  0.312319
  0.0814022,  2.08633,  0.179583
  0.132087,  2.42206,  0.0390398
  0.188914,  2.66187,  0.0507518
  0.221168,  2.20624,  0.0429438
  0.241135,  1.10312,  0.0780797
  0.27646,  1.41487,  0.218623
  0.325609,  2.23022,  0.109312
  0.377829,  2.56595,  0.136639
  0.405475,  1.84652,  -0.0897916
  0.431585,  1.29496,  0.128831
  0.46691,  1.51079,  0.167871
  0.516059,  2.13429,  0.101504
  0.572887,  2.73381,  0.0546558
  0.598997,  1.89449,  -0.320127
  0.628179,  1.27098,  0.0741757
  0.666576,  1.67866,  0.0663677
  0.708045,  1.99041,  0.0507518
  0.735691,  1.67866,  -0.0234239
  0.75873,  1.17506,  0.0585598
  0.789447,  1.27098,  0.121024
  0.83706,  2.03837,  0.0624637
  0.884672,  2.51799,  0
  0.913854,  1.65468,  -0.191295
  0.932285,  1.07914,  0.0468478
  0.952252,  0.911271,  0.0663677
  0.987577,  1.39089,  0.0819837
  1.02444,  1.84652,  -0.359167
  1.04748,  1.43885,  -0.132735
  1.06591,  0.959233,  0.0390398
  1.08741,  0.959233,  0.0546558
  1.12427,  1.48681,  0.0312319
  1.16113,  1.8705,  0
  1.18417,  1.34293,  -0.265471
  1.19953,  0.911271,  -0.0273279
  1.20875,  0.57554,  0.00780797
  1.2195,  0.407674,  0.0702717
  1.24714,  0.983214,  0.0624637
  1.27786,  1.48681,  0.0546558
  1.29936,  1.19904,  0.0546558
  1.31319,  0.86331,  -0.11712
  1.3224,  0.551559,  0
  1.32547,  0.239808,  0
  1.33162,  0.191847,  0.0663677
  1.35465,  0.767386,  0.0468478
  1.38384,  1.36691,  -0.109312
  1.4038,  1.07914,  0.0507518
  1.41609,  0.743406,  -0.230335
  1.42377,  0.455636,  -0.234239
  1.42684,  0.239808,  -0.121024
  1.42991,  0.0959233,  -0.0858876
  1.43145,  0.0719425,  -0.0858876
  1.43452,  0.0719425,  -0.0702717
  1.43606,  0.0479616,  -0.0897916
  1.43759,  0.0719425,  -0.0468478
  1.44066,  0.0719425,  -0.105408
  1.4422,  0.0719425,  -0.124927
  1.4422,  0,  -0.136639
  1.4422,  0,  -0.144447
  1.4422,  0,  -0.160063
  1.4422,  0,  -0.187391
  1.4422,  0,  -0.210815
  1.4422,  0,  -0.245951
  1.4422,  0,  -0.277183
  1.44066,  0,  -0.316223
  1.4422,  0,  -0.347455
  1.44066,  0,  -0.378686
  1.43452,  -0.167866,  -0.429438
  1.41916,  -0.551559,  -0.429438
  1.39612,  -0.959233,  -0.366974
  1.36848,  -1.22302,  -0.300607
  1.34237,  -1.27098,  -0.218623
  1.32087,  -1.19904,  -0.222527
  1.29783,  -1.15108,  -0.218623
  1.2794,  -1.03118,  -0.238143
  1.25789,  -0.959233,  -0.284991
  1.23486,  -1.07914,  -0.288895
  1.21489,  -1.05516,  -0.273279
  1.19185,  -0.983214,  -0.296703
  1.16881,  -1.1271,  -0.281087
  1.14424,  -1.17506,  -0.281087
  1.11966,  -1.17506,  -0.288895
  1.09509,  -1.15108,  -0.320127
  1.06898,  -1.19904,  -0.312319
  1.04287,  -1.27098,  -0.355263
  1.01829,  -1.247,  -0.288895
  0.992185,  -1.27098,  -0.351359
  0.961467,  -1.41487,  -0.378686
  0.926142,  -1.60672,  -0.343551
  0.88928,  -1.77458,  -0.320127
  0.849347,  -1.94245,  -0.304511
  0.806342,  -2.03837,  -0.245951
  0.761801,  -2.13429,  -0.199103
  0.718796,  -2.13429,  -0.163967
  0.675791,  -2.13429,  -0.156159
  0.632787,  -2.11031,  -0.148351
  0.589782,  -2.08633,  -0.124927
  0.548313,  -2.06235,  -0.11712
  0.506844,  -2.06235,  -0.11712
  0.46691,  -2.01439,  -0.124927
  0.425441,  -2.01439,  -0.105408
  0.382437,  -2.03837,  -0.0936956
  0.340968,  -2.03837,  -0.0741757
  0.299498,  -2.03837,  -0.0741757
  0.256494,  -2.08633,  -0.0507518
  0.213489,  -2.13429,  -0.0702717
  0.168948,  -2.13429,  -0.0351359
  0.124407,  -2.18225,  -0.011712
  0.0783304,  -2.20624,  -0.00780797
  0.0184307,  -2.11031,  -0.0624637
  0.00767945,  -1.72662,  0.238143
  -0.00460767,  -0.791367,  -0.300607
  -0.0368614,  -1.07914,  -0.370878
  -0.0737227,  -1.82254,  -0.214719
  -0.124407,  -2.23022,  -0.218623
  -0.179699,  -2.58993,  -0.0858876
  -0.238063,  -2.82974,  -0.0858876
  -0.27646,  -2.39808,  0.0351359
  -0.297963,  -1.29496,  -0.0507518
  -0.331752,  -1.36691,  -0.253759
  -0.379365,  -2.11031,  -0.160063
  -0.433121,  -2.51799,  -0.0468478
  -0.482269,  -2.58993,  -0.0663677
  -0.511451,  -1.82254,  0.331839
  -0.53449,  -1.22302,  -0.148351
  -0.565207,  -1.29496,  -0.218623
  -0.615892,  -2.11031,  -0.167871
  -0.668112,  -2.66187,  -0.0975996
  -0.700366,  -1.94245,  0.312319
  -0.723404,  -1.247,  -0.0663677
  -0.75873,  -1.39089,  -0.179583
  -0.812486,  -2.23022,  -0.0858876
  -0.86317,  -2.68585,  0.378686
  -0.88928,  -1.7506,  0.0234239
  -0.907711,  -1.10312,  -0.0507518
  -0.938429,  -1.19904,  -0.148351
  -0.990649,  -2.11031,  -0.0507518
  -1.03826,  -2.49401,  0.390398
  -1.06284,  -1.55875,  0.503614
  -1.07819,  -0.983214,  -0.0273279
  -1.09355,  -0.719425,  -0.0975996
  -1.12427,  -1.15108,  -0.136639
  -1.1642,  -1.82254,  -0.0351359
  -1.19031,  -1.60672,  0.0234239
  -1.20875,  -1.03118,  -0.0468478
  -1.2241,  -0.767386,  -0.0468478
  -1.25482,  -1.10312,  -0.0780797
  -1.28861,  -1.60672,  -0.0624637
  -1.30858,  -1.27098,  0.257663
  -1.32701,  -0.88729,  -0.0429438
  -1.33776,  -0.647482,  0.0585598
  -1.3439,  -0.383693,  -0.0663677
  -1.35619,  -0.455636,  -0.175679
  -1.37769,  -0.815348,  -0.0858876
  -1.41302,  -1.43885,  -0.0663677
  -1.43913,  -1.43885,  -0.0390398
  -1.45449,  -0.911271,  0.390398
  -1.46524,  -0.623501,  0.011712
  -1.46831,  -0.28777,  0.0390398
  -1.47138,  -0.143885,  -0.0195199
  -1.47906,  -0.215827,  -0.0312319
  -1.48521,  -0.263789,  -0.0195199
  -1.48828,  -0.215827,  -0.00780797
  -1.49288,  -0.191847,  -0.0234239
  -1.50056,  -0.263789,  -0.00780797
  -1.50671,  -0.28777,  0.0390398
  -1.50824,  -0.143885,  -0.011712
  -1.51132,  -0.0959233,  -0.011712
  -1.51439,  -0.0959233,  -0.0429438
  -1.51592,  -0.0959233,  0.0624637
  -1.51746,  -0.0719425,  0.0624637
  -1.51899,  -0.0479616,  0.0702717
  -1.52207,  -0.0719425,  0.0897916
  -1.52053,  -0.0239808,  0.128831
  -1.52207,  0,  0.144447
  -1.52053,  0,  0.175679
  -1.52053,  0,  0.206911
  -1.52207,  0,  0.242047
  -1.52207,  0,  0.284991
  -1.52053,  0,  0.324031
  -1.51899,  0.0239808,  0.363071
  -1.51746,  0.0239808,  0.409918
  -1.51132,  0.119904,  0.445054
  -1.5021,  0.335732,  0.445054
  -1.48674,  0.623501,  0.456766
  -1.4637,  0.88729,  0.406014
  -1.43759,  1.17506,  0.359167
  -1.40688,  1.36691,  0.308415
  -1.37616,  1.46283,  0.269375
  -1.34544,  1.48681,  0.222527
  -1.31626,  1.46283,  0.206911
  -1.28708,  1.46283,  0.210815
  -1.25789,  1.41487,  0.187391
  -1.23025,  1.39089,  0.191295
  -1.20107,  1.34293,  0.199103
  -1.17496,  1.29496,  0.183487
  -1.14885,  1.29496,  0.210815
  -1.12427,  1.27098,  0.210815
  -1.09663,  1.27098,  0.249855
  -1.06898,  1.36691,  0.230335
  -1.03826,  1.41487,  0.234239
  -1.00601,  1.46283,  0.206911
  -0.973754,  1.51079,  0.195199
  -0.9415,  1.60672,  0.199103
  -0.907711,  1.6307,  0.218623
  -0.872385,  1.65468,  0.187391
  -0.835524,  1.7506,  0.187391
  -0.801734,  1.77458,  0.171775
  -0.763337,  1.79856,  0.167871
  -0.723404,  1.89449,  0.144447
  -0.683471,  1.89449,  0.109312
  -0.645074,  1.94245,  0.0897916
  -0.605141,  1.94245,  0.113216
  -0.563672,  1.94245,  0.0663677
  -0.525274,  1.96643,  0.0468478
  -0.483805,  1.96643,  0.0546558
  -0.442336,  2.03837,  0.0234239
  -0.402403,  2.01439,  0.011712
  -0.360934,  2.03837,  0.00780797
  -0.321001,  1.99041,  0.0390398
  -0.293355,  1.67866,  0.0468478
  -0.281068,  0.839329,  0.128831
  -0.254958,  0.88729,  0.308415
  -0.218096,  1.58273,  0.226431
  -0.173556,  2.01439,  0.144447
  -0.125943,  2.27818,  0.0624637
  -0.0706509,  2.49401,  0.00390398
  -0.0230383,  2.63789,  0.00390398
  -0.00460767,  1.55875,  -0.0234239
  0.0107512,  0.671463,  0.187391
  0.041469,  1.17506,  0.265471
  0.0844739,  1.89449,  0.167871
  0.133622,  2.23022,  0.0351359
  0.185843,  2.56595,  -0.113216
  0.210417,  1.82254,  -0.148351
  0.227312,  0.86331,  0.105408
  0.258029,  1.247,  0.218623
  0.307178,  2.03837,  0.113216
  0.353255,  2.3741,  0.109312
  0.376293,  1.58273,  -0.00390398
  0.400867,  1.07914,  0.109312
  0.431585,  1.36691,  0.0975996
  0.47459,  1.89449,  0.0624637
  0.523738,  2.3741,  -0.534846
  0.545241,  1.67866,  0.148351
  0.569815,  1.05516,  0.0312319
  0.600533,  1.31895,  0.0195199
  0.637394,  1.70264,  -0.0351359
  0.657361,  1.34293,  -0.347455
  0.675791,  0.911271,  0.0312319
  0.704973,  1.1271,  0.0468478
  0.744907,  1.79856,  -0.386494
  0.766409,  1.48681,  -0.476286
  0.783304,  0.86331,  -0.0663677
  0.795591,  0.671463,  -0.011712
  0.804806,  0.503597,  0.0702717
  0.827845,  0.815348,  0.11712
  0.870849,  1.72662,  0.00390398
  0.913854,  2.20624,  -0.257663
  0.939965,  1.53477,  -0.292799
  0.964539,  1.27098,  -0.105408
  0.979898,  0.935252,  -0.300607
  0.990649,  0.57554,  -0.160063
  0.993721,  0.335732,  -0.113216
  0.998328,  0.143885,  -0.0390398
  0.999864,  0.0959233,  -0.011712
  1.00601,  0.143885,  0.0234239
  1.02444,  0.623501,  0.0585598
  1.03673,  0.815348,  -0.327935
  1.04594,  0.527578,  -0.179583
  1.05208,  0.28777,  -0.0819837
  1.05362,  0.143885,  -0.0663677
  1.05669,  0.0959233,  0.00390398
  1.05976,  0.0959233,  -0.0351359
  1.06284,  0.0959233,  -0.0234239
  1.06437,  0.0959233,  0
  1.06744,  0.119904,  0.0156159
  1.07052,  0.0959233,  0.011712
  1.07205,  0.0959233,  -0.0585598
  1.07512,  0.0959233,  -0.0663677
  1.07666,  0.0959233,  -0.0897916
  1.07973,  0.0479616,  -0.0975996
  1.07819,  0,  -0.124927
  1.07973,  0,  -0.128831
  1.07819,  0,  -0.160063
  1.07973,  0,  -0.187391
  1.07973,  0,  -0.210815
  1.07973,  0,  -0.238143
  1.07973,  0,  -0.265471
  1.07819,  0,  -0.308415
  1.07666,  0,  -0.339647
  1.07666,  0,  -0.378686
  1.07052,  -0.119904,  -0.417726
  1.05516,  -0.503597,  -0.409918
  1.03365,  -0.911271,  -0.347455
  1.00908,  -1.1271,  -0.269375
  0.984505,  -1.22302,  -0.214719
  0.961467,  -1.19904,  -0.206911
  0.938429,  -1.1271,  -0.179583
  0.91539,  -1.07914,  -0.206911
  0.89696,  -1.00719,  -0.183487
  0.878529,  -0.911271,  -0.230335
  0.858562,  -0.959233,  -0.265471
  0.838596,  -0.959233,  -0.238143
  0.815557,  -1.03118,  -0.199103
  0.794055,  -1.05516,  -0.234239
  0.774088,  -1.00719,  -0.234239
  0.752586,  -0.959233,  -0.269375
  0.726476,  -1.17506,  -0.269375
  0.700366,  -1.31895,  -0.218623
  0.671184,  -1.36691,  -0.226431
  0.640466,  -1.46283,  -0.195199
  0.606676,  -1.55875,  -0.167871
  0.572887,  -1.65468,  -0.132735
  0.539097,  -1.65468,  -0.101504
  0.503772,  -1.65468,  -0.0897916
  0.471518,  -1.65468,  -0.0546558
  0.437729,  -1.6307,  -0.0819837
  0.403939,  -1.6307,  -0.0390398
  0.371685,  -1.6307,  -0.0234239
  0.339432,  -1.60672,  -0.0429438
  0.307178,  -1.60672,  -0.0312319
  0.273388,  -1.60672,  -0.011712
  0.242671,  -1.60672,  -0.0273279
  0.221168,  -1.27098,  -0.00390398
  0.219632,  -0.407674,  -0.113216
  0.213489,  -0.0959233,  -0.351359
  0.191986,  -0.791367,  -0.359167
  0.159733,  -1.36691,  -0.281087
  0.121335,  -1.7506,  -0.218623
  0.0752586,  -2.06235,  -0.136639
  0.027646,  -2.30216,  -0.0273279
  -0.0199666,  -2.42206,  -0.0429438
  -0.0445408,  -1.72662,  0.0351359
  -0.0522203,  -0.671463,  -0.113216
  -0.0798663,  -0.86331,  -0.300607
  -0.113656,  -1.58273,  -0.163967
  -0.156661,  -1.8705,  -0.113216
  -0.204273,  -2.27818,  -0.0585598
  -0.231919,  -1.79856,  0.288895
  -0.245742,  -0.86331,  -0.0780797
  -0.273388,  -1.00719,  -0.222527
  -0.313322,  -1.77458,  -0.105408
  -0.356326,  -2.03837,  0.355263
  -0.380901,  -1.65468,  0.269375
  -0.394724,  -0.791367,  -0.0780797
  -0.416226,  -0.839329,  -0.199103
  -0.456159,  -1.65468,  -0.163967
  -0.499164,  -2.08633,  -0.0624637
  -0.520667,  -1.51079,  0.0897916
  -0.537561,  -0.86331,  -0.0741757
  -0.563672,  -1.03118,  -0.132735
  -0.605141,  -1.6307,  -0.0624637
  -0.651217,  -2.23022,  0.390398
  -0.67272,  -1.53477,  0.42163
  -0.688079,  -0.86331,  0.0390398
  -0.69883,  -0.57554,  -0.0468478
  -0.715725,  -0.671463,  -0.148351
  -0.747978,  -1.22302,  -0.101504
  -0.787911,  -1.79856,  0.0351359
  -0.81095,  -1.51079,  0.0936956
  -0.826309,  -0.815348,  -0.0468478
  -0.832452,  -0.479616,  -0.0507518
  -0.847811,  -0.527578,  -0.128831
  -0.876993,  -1.15108,  -0.101504
  -0.909247,  -1.55875,  -0.0585598
  -0.929213,  -1.22302,  0.300607
  -0.9415,  -0.719425,  -0.0273279
  -0.94918,  -0.383693,  -0.0624637
  -0.959931,  -0.455636,  -0.0351359
  -0.976826,  -0.695444,  -0.11712
  -1.01062,  -1.29496,  -0.0585598
  -1.04901,  -1.82254,  0.183487
  -1.07052,  -1.29496,  -0.0936956
  -1.0828,  -0.767386,  0.121024
  -1.08587,  -0.359712,  0.0741757
  -1.09048,  -0.191847,  -0.0390398
  -1.09663,  -0.191847,  -0.0546558
  -1.10277,  -0.263789,  -0.0663677
  -1.10891,  -0.263789,  -0.0585598
  -1.11506,  -0.28777,  -0.0741757
  -1.12581,  -0.407674,  -0.0858876
  -1.14117,  -0.671463,  -0.0429438
  -1.16728,  -1.10312,  0.300607
  -1.18417,  -1.00719,  -0.0273279
  -1.19492,  -0.599521,  0.0741757
  -1.19492,  -0.191847,  0.0663677
  -1.19799,  -0.0959233,  -0.011712
  -1.20414,  -0.167866,  0
  -1.20875,  -0.215827,  0.00780797
  -1.21182,  -0.143885,  0.0156159
  -1.21335,  -0.0959233,  -0.00390398
  -1.21642,  -0.119904,  -0.0195199
  -1.22257,  -0.191847,  -0.0195199
  -1.22564,  -0.167866,  0
  -1.22718,  -0.0959233,  0
  -1.23025,  -0.0719425,  -0.00780797
  -1.23332,  -0.0479616,  0.011712
  -1.23486,  -0.0479616,  0.0156159
  -1.23486,  -0.0479616,  0.0429438
  -1.23793,  -0.0479616,  0.0429438
  -1.23946,  -0.0479616,  0.0546558
  -1.241,  -0.0479616,  0.0741757
  -1.24253,  -0.0479616,  0.0702717
  -1.24407,  -0.0479616,  0.0741757
  -1.24561,  -0.0479616,  0.0741757
  -1.24561,  0,  0.101504
  -1.24407,  0,  0.109312
  -1.24561,  0,  0.121024
  -1.24561,  0,  0.136639
  -1.24561,  0,  0.148351
  -1.24561,  0,  0.160063
  -1.24561,  0,  0.175679
  -1.24561,  0,  0.195199
  -1.24561,  0,  0.210815
  -1.24561,  0,  0.230335
  -1.24561,  0,  0.249855
  -1.24561,  0,  0.265471
  -1.24561,  0,  0.284991
  -1.24561,  0,  0.300607
  -1.24407,  0,  0.324031
  -1.24253,  0,  0.339647
  -1.241,  0.0239808,  0.355263
  -1.23639,  0.119904,  0.370878
  -1.23025,  0.239808,  0.339647
  -1.21796,  0.407674,  0.343551
  -1.20414,  0.599521,  0.269375
  -1.18724,  0.719425,  0.249855
  -1.16881,  0.839329,  0.187391
  -1.15038,  0.88729,  0.148351
  -1.13195,  0.88729,  0.105408
  -1.11506,  0.86331,  0.0702717
  -1.10123,  0.767386,  0.0507518
  -1.08741,  0.671463,  0.0585598
  -1.07666,  0.551559,  0.0351359
  -1.06898,  0.431655,  0.0468478
  -1.06591,  0.239808,  0.0663677
  -1.06591,  0.0239808,  0.109312
  -1.06591,  0,  0.132735
  -1.06591,  0,  0.148351
  -1.06591,  0,  0.171775
  -1.06437,  0,  0.183487
  -1.06437,  0,  0.199103
  -1.06591,  0,  0.214719
  -1.06591,  0,  0.226431
  -1.06437,  0,  0.242047
  -1.06591,  0,  0.257663
  -1.06591,  0,  0.269375
  -1.06437,  0,  0.277183
  -1.06591,  0,  0.288895
  -1.06591,  0,  0.296703
  -1.06437,  0,  0.304511
  -1.06437,  0,  0.316223
  -1.06284,  0,  0.316223
  -1.0613,  0.0239808,  0.320127
  -1.05823,  0.0479616,  0.324031
  -1.05516,  0.119904,  0.308415
  -1.04748,  0.215827,  0.292799
  -1.04133,  0.263789,  0.238143
  -1.03365,  0.335732,  0.234239
  -1.02137,  0.407674,  0.199103
  -1.01062,  0.503597,  0.124927
  -0.998328,  0.551559,  0.101504
  -0.986041,  0.551559,  0.0468478
  -0.978362,  0.479616,  0.00390398
  -0.97529,  0.239808,  0.011712
  -0.97529,  0.0479616,  0.0156159
  -0.976826,  0,  0.0312319
  -0.978362,  -0.0239808,  0.0273279
  -0.979898,  -0.0239808,  0.0312319
  -0.981434,  -0.0239808,  0.00780797
  -0.982969,  -0.0239808,  -0.0156159
  -0.982969,  -0.0239808,  0
  -0.986041,  -0.0239808,  -0.00780797
  -0.992185,  -0.191847,  -0.00390398
  -0.995257,  -0.191847,  -0.011712
  -0.998328,  -0.119904,  -0.00780797
  -1.00447,  -0.191847,  -0.0156159
  -1.00908,  -0.215827,  0
  -1.01215,  -0.143885,  -0.00780797
  -1.01829,  -0.191847,  -0.0390398
  -1.0229,  -0.215827,  -0.0273279
  -1.02751,  -0.215827,  -0.0390398
  -1.03519,  -0.215827,  -0.0429438
  -1.04133,  -0.239808,  -0.0156159
  -1.04748,  -0.263789,  -0.0429438
  -1.05362,  -0.263789,  -0.0429438
  -1.05976,  -0.263789,  -0.0585598
  -1.06591,  -0.263789,  -0.0624637
  -1.07052,  -0.263789,  -0.0663677
  -1.07819,  -0.263789,  -0.0975996
  -1.08434,  -0.263789,  -0.0819837
  -1.09048,  -0.263789,  -0.101504
  -1.09663,  -0.263789,  -0.0936956
  -1.10277,  -0.263789,  -0.0858876
  -1.11198,  -0.359712,  -0.167871
  -1.12888,  -0.623501,  -0.11712
  -1.15652,  -1.17506,  -0.0312319
  -1.19339,  -1.70264,  -0.0468478
  -1.21335,  -1.31895,  0.448958
  -1.23178,  -0.839329,  0.210815
  -1.23486,  -0.407674,  0.152255
  -1.23793,  -0.143885,  -0.00780797
  -1.23946,  -0.0959233,  -0.00390398
  -1.24407,  -0.119904,  -0.0351359
  -1.25021,  -0.215827,  -0.0273279
  -1.25636,  -0.263789,  -0.0273279
  -1.2625,  -0.263789,  -0.0429438
  -1.26864,  -0.263789,  -0.0585598
  -1.27479,  -0.263789,  -0.0663677
  -1.28247,  -0.28777,  -0.0936956
  -1.29322,  -0.407674,  -0.0234239
  -1.31319,  -0.743406,  -0.0585598
  -1.34237,  -1.22302,  0.347455
  -1.35773,  -1.05516,  0.132735
  -1.36848,  -0.623501,  0.148351
  -1.37001,  -0.215827,  0.0624637
  -1.37309,  -0.0959233,  -0.0234239
  -1.37923,  -0.167866,  -0.0390398
  -1.38537,  -0.263789,  -0.00780797
  -1.39305,  -0.28777,  -0.011712
  -1.40227,  -0.359712,  -0.00390398
  -1.41148,  -0.431655,  -0.0468478
  -1.41455,  -0.239808,  0.0234239
  -1.41916,  -0.191847,  -0.0351359
  -1.42838,  -0.239808,  -0.0351359
  -1.43299,  -0.28777,  -0.00390398
  -1.43759,  -0.191847,  -0.0273279
  -1.44374,  -0.215827,  -0.0234239
  -1.45142,  -0.263789,  -0.011712
  -1.45756,  -0.311751,  0.0156159
  -1.46063,  -0.215827,  0.00780797
  -1.46524,  -0.143885,  -0.011712
  -1.46985,  -0.215827,  -0.0195199
  -1.47292,  -0.191847,  -0.00780797
  -1.47599,  -0.119904,  0.00780797
  -1.47906,  -0.0959233,  -0.0351359
  -1.48213,  -0.119904,  0.0195199
  -1.48521,  -0.119904,  -0.00780797
  -1.48828,  -0.0959233,  0.0351359
  -1.49135,  -0.0959233,  0.0624637
  -1.49288,  -0.0959233,  0.0741757
  -1.49596,  -0.0959233,  0.0663677
  -1.49749,  -0.0719425,  0.0897916
  -1.50056,  -0.0719425,  0.0897916
  -1.50056,  -0.0479616,  0.11712
  -1.50056,  0,  0.121024
  -1.50056,  0,  0.140543
  -1.50056,  0,  0.160063
  -1.50056,  0,  0.179583
  -1.50056,  0,  0.199103
  -1.50056,  0,  0.226431
  -1.50056,  0,  0.253759
  -1.50056,  0,  0.281087
  -1.50056,  0,  0.308415
  -1.50056,  0,  0.339647
  -1.49903,  0,  0.374782
  -1.49903,  0,  0.406014
  -1.49596,  0.0479616,  0.44115
  -1.48981,  0.191847,  0.46067
  -1.47753,  0.407674,  0.464574
  -1.46063,  0.671463,  0.429438
  -1.43759,  0.983214,  0.374782
  -1.40995,  1.19904,  0.308415
  -1.3823,  1.31895,  0.242047
  -1.35465,  1.31895,  0.203007
  -1.33008,  1.31895,  0.187391
  -1.30397,  1.27098,  0.191295
  -1.2794,  1.19904,  0.160063
  -1.25636,  1.15108,  0.152255
  -1.23486,  1.07914,  0.152255
  -1.21182,  1.03118,  0.163967
  -1.19185,  1.00719,  0.152255
  -1.17188,  0.959233,  0.171775
  -1.15192,  0.959233,  0.179583
  -1.13041,  0.983214,  0.195199
  -1.11045,  1.03118,  0.187391
  -1.08895,  1.07914,  0.214719
  -1.06437,  1.1271,  0.206911
  -1.03826,  1.19904,  0.199103
  -1.01215,  1.22302,  0.191295
  -0.984505,  1.22302,  0.187391
  -0.958395,  1.27098,  0.175679
  -0.930749,  1.31895,  0.179583
  -0.903103,  1.36691,  0.179583
  -0.872385,  1.39089,  0.175679
  -0.841668,  1.46283,  0.152255
  -0.814022,  1.48681,  0.148351
  -0.780232,  1.51079,  0.199103
  -0.746442,  1.60672,  0.128831
  -0.712653,  1.65468,  0.11712
  -0.678863,  1.65468,  0.101504
  -0.643538,  1.65468,  0.101504
  -0.608212,  1.67866,  0.0663677
  -0.572887,  1.67866,  0.0468478
  -0.539097,  1.70264,  0.0351359
  -0.505308,  1.70264,  0.0624637
  -0.46691,  1.77458,  0.0546558
  -0.430049,  1.79856,  0.00780797
  -0.393188,  1.82254,  0.0195199
  -0.354791,  1.84652,  0.0819837
  -0.321001,  1.72662,  0.0468478
  -0.299498,  1.31895,  0.0195199
  -0.279532,  0.935252,  0.167871
  -0.244206,  1.41487,  0.187391
  -0.207345,  1.7506,  0.0858876
  -0.162804,  1.99041,  0.0624637
  -0.119799,  2.20624,  -0.0273279
  -0.0967611,  1.55875,  -0.339647
  -0.0860098,  0.671463,  0.148351
  -0.0583638,  0.983214,  0.312319
  -0.0184307,  1.77458,  0.191295
  0.0291819,  2.18225,  0.0858876
  0.082938,  2.58993,  -0.394302
  0.115192,  2.08633,  0.0429438
  0.133622,  1.10312,  0.0663677
  0.162804,  1.15108,  0.218623
  0.208881,  1.91847,  0.140543
  0.253422,  2.3741,  0.11712
  0.279532,  1.67866,  0.0546558
  0.305642,  1.19904,  0.11712
  0.337896,  1.36691,  0.132735
  0.387044,  2.08633,  0.105408
  0.437729,  2.61391,  -0.160063
  0.463839,  1.72662,  -0.261567
  0.486877,  1.15108,  0.0429438
  0.517595,  1.27098,  0.121024
  0.565207,  1.99041,  0.0546558
  0.61282,  2.47002,  0.0780797
  0.63893,  1.65468,  0.0312319
  0.654289,  1.00719,  0.0234239
  0.675791,  0.815348,  0.124927
  0.709581,  1.39089,  0.109312
  0.75105,  1.94245,  -0.0858876
  0.778696,  1.70264,  -0.0390398
  0.800199,  1.15108,  0.0273279
  0.824773,  1.07914,  0.0546558
  0.861634,  1.53477,  0.0507518
  0.901567,  1.96643,  0.0390398
  0.927677,  1.53477,  -0.0429438
  0.944572,  1.00719,  0.0351359
  0.964539,  0.839329,  0.0507518
  0.998328,  1.31895,  0.0429438
  1.03212,  1.79856,  -0.160063
  1.05516,  1.34293,  0.00780797
  1.07205,  0.911271,  -0.0624637
  1.0828,  0.647482,  0.0234239
  1.09355,  0.431655,  0.0936956
  1.12274,  1.07914,  0.121024
  1.16113,  1.70264,  0.0663677
  1.18571,  1.36691,  0.0351359
  1.20107,  0.959233,  0.00390398
  1.21335,  0.647482,  0.0546558
  1.22257,  0.455636,  0.0351359
  1.25021,  0.911271,  0.0819837
  1.27786,  1.41487,  -0.0546558
  1.29936,  1.17506,  0.0234239
  1.31472,  0.839329,  0
  1.3224,  0.551559,  -0.0507518
  1.32701,  0.28777,  0.0156159
  1.33315,  0.239808,  0.0351359
  1.35773,  0.839329,  0.0546558
  1.38537,  1.31895,  -0.101504
  1.4038,  1.05516,  -0.44115
  1.41763,  0.719425,  -0.171775
  1.42531,  0.479616,  0
  1.42838,  0.239808,  -0.0858876
  1.43145,  0.143885,  0.0195199
  1.43452,  0.0959233,  -0.0234239
  1.43606,  0.0959233,  0.0390398
  1.44066,  0.0959233,  0.00780797
  1.44374,  0.119904,  -0.0156159
  1.44527,  0.119904,  -0.00390398
  1.44834,  0.119904,  0.0195199
  1.45295,  0.119904,  0.0312319
  1.45602,  0.119904,  -0.0234239
  1.4591,  0.119904,  -0.0273279
  1.46063,  0.0959233,  -0.0585598
  1.4637,  0.0959233,  0.0390398
  1.46677,  0.0959233,  -0.0858876
  1.46831,  0.0959233,  -0.0819837
  1.46985,  0.0479616,  -0.011712
  1.47292,  0.0719425,  -0.0975996
  1.47292,  0.0479616,  -0.128831
  1.47292,  0,  -0.132735
  1.47292,  0,  -0.152255
  1.47292,  0,  -0.171775
  1.47292,  0,  -0.183487
  1.47292,  0,  -0.210815
  1.47292,  0,  -0.234239
  1.47292,  0,  -0.265471
  1.47292,  0,  -0.284991
  1.47292,  0,  -0.312319
  1.47292,  0,  -0.347455
  1.47138,  0,  -0.378686
  1.46831,  -0.0719425,  -0.42163
  1.45756,  -0.359712,  -0.42163
  1.43759,  -0.767386,  -0.359167
  1.41302,  -1.07914,  -0.234239
  1.39152,  -1.15108,  -0.206911
  1.37001,  -1.05516,  -0.144447
  1.35619,  -0.791367,  -0.171775
  1.34698,  -0.551559,  -0.230335
  1.33162,  -0.599521,  -0.281087
  1.31319,  -0.815348,  -0.242047
  1.29783,  -0.839329,  -0.199103
  1.28093,  -0.767386,  -0.214719
  1.26097,  -0.911271,  -0.167871
  1.24253,  -0.935252,  -0.136639
  1.23025,  -0.695444,  -0.175679
  1.22103,  -0.479616,  -0.230335
  1.20721,  -0.551559,  -0.281087
  1.18878,  -0.767386,  -0.257663
  1.16728,  -0.935252,  -0.249855
  1.15038,  -0.935252,  -0.203007
  1.13349,  -0.815348,  -0.222527
  1.11198,  -0.839329,  -0.218623
  1.09202,  -0.959233,  -0.136639
  1.07359,  -0.935252,  -0.163967
  1.05516,  -0.88729,  -0.210815
  1.03519,  -0.935252,  -0.191295
  1.02444,  -0.743406,  -0.163967
  1.01215,  -0.57554,  -0.249855
  0.995257,  -0.671463,  -0.265471
  0.97529,  -0.911271,  -0.265471
  0.955323,  -0.983214,  -0.242047
  0.936893,  -0.911271,  -0.203007
  0.91539,  -0.935252,  -0.265471
  0.895424,  -1.00719,  -0.191295
  0.880065,  -0.911271,  -0.156159
  0.867778,  -0.671463,  -0.222527
  0.853955,  -0.57554,  -0.265471
  0.833988,  -0.86331,  -0.265471
  0.809414,  -1.07914,  -0.199103
  0.786376,  -1.1271,  -0.156159
  0.764873,  -1.10312,  -0.218623
  0.743371,  -1.05516,  -0.206911
  0.723404,  -1.00719,  -0.105408
  0.706509,  -0.911271,  -0.128831
  0.694222,  -0.695444,  -0.156159
  0.680399,  -0.599521,  -0.206911
  0.661968,  -0.791367,  -0.218623
  0.643538,  -0.86331,  -0.163967
  0.629715,  -0.743406,  -0.113216
  0.617428,  -0.623501,  -0.195199
  0.598997,  -0.719425,  -0.218623
  0.577495,  -0.983214,  -0.140543
  0.551384,  -1.03118,  -0.113216
  0.532954,  -1.05516,  -0.0429438
  0.511451,  -1.07914,  -0.109312
  0.489949,  -1.05516,  -0.0546558
  0.468446,  -1.05516,  -0.0273279
  0.446944,  -1.05516,  -0.011712
  0.430049,  -0.935252,  -0.0195199
  0.425441,  -0.479616,  0
  0.433121,  0.167866,  -0.124927
  0.430049,  0.0959233,  -0.226431
  0.419298,  -0.335732,  -0.214719
  0.400867,  -0.743406,  -0.163967
  0.380901,  -0.911271,  -0.0819837
  0.359398,  -0.983214,  -0.0429438
  0.344039,  -0.935252,  -0.0273279
  0.334824,  -0.551559,  -0.0312319
  0.33636,  -0.0959233,  -0.0780797
  0.334824,  0,  -0.148351
  0.32868,  -0.143885,  -0.203007
  0.316393,  -0.455636,  -0.199103
  0.297963,  -0.791367,  -0.140543
  0.285675,  -0.719425,  -0.0468478
  0.270317,  -0.623501,  -0.0741757
  0.259565,  -0.623501,  -0.0312319
  0.256494,  -0.239808,  -0.0507518
  0.253422,  -0.0959233,  -0.132735
  0.25035,  -0.167866,  -0.136639
  0.241135,  -0.311751,  -0.132735
  0.227312,  -0.57554,  -0.0975996
  0.213489,  -0.695444,  -0.0390398
  0.205809,  -0.455636,  -0.00780797
  0.205809,  -0.0959233,  -0.0507518
  0.201202,  -0.0719425,  -0.113216
  0.199666,  -0.119904,  -0.101504
  0.193522,  -0.167866,  -0.109312
  0.182771,  -0.359712,  -0.0780797
  0.167412,  -0.647482,  -0.0702717
  0.152053,  -0.743406,  0.0390398
  0.147445,  -0.431655,  0.0663677
  0.155125,  0.119904,  -0.00780797
  0.161268,  0.335732,  -0.109312
  0.158197,  0,  -0.0897916
  0.153589,  -0.119904,  -0.0819837
  0.147445,  -0.215827,  -0.0663677
  0.141302,  -0.263789,  -0.0507518
  0.135158,  -0.263789,  -0.0390398
  0.130551,  -0.263789,  -0.0234239
  0.124407,  -0.263789,  -0.0351359
  0.118264,  -0.263789,  -0.011712
  0.11212,  -0.239808,  -0.00390398
  0.107512,  -0.191847,  0
  0.109048,  -0.0479616,  0
  0.110584,  0.0239808,  -0.0234239
  0.110584,  0,  -0.0351359
  0.109048,  0,  -0.0390398
  0.110584,  0,  -0.0507518
  0.109048,  0,  -0.0546558
  0.109048,  0,  -0.0624637
  0.107512,  0,  -0.0663677
  0.105976,  -0.0239808,  -0.0702717
  0.104441,  -0.0239808,  -0.0741757
  0.102905,  -0.0239808,  -0.0780797
  0.102905,  -0.0239808,  -0.0780797
  0.0998328,  -0.0239808,  -0.0819837
  0.0982969,  -0.0479616,  -0.0702717
  0.0967611,  -0.0719425,  -0.0897916
  0.0952252,  -0.0479616,  -0.0975996
  0.0921534,  -0.0719425,  -0.105408
  0.0906175,  -0.0719425,  -0.0897916
  0.0890816,  -0.0479616,  -0.101504
  0.0860098,  -0.0719425,  -0.109312
  0.082938,  -0.0719425,  -0.105408
  0.0814022,  -0.0719425,  -0.0975996
  0.0783304,  -0.0959233,  -0.121024
  0.0706509,  -0.215827,  -0.121024
  0.0614356,  -0.359712,  -0.0780797
  0.0522203,  -0.407674,  -0.0429438
  0.0445408,  -0.383693,  -0.0351359
  0.0368614,  -0.383693,  -0.0312319
  0.0261101,  -0.383693,  -0.0273279
  0.0199666,  -0.383693,  -0.00780797
  0.0153589,  -0.28777,  -0.0234239
  0.0153589,  -0.0479616,  -0.0468478
  0.0153589,  0,  -0.0897916
  0.00921534,  -0.119904,  -0.105408
  -0.00153589,  -0.383693,  -0.0780797
  -0.0199666,  -0.767386,  -0.0312319
  -0.0399331,  -0.935252,  -0.011712
  -0.0506844,  -0.767386,  0.0897916
  -0.0460767,  0,  0.0312319
  -0.0399331,  0.311751,  -0.0936956
  -0.041469,  0.0479616,  -0.156159
  -0.0491485,  -0.215827,  -0.144447
  -0.0675791,  -0.671463,  -0.101504
  -0.0906175,  -1.07914,  -0.011712
  -0.105976,  -0.959233,  -0.140543
  -0.101369,  -0.143885,  0.0195199
  -0.0982969,  0.215827,  -0.148351
  -0.104441,  -0.0479616,  -0.163967
  -0.119799,  -0.551559,  -0.156159
  -0.14591,  -1.07914,  -0.0741757
  -0.173556,  -1.31895,  0.0507518
  -0.19045,  -1.10312,  0.234239
  -0.187379,  -0.143885,  0.0195199
  -0.184307,  0.119904,  -0.140543
  -0.196594,  -0.191847,  -0.206911
  -0.221168,  -0.959233,  -0.109312
  -0.248814,  -1.29496,  -0.0195199
  -0.271852,  -1.29496,  0.245951
  -0.271852,  -0.407674,  0.0273279
  -0.270317,  0,  -0.156159
  -0.287211,  -0.383693,  -0.214719
  -0.317929,  -1.247,  -0.113216
  -0.351719,  -1.58273,  0.121024
  -0.367078,  -1.17506,  0.284991
  -0.376293,  -0.479616,  -0.0312319
  -0.393188,  -0.599521,  -0.0936956
  -0.425441,  -1.27098,  -0.0429438
  -0.457695,  -1.65468,  0.0312319
  -0.471518,  -1.07914,  -0.00780797
  -0.482269,  -0.527578,  0.0156159
  -0.483805,  -0.239808,  -0.0507518
  -0.491485,  -0.191847,  -0.163967
  -0.514523,  -0.743406,  -0.160063
  -0.55292,  -1.60672,  -0.0429438
  -0.589782,  -1.91847,  0.175679
  -0.606676,  -1.19904,  -0.0234239
  -0.615892,  -0.623501,  0
  -0.617428,  -0.191847,  -0.0858876
  -0.628179,  -0.263789,  -0.195199
  -0.651217,  -0.815348,  -0.156159
  -0.692686,  -1.67866,  -0.0780797
  -0.734155,  -2.13429,  0
  -0.755658,  -1.34293,  0.324031
  -0.766409,  -0.743406,  0.0858876
  -0.771017,  -0.335732,  -0.0702717
  -0.778696,  -0.263789,  -0.179583
  -0.786376,  -0.335732,  -0.156159
  -0.81095,  -0.791367,  -0.230335
  -0.853955,  -1.79856,  -0.0858876
  -0.898495,  -2.30216,  0.253759
  -0.921534,  -1.46283,  0.257663
  -0.935357,  -0.86331,  0.0429438
  -0.94918,  -0.623501,  -0.0351359
  -0.970682,  -0.86331,  -0.0663677
  -1.00601,  -1.48681,  -0.0156159
  -1.0398,  -1.70264,  0.316223
  -1.0613,  -1.247,  -0.0312319
  -1.07359,  -0.743406,  0.0156159
  -1.07973,  -0.407674,  -0.0195199
  -1.08741,  -0.311751,  -0.109312
  -1.09663,  -0.359712,  -0.0936956
  -1.11506,  -0.671463,  -0.148351
  -1.14424,  -1.22302,  -0.0702717
  -1.18417,  -1.82254,  0.140543
  -1.20567,  -1.46283,  0.109312
  -1.22257,  -0.911271,  0.0897916
  -1.23332,  -0.57554,  -0.0351359
  -1.23793,  -0.239808,  -0.0585598
  -1.24407,  -0.263789,  -0.148351
  -1.25789,  -0.455636,  -0.210815
  -1.2794,  -0.839329,  -0.105408
  -1.31779,  -1.51079,  -0.0234239
  -1.35619,  -1.94245,  0.175679
  -1.37616,  -1.31895,  0.409918
  -1.39152,  -0.791367,  -0.00780797
  -1.39766,  -0.479616,  -0.011712
  -1.40073,  -0.191847,  -0.011712
  -1.40534,  -0.143885,  -0.0546558
  -1.41148,  -0.263789,  -0.0507518
  -1.4207,  -0.335732,  -0.0585598
  -1.43913,  -0.599521,  -0.0390398
  -1.46063,  -0.935252,  -0.0468478
  -1.47599,  -0.88729,  -0.0390398
  -1.48521,  -0.57554,  -0.101504
  -1.48981,  -0.263789,  -0.0156159
  -1.49288,  -0.191847,  -0.011712
  -1.49749,  -0.191847,  -0.0234239
  -1.50517,  -0.263789,  -0.0429438
  -1.51132,  -0.311751,  -0.0429438
  -1.51439,  -0.239808,  0.00390398
  -1.51899,  -0.143885,  -0.0156159
  -1.52514,  -0.215827,  -0.00780797
  -1.52975,  -0.239808,  -0.011712
  -1.53282,  -0.119904,  0.00780797
  -1.53589,  -0.119904,  -0.00780797
  -1.53743,  -0.0719425,  0.0234239
  -1.53896,  -0.0479616,  0.00780797
  -1.5405,  -0.0479616,  0.0429438
  -1.54203,  -0.0479616,  0.0312319
  -1.54357,  -0.0479616,  0.0585598
  -1.54511,  -0.0479616,  0.0624637
  -1.54664,  -0.0479616,  0.0897916
  -1.54511,  0,  0.105408
  -1.54664,  0,  0.128831
  -1.54664,  0,  0.156159
  -1.54511,  0,  0.179583
  -1.54664,  0,  0.206911
  -1.54511,  0,  0.234239
  -1.54664,  0,  0.273279
  -1.54511,  0,  0.308415
  -1.54511,  0,  0.351359
  -1.54357,  0,  0.390398
  -1.53896,  0.0959233,  0.429438
  -1.53128,  0.263789,  0.445054
  -1.51746,  0.503597,  0.445054
  -1.49903,  0.791367,  0.398206
  -1.47753,  0.983214,  0.351359
  -1.44988,  1.22302,  0.343551
  -1.41916,  1.36691,  0.269375
  -1.38998,  1.41487,  0.203007
  -1.36387,  1.39089,  0.187391
  -1.33622,  1.34293,  0.210815
  -1.31011,  1.31895,  0.179583
  -1.284,  1.27098,  0.179583
  -1.25943,  1.22302,  0.179583
  -1.23639,  1.19904,  0.195199
  -1.20875,  1.17506,  0.214719
  -1.18571,  1.17506,  0.175679
  -1.16113,  1.15108,  0.218623
  -1.13502,  1.19904,  0.226431
  -1.11198,  1.247,  0.210815
  -1.0828,  1.27098,  0.238143
  -1.05516,  1.36691,  0.203007
  -1.0229,  1.41487,  0.238143
  -0.993721,  1.46283,  0.195199
  -0.961467,  1.51079,  0.226431
  -0.927677,  1.60672,  0.199103
  -0.895424,  1.60672,  0.179583
  -0.860098,  1.65468,  0.191295
  -0.824773,  1.72662,  0.171775
  -0.787911,  1.77458,  0.183487
  -0.75105,  1.82254,  0.152255
  -0.711117,  1.84652,  0.152255
  -0.671184,  1.89449,  0.0975996
  -0.631251,  1.94245,  0.113216
  -0.592853,  1.94245,  0.101504
  -0.551384,  1.96643,  0.0936956
  -0.511451,  1.99041,  0.0429438
  -0.468446,  2.01439,  0.0507518
  -0.426977,  2.03837,  0.0312319
  -0.385508,  2.03837,  0.0351359
  -0.342503,  2.08633,  0.00780797
  -0.299498,  2.06235,  0.0156159
  -0.273388,  1.70264,  -0.00390398
  -0.264173,  0.719425,  0.144447
  -0.238063,  0.86331,  0.351359
  -0.201202,  1.58273,  0.265471
  -0.155125,  2.03837,  0.183487
  -0.104441,  2.39808,  0.101504
  -0.0476126,  2.70983,  0.0273279
  0.00614356,  2.82974,  0.124927
  0.0291819,  1.79856,  0.0351359
  0.0460767,  0.839329,  0.183487
  0.0814022,  1.31895,  0.288895
  0.127479,  2.01439,  0.156159
  0.179699,  2.44604,  0.0741757
  0.238063,  2.82974,  0.0858876
  0.267245,  2.08633,  -0.448958
  0.294891,  1.31895,  0.113216
  0.327145,  1.51079,  0.152255
  0.376293,  2.03837,  0.136639
  0.431585,  2.66187,  -0.253759
  0.459231,  1.99041,  -0.394302
  0.488413,  1.29496,  0.101504
  0.523738,  1.53477,  0.105408
  0.571351,  2.13429,  0.0702717
  0.626643,  2.61391,  -0.335743
  0.654289,  1.91847,  -0.57779
  0.675791,  1.15108,  0.0351359
  0.704973,  1.22302,  0.128831
  0.755658,  2.03837,  0.0585598
  0.804806,  2.54197,  -0.249855
  0.830916,  1.70264,  -0.562174
  0.847811,  1.03118,  -0.156159
  0.870849,  0.935252,  0.101504
  0.909247,  1.53477,  0.0858876
  0.947644,  1.96643,  -0.0507518
  0.973754,  1.46283,  -0.277183
  0.990649,  1.00719,  0.0312319
  1.01215,  0.88729,  0.0897916
  1.04594,  1.46283,  0.0741757
  1.08741,  1.94245,  0.0546558
  1.11352,  1.60672,  -0.0936956
  1.13349,  1.05516,  -0.160063
  1.14731,  0.767386,  -0.011712
  1.16113,  0.647482,  0.0585598
  1.19185,  1.05516,  0.0741757
  1.22718,  1.70264,  0.0429438
  1.24868,  1.31895,  0.0468478
  1.26404,  0.86331,  0.0195199
  1.27479,  0.599521,  -0.0468478
  1.28093,  0.335732,  0.00390398
  1.29322,  0.431655,  0.0702717
  1.32394,  1.1271,  0.0312319
  1.35312,  1.55875,  -0.0468478
  1.37309,  1.19904,  -0.281087
  1.38844,  0.86331,  -0.175679
  1.39766,  0.551559,  -0.105408
  1.40227,  0.28777,  -0.0819837
  1.4038,  0.143885,  -0.0819837
  1.40688,  0.0959233,  -0.0390398
  1.40841,  0.0959233,  0
  1.41148,  0.0959233,  0.0273279
  1.41302,  0.0959233,  0.0273279
  1.41609,  0.0959233,  -0.0312319
  1.41916,  0.0959233,  -0.0195199
  1.4207,  0.0959233,  -0.0624637
  1.42377,  0.0959233,  -0.0702717
  1.42531,  0.0719425,  -0.0819837
  1.42838,  0.0719425,  -0.0936956
  1.42838,  0.0479616,  -0.121024
  1.42838,  0,  -0.132735
  1.42838,  0,  -0.152255
  1.42838,  0,  -0.171775
  1.42838,  0,  -0.210815
  1.42838,  0,  -0.245951
  1.42838,  0,  -0.277183
  1.42684,  0,  -0.320127
  1.42684,  0,  -0.351359
  1.42377,  -0.0719425,  -0.406014
  1.41148,  -0.359712,  -0.433342
  1.39305,  -0.767386,  -0.378686
  1.36694,  -1.07914,  -0.359167
  1.34083,  -1.22302,  -0.277183
  1.31933,  -1.19904,  -0.242047
  1.29476,  -1.17506,  -0.253759
  1.27325,  -1.10312,  -0.234239
  1.25175,  -1.03118,  -0.261567
  1.23025,  -1.03118,  -0.261567
  1.20875,  -1.05516,  -0.273279
  1.18571,  -1.1271,  -0.320127
  1.16113,  -1.15108,  -0.312319
  1.13963,  -1.10312,  -0.265471
  1.11352,  -1.07914,  -0.327935
  1.08741,  -1.22302,  -0.347455
  1.0613,  -1.27098,  -0.320127
  1.03365,  -1.31895,  -0.343551
  1.00754,  -1.31895,  -0.327935
  0.976826,  -1.39089,  -0.355263
  0.944572,  -1.53477,  -0.331839
  0.907711,  -1.70264,  -0.312319
  0.869314,  -1.84652,  -0.273279
  0.82938,  -1.94245,  -0.257663
  0.787911,  -1.99041,  -0.230335
  0.744907,  -2.06235,  -0.187391
  0.701902,  -2.11031,  -0.167871
  0.660433,  -2.08633,  -0.121024
  0.618964,  -2.03837,  -0.152255
  0.577495,  -2.03837,  -0.132735
  0.53449,  -2.03837,  -0.124927
  0.493021,  -2.03837,  -0.0975996
  0.453087,  -1.99041,  -0.0897916
  0.411618,  -1.99041,  -0.101504
  0.370149,  -2.06235,  -0.0858876
  0.327145,  -2.06235,  -0.0702717
  0.28414,  -2.08633,  -0.0624637
  0.242671,  -2.08633,  -0.0507518
  0.199666,  -2.13429,  -0.0585598
  0.155125,  -2.18225,  -0.0585598
  0.110584,  -2.23022,  -0.0195199
  0.0629715,  -2.23022,  -0.00390398
  0.0184307,  -2.27818,  -0.128831
  -0.00767945,  -1.67866,  -0.0312319
  -0.0168948,  -0.695444,  -0.148351
  -0.0460767,  -0.935252,  -0.378686
  -0.0814022,  -1.70264,  -0.269375
  -0.132087,  -2.18225,  -0.226431
  -0.187379,  -2.56595,  -0.0936956
  -0.245742,  -2.85372,  0.11712
  -0.288747,  -2.58993,  -0.0975996
  -0.313322,  -1.46283,  -0.0351359
  -0.347111,  -1.39089,  -0.214719
  -0.39626,  -2.13429,  -0.156159
  -0.450016,  -2.58993,  -0.00390398
  -0.502236,  -2.66187,  -0.0780797
  -0.528346,  -1.79856,  0.00780797
  -0.548313,  -1.07914,  -0.132735
  -0.580566,  -1.27098,  -0.218623
  -0.631251,  -2.08633,  -0.148351
  -0.685007,  -2.63789,  -0.0624637
  -0.712653,  -1.84652,  0.113216
  -0.734155,  -1.1271,  -0.113216
  -0.766409,  -1.27098,  -0.187391
  -0.815557,  -2.03837,  -0.124927
  -0.867778,  -2.66187,  -0.0936956
  -0.895424,  -1.82254,  0.00390398
  -0.912319,  -1.03118,  -0.0468478
  -0.933821,  -0.86331,  -0.187391
  -0.973754,  -1.58273,  -0.163967
  -1.02905,  -2.51799,  -0.0624637
  -1.0613,  -2.03837,  0.366974
  -1.0828,  -1.19904,  0.113216
  -1.1043,  -0.935252,  -0.0585598
  -1.13502,  -1.31895,  -0.0897916
  -1.17803,  -2.03837,  -0.0234239
  -1.20567,  -1.70264,  0.0507518
  -1.2241,  -1.03118,  0.113216
  -1.241,  -0.791367,  -0.0234239
  -1.26864,  -1.00719,  -0.0585598
  -1.30397,  -1.65468,  0.0351359
  -1.32547,  -1.29496,  -0.0468478
  -1.34237,  -0.911271,  -0.011712
  -1.35312,  -0.599521,  0.011712
  -1.35773,  -0.311751,  -0.0429438
  -1.36541,  -0.28777,  -0.124927
  -1.37616,  -0.431655,  -0.109312
  -1.3992,  -0.86331,  -0.101504
  -1.43145,  -1.36691,  -0.0507518
  -1.44988,  -1.17506,  0.378686
  -1.4637,  -0.743406,  -0.0390398
  -1.46985,  -0.431655,  0.0507518
  -1.47292,  -0.191847,  -0.00780797
  -1.47753,  -0.143885,  -0.0429438
  -1.48367,  -0.215827,  -0.0390398
  -1.49442,  -0.359712,  -0.00780797
  -1.50517,  -0.551559,  0.0819837
  -1.50978,  -0.28777,  0.0429438
  -1.51132,  -0.143885,  -0.0195199
  -1.51439,  -0.0959233,  -0.0195199
  -1.51592,  -0.0959233,  0.0546558
  -1.51899,  -0.0719425,  0.0351359
  -1.52053,  -0.0719425,  0.0663677
  -1.52207,  -0.0719425,  0.0858876
  -1.52514,  -0.0719425,  0.0858876
  -1.52514,  -0.0479616,  0.124927
  -1.52514,  0,  0.144447
  -1.52514,  0,  0.167871
  -1.52514,  0,  0.199103
  -1.52514,  0,  0.230335
  -1.52514,  0,  0.265471
  -1.52514,  0,  0.308415
  -1.52514,  0,  0.351359
  -1.52514,  0,  0.390398
  -1.5236,  0,  0.44115
  -1.52053,  0.0239808,  0.487998
  -1.51592,  0.167866,  0.515326
  -1.50364,  0.431655,  0.550462
  -1.48367,  0.815348,  0.515326
  -1.45449,  1.19904,  0.448958
  -1.4207,  1.48681,  0.366974
  -1.38537,  1.65468,  0.277183
  -1.35158,  1.70264,  0.261567
  -1.31626,  1.70264,  0.222527
  -1.284,  1.67866,  0.187391
  -1.25175,  1.58273,  0.183487
  -1.22103,  1.48681,  0.175679
  -1.19185,  1.43885,  0.171775
  -1.1642,  1.39089,  0.187391
  -1.13656,  1.34293,  0.191295
  -1.11198,  1.31895,  0.191295
  -1.08434,  1.31895,  0.230335
  -1.05669,  1.34293,  0.214719
  -1.02444,  1.41487,  0.226431
  -0.993721,  1.43885,  0.203007
  -0.963003,  1.51079,  0.214719
  -0.930749,  1.55875,  0.222527
  -0.89696,  1.60672,  0.199103
  -0.86317,  1.65468,  0.183487
  -0.82938,  1.70264,  0.195199
  -0.790983,  1.79856,  0.187391
  -0.752586,  1.84652,  0.132735
  -0.711117,  1.89449,  0.132735
  -0.67272,  1.94245,  0.109312
  -0.631251,  1.94245,  0.0975996
  -0.592853,  1.96643,  0.0741757
  -0.549849,  1.96643,  0.0975996
  -0.511451,  1.99041,  0.0234239
  -0.469982,  1.99041,  0.0390398
  -0.428513,  2.03837,  0.011712
  -0.387044,  2.01439,  0.00390398
  -0.347111,  2.01439,  -0.304511
  -0.321001,  1.60672,  0.0351359
  -0.311786,  0.767386,  0.128831
  -0.28414,  0.911271,  0.339647
  -0.248814,  1.58273,  0.222527
  -0.205809,  1.94245,  0.171775
  -0.158197,  2.27818,  0.0897916
  -0.104441,  2.51799,  0.0390398
  -0.0522203,  2.66187,  -0.230335
  -0.0322537,  1.72662,  -0.140543
  -0.0184307,  0.719425,  0.175679
  0.0153589,  1.19904,  0.273279
  0.0583638,  1.96643,  0.136639
  0.107512,  2.27818,  0.0468478
  0.161268,  2.56595,  0.0663677
  0.188914,  1.94245,  -0.0741757
  0.208881,  1.03118,  0.0858876
  0.238063,  1.22302,  0.191295
  0.282604,  1.8705,  0.124927
  0.330216,  2.39808,  0.105408
  0.354791,  1.65468,  0
  0.379365,  1.15108,  0.0858876
  0.413154,  1.43885,  0.0858876
  0.456159,  1.94245,  0.0273279
  0.503772,  2.32614,  0.0390398
  0.525274,  1.58273,  0.0663677
  0.551384,  1.05516,  0.0351359
  0.582102,  1.39089,  0.00780797
  0.617428,  1.70264,  0.0429438
  0.640466,  1.36691,  -0.148351
  0.655825,  0.911271,  0.00780797
  0.678863,  0.911271,  0.0741757
  0.714189,  1.43885,  0.0195199
  0.752586,  1.89449,  0.0936956
  0.775624,  1.39089,  -0.312319
  0.790983,  0.86331,  -0.0858876
  0.798663,  0.527578,  0.0234239
  0.809414,  0.383693,  0.11712
  0.835524,  0.911271,  0.113216
  0.872385,  1.6307,  0.0234239
  0.892352,  1.34293,  -0.46067
  0.907711,  0.839329,  0.0663677
  0.916926,  0.527578,  0.0312319
  0.92307,  0.383693,  0.0507518
  0.946108,  0.719425,  0.101504
  0.984505,  1.58273,  -0.238143
  1.0014,  1.34293,  0.0663677
  1.01829,  0.815348,  0.0429438
  1.02597,  0.527578,  -0.136639
  1.02905,  0.239808,  -0.0624637
  1.03212,  0.119904,  0.0390398
  1.03365,  0.119904,  0.00780797
  1.0398,  0.143885,  0.0156159
  1.05516,  0.551559,  -0.00390398
  1.0613,  0.479616,  -0.109312
  1.06591,  0.28777,  0.0429438
  1.06898,  0.143885,  0.0429438
  1.07205,  0.119904,  -0.0351359
  1.07359,  0.0959233,  -0.0546558
  1.07666,  0.0959233,  -0.0585598
  1.07819,  0.0959233,  -0.0741757
  1.07973,  0.0959233,  -0.0741757
  1.0828,  0.0479616,  -0.0897916
  1.0828,  0.0479616,  -0.121024
  1.0828,  0,  -0.128831
  1.0828,  0,  -0.152255
  1.0828,  0,  -0.171775
  1.0828,  0,  -0.195199
  1.0828,  0,  -0.230335
  1.0828,  0,  -0.261567
  1.08127,  0,  -0.292799
  1.0828,  0,  -0.324031
  1.08127,  0,  -0.363071
  1.07666,  -0.0959233,  -0.406014
  1.06437,  -0.455636,  -0.409918
  1.04287,  -0.86331,  -0.370878
  1.02137,  -1.10312,  -0.316223
  0.996792,  -1.15108,  -0.265471
  0.973754,  -1.10312,  -0.175679
  0.953788,  -1.05516,  -0.226431
  0.935357,  -0.935252,  -0.226431
  0.91539,  -0.911271,  -0.245951
  0.893888,  -1.03118,  -0.238143
  0.870849,  -1.07914,  -0.214719
  0.852419,  -0.983214,  -0.245951
  0.833988,  -0.86331,  -0.245951
  0.81095,  -0.983214,  -0.226431
  0.786376,  -1.15108,  -0.195199
  0.761801,  -1.19904,  -0.187391
  0.735691,  -1.22302,  -0.238143
  0.708045,  -1.27098,  -0.187391
  0.680399,  -1.31895,  -0.175679
  0.652753,  -1.34293,  -0.163967
  0.622035,  -1.43885,  -0.175679
  0.589782,  -1.51079,  -0.140543
  0.557528,  -1.58273,  -0.113216
  0.523738,  -1.60672,  -0.0897916
  0.493021,  -1.60672,  -0.0624637
  0.459231,  -1.58273,  -0.0858876
  0.426977,  -1.60672,  -0.0546558
  0.394724,  -1.60672,  -0.0390398
  0.360934,  -1.60672,  -0.0312319
  0.32868,  -1.60672,  -0.011712
  0.294891,  -1.60672,  -0.011712
  0.264173,  -1.58273,  -0.0312319
  0.241135,  -1.34293,  -0.0156159
  0.219632,  -1.05516,  -0.101504
  0.19045,  -1.29496,  -0.128831
  0.158197,  -1.48681,  -0.0780797
  0.124407,  -1.67866,  -0.0351359
  0.0875457,  -1.70264,  -0.0234239
  0.0491485,  -1.84652,  -0.0390398
  0.0307178,  -1.34293,  -0.011712
  0.0261101,  -0.431655,  -0.140543
  0.00460767,  -0.623501,  -0.335743
  -0.0261101,  -1.29496,  -0.242047
  -0.0629715,  -1.7506,  -0.140543
  -0.110584,  -2.11031,  -0.0819837
  -0.158197,  -2.32614,  -0.0312319
  -0.181235,  -1.70264,  0.105408
  -0.193522,  -0.743406,  -0.109312
  -0.221168,  -0.983214,  -0.238143
  -0.262637,  -1.7506,  -0.136639
  -0.297963,  -1.84652,  0.171775
  -0.321001,  -1.41487,  -0.0156159
  -0.347111,  -1.15108,  -0.11712
  -0.390116,  -1.72662,  -0.11712
  -0.434657,  -2.20624,  -0.0273279
  -0.453087,  -1.46283,  0.238143
  -0.468446,  -0.767386,  -0.0936956
  -0.493021,  -0.959233,  -0.160063
  -0.53449,  -1.72662,  -0.0858876
  -0.57903,  -2.15827,  -0.0273279
  -0.597461,  -1.41487,  -0.0195199
  -0.615892,  -0.86331,  -0.0624637
  -0.642002,  -1.07914,  -0.0819837
  -0.678863,  -1.55875,  -0.00390398
  -0.721868,  -1.99041,  -0.00780797
  -0.741835,  -1.41487,  -0.0507518
  -0.754122,  -0.719425,  -0.0975996
  -0.75873,  -0.335732,  -0.0585598
  -0.766409,  -0.239808,  -0.152255
  -0.774088,  -0.335732,  -0.160063
  -0.786376,  -0.503597,  -0.214719
  -0.806342,  -0.791367,  -0.210815
  -0.838596,  -1.34293,  -0.156159
  -0.88928,  -2.15827,  -0.0273279
  -0.9415,  -2.61391,  -0.00390398
  -0.969146,  -1.79856,  0.320127
  -0.999864,  -1.48681,  0.109312
  -1.01369,  -0.983214,  0.179583
  -1.0229,  -0.551559,  0.011712
  -1.02444,  -0.167866,  0.0390398
  -1.02751,  -0.0719425,  -0.0507518
  -1.03519,  -0.215827,  -0.0780797
  -1.04133,  -0.263789,  -0.0546558
  -1.04901,  -0.28777,  -0.105408
  -1.05823,  -0.359712,  -0.101504
  -1.07052,  -0.551559,  -0.0702717
  -1.09355,  -0.86331,  -0.0663677
  -1.12427,  -1.39089,  -0.0312319
  -1.14117,  -1.1271,  0.0663677
  -1.15345,  -0.767386,  0.0546558
  -1.1596,  -0.359712,  -0.0156159
  -1.16113,  -0.143885,  -0.00390398
  -1.1642,  -0.0959233,  -0.0429438
  -1.17342,  -0.239808,  -0.0507518
  -1.17803,  -0.263789,  -0.0234239
  -1.18264,  -0.239808,  -0.0312319
  -1.18878,  -0.239808,  -0.0351359
  -1.19492,  -0.263789,  -0.0156159
  -1.19953,  -0.239808,  -0.00780797
  -1.20414,  -0.239808,  -0.0156159
  -1.21182,  -0.263789,  -0.0156159
  -1.21642,  -0.263789,  -0.0585598
  -1.21796,  -0.143885,  -0.011712
  -1.22257,  -0.119904,  -0.011712
  -1.22718,  -0.167866,  0.00780797
  -1.23025,  -0.143885,  0.00390398
  -1.23332,  -0.0959233,  0
  -1.23332,  -0.0479616,  0.0234239
  -1.23639,  -0.0479616,  0.0312319
  -1.23639,  -0.0479616,  0.0507518
  -1.23946,  -0.0719425,  0.0156159
  -1.241,  -0.0479616,  0.0273279
  -1.24253,  -0.0479616,  0.0663677
  -1.24407,  -0.0719425,  0.0702717
  -1.24561,  -0.0719425,  0.0858876
  -1.24561,  0,  0.101504
  -1.24561,  0,  0.11712
  -1.24561,  0,  0.128831
  -1.24561,  0,  0.136639
  -1.24561,  0,  0.152255
  -1.24561,  0,  0.167871
  -1.24561,  0,  0.183487
  -1.24561,  0,  0.203007
  -1.24561,  0,  0.210815
  -1.24561,  0,  0.234239
  -1.24561,  0,  0.253759
  -1.24561,  0,  0.273279
  -1.24561,  0,  0.288895
  -1.24561,  0,  0.312319
  -1.24407,  0,  0.327935
  -1.24253,  0.0239808,  0.351359
  -1.23793,  0.0719425,  0.363071
  -1.23332,  0.167866,  0.339647
  -1.22103,  0.359712,  0.347455
  -1.20875,  0.527578,  0.277183
  -1.19492,  0.647482,  0.257663
  -1.17649,  0.791367,  0.218623
  -1.15806,  0.88729,  0.152255
  -1.13963,  0.88729,  0.121024
  -1.12427,  0.839329,  0.0858876
  -1.10738,  0.791367,  0.0780797
  -1.09355,  0.671463,  0.0390398
  -1.0828,  0.599521,  0.0390398
  -1.07359,  0.479616,  0.0468478
  -1.06898,  0.335732,  0.0546558
  -1.06898,  0.0719425,  0.0936956
  -1.06898,  0,  0.132735
  -1.06898,  0,  0.152255
  -1.06898,  0,  0.163967
  -1.06898,  0,  0.183487
  -1.06898,  0,  0.199103
  -1.06898,  0,  0.214719
  -1.06898,  0,  0.230335
  -1.06898,  0,  0.242047
  -1.06744,  0,  0.257663
  -1.06744,  0,  0.265471
  -1.06744,  0,  0.277183
  -1.06744,  0,  0.288895
  -1.06898,  0,  0.300607
  -1.06744,  0,  0.308415
  -1.06591,  0,  0.316223
  -1.06284,  0.0719425,  0.324031
  -1.05669,  0.167866,  0.308415
  -1.05055,  0.263789,  0.269375
  -1.04133,  0.311751,  0.261567
  -1.03365,  0.407674,  0.203007
  -1.01983,  0.455636,  0.203007
  -1.00754,  0.551559,  0.109312
  -0.996792,  0.57554,  0.0819837
  -0.984505,  0.551559,  0.0624637
  -0.97529,  0.527578,  0.011712
  -0.970682,  0.335732,  0.011712
  -0.970682,  0.0479616,  0.0273279
  -0.972218,  -0.0239808,  0.0429438
  -0.972218,  -0.0239808,  0.0195199
  -0.97529,  -0.0239808,  0.0273279
  -0.97529,  -0.0239808,  0.0507518
  -0.978362,  -0.0239808,  0.0234239
  -0.978362,  -0.0239808,  0.0429438
  -0.979898,  -0.0239808,  -0.00390398
  -0.981434,  -0.0239808,  0
  -0.984505,  -0.0239808,  -0.00780797
  -0.989113,  -0.119904,  -0.0273279
  -0.990649,  -0.0959233,  0.00780797
  -0.993721,  -0.0959233,  -0.0234239
  -0.998328,  -0.167866,  -0.0234239
  -1.00447,  -0.215827,  -0.011712
  -1.00908,  -0.215827,  0.00390398
  -1.01215,  -0.191847,  -0.0195199
  -1.01829,  -0.191847,  -0.0429438
  -1.02444,  -0.239808,  -0.0234239
  -1.02905,  -0.239808,  -0.0234239
  -1.03673,  -0.239808,  -0.0468478
  -1.04287,  -0.263789,  -0.0234239
  -1.04901,  -0.263789,  -0.0507518
  -1.05362,  -0.263789,  -0.0585598
  -1.0613,  -0.263789,  -0.0741757
  -1.06744,  -0.263789,  -0.0624637
  -1.07205,  -0.263789,  -0.0741757
  -1.07973,  -0.263789,  -0.101504
  -1.08434,  -0.263789,  -0.0780797
  -1.09202,  -0.263789,  -0.121024
  -1.09816,  -0.263789,  -0.11712
  -1.1043,  -0.263789,  -0.132735
  -1.11506,  -0.383693,  -0.171775
  -1.13195,  -0.719425,  -0.109312
  -1.1642,  -1.29496,  -0.0156159
  -1.19799,  -1.67866,  0.261567
  -1.21489,  -1.15108,  0.42163
  -1.23025,  -0.743406,  0.253759
  -1.23332,  -0.28777,  0.121024
  -1.23332,  -0.0959233,  -0.011712
  -1.23793,  -0.0959233,  -0.0312319
  -1.24407,  -0.263789,  -0.0273279
  -1.25175,  -0.263789,  -0.0234239
  -1.25636,  -0.263789,  -0.0312319
  -1.2625,  -0.263789,  -0.0702717
  -1.26864,  -0.263789,  -0.0741757
  -1.27632,  -0.263789,  -0.0585598
  -1.284,  -0.311751,  -0.0975996
  -1.29629,  -0.479616,  -0.128831
  -1.31933,  -0.911271,  -0.0351359
  -1.35005,  -1.39089,  0.0273279
  -1.36694,  -1.07914,  0.335743
  -1.37769,  -0.647482,  -0.0507518
  -1.38076,  -0.239808,  0.0858876
  -1.3823,  -0.143885,  0.0195199
  -1.38691,  -0.0959233,  -0.0195199
  -1.39305,  -0.215827,  -0.011712
  -1.39766,  -0.263789,  -0.0312319
  -1.40227,  -0.191847,  -0.0234239
  -1.40841,  -0.239808,  -0.0156159
  -1.41609,  -0.263789,  -0.0234239
  -1.42377,  -0.311751,  -0.00390398
  -1.43299,  -0.335732,  -0.011712
  -1.43606,  -0.215827,  -0.0195199
  -1.43913,  -0.143885,  -0.0312319
  -1.44527,  -0.215827,  -0.0429438
  -1.45295,  -0.263789,  -0.011712
  -1.45756,  -0.263789,  -0.0351359
  -1.46217,  -0.191847,  0
  -1.4637,  -0.143885,  -0.00780797
  -1.46831,  -0.143885,  -0.0273279
  -1.47445,  -0.215827,  -0.00780797
  -1.47753,  -0.191847,  0.0507518
  -1.4806,  -0.119904,  -0.0390398
  -1.48367,  -0.0959233,  0.00390398
  -1.48521,  -0.119904,  0.0585598
  -1.48828,  -0.0959233,  -0.0390398
  -1.49135,  -0.119904,  0.00390398
  -1.49442,  -0.0959233,  0.0975996
  -1.49596,  -0.0959233,  0.0741757
  -1.49903,  -0.0959233,  0.0858876
  -1.49903,  -0.0719425,  0.105408
  -1.49903,  0,  0.109312
  -1.50056,  0,  0.121024
  -1.50056,  0,  0.140543
  -1.49903,  0,  0.167871
  -1.50056,  0,  0.183487
  -1.50056,  0,  0.206911
  -1.49903,  0,  0.234239
  -1.49903,  0,  0.257663
  -1.49903,  0,  0.281087
  -1.49903,  0,  0.316223
  -1.49903,  0,  0.347455
  -1.49903,  0,  0.38259
  -1.49903,  0,  0.413822
  -1.49596,  0.0239808,  0.448958
  -1.49135,  0.143885,  0.476286
  -1.4806,  0.359712,  0.487998
  -1.4637,  0.695444,  0.472382
  -1.43913,  1.03118,  0.406014
  -1.40995,  1.247,  0.320127
  -1.3823,  1.36691,  0.249855
  -1.35312,  1.39089,  0.218623
  -1.32701,  1.36691,  0.179583
  -1.29936,  1.31895,  0.175679
  -1.27479,  1.247,  0.152255
  -1.25175,  1.19904,  0.160063
  -1.22718,  1.1271,  0.156159
  -1.20567,  1.10312,  0.132735
  -1.18571,  1.00719,  0.156159
  -1.1642,  0.983214,  0.179583
  -1.14424,  0.983214,  0.167871
  -1.12427,  1.00719,  0.191295
  -1.10123,  1.03118,  0.206911
  -1.07819,  1.10312,  0.191295
  -1.05516,  1.15108,  0.195199
  -1.02751,  1.19904,  0.206911
  -1.0014,  1.22302,  0.156159
  -0.976826,  1.22302,  0.183487
  -0.94918,  1.27098,  0.203007
  -0.921534,  1.31895,  0.167871
  -0.893888,  1.34293,  0.175679
  -0.86317,  1.41487,  0.199103
  -0.833988,  1.46283,  0.156159
  -0.80327,  1.48681,  0.167871
  -0.771017,  1.53477,  0.140543
  -0.738763,  1.58273,  0.124927
  -0.703438,  1.60672,  0.136639
  -0.669648,  1.60672,  0.0936956
  -0.635858,  1.67866,  0.0897916
  -0.600533,  1.67866,  0.0819837
  -0.565207,  1.70264,  0.0858876
  -0.529882,  1.72662,  0.0546558
  -0.494556,  1.7506,  0.0468478
  -0.456159,  1.82254,  0.0312319
  -0.419298,  1.82254,  0.0156159
  -0.380901,  1.84652,  0.0195199
  -0.344039,  1.84652,  -0.281087
  -0.321001,  1.43885,  -0.0936956
  -0.313322,  0.57554,  0.136639
  -0.288747,  0.815348,  0.320127
  -0.256494,  1.46283,  0.238143
  -0.215025,  1.82254,  0.179583
  -0.168948,  2.15827,  0.0897916
  -0.118264,  2.39808,  0.011712
  -0.069115,  2.51799,  -0.214719
  -0.0476126,  1.7506,  -0.0429438
  -0.0337896,  0.695444,  0.156159
  -0.00307178,  1.07914,  0.269375
  0.0383972,  1.8705,  0.167871
  0.082938,  2.13429,  0.0624637
  0.13823,  2.49401,  -0.0585598
  0.170484,  2.08633,  -0.0390398
  0.188914,  1.10312,  0.0273279
  0.219632,  1.22302,  0.183487
  0.262637,  1.94245,  0.0897916
  0.311786,  2.35012,  -0.101504
  0.33636,  1.70264,  0.0273279
  0.359398,  1.07914,  0.0936956
  0.391652,  1.41487,  0.128831
  0.436193,  1.91847,  0.0741757
  0.485341,  2.3741,  0.101504
  0.50838,  1.70264,  0.0312319
  0.532954,  1.07914,  0.0741757
  0.568279,  1.53477,  0.0741757
  0.608212,  1.89449,  0.0624637
  0.635858,  1.58273,  -0.0936956
  0.655825,  1.10312,  0.0156159
  0.686543,  1.247,  0.105408
  0.734155,  1.99041,  0.011712
  0.783304,  2.49401,  0.011712
  0.807878,  1.65468,  -0.0234239
  0.824773,  0.959233,  -0.230335
  0.843203,  0.815348,  0.0546558
  0.886208,  1.43885,  0.0624637
  0.916926,  1.8705,  -0.179583
  0.943036,  1.65468,  -0.0429438
  0.961467,  1.03118,  -0.0819837
  0.981434,  0.88729,  0.0195199
  1.01369,  1.27098,  0.00390398
  1.04594,  1.65468,  -0.40211
  1.06591,  1.247,  -0.0819837
  1.0828,  0.88729,  -0.00390398
  1.09816,  0.743406,  0.0273279
  1.11506,  0.743406,  0.0312319
  1.15038,  1.27098,  0.0312319
  1.18264,  1.65468,  -0.0156159
  1.20414,  1.247,  -0.347455
  1.2195,  0.839329,  -0.011712
  1.22718,  0.527578,  -0.0624637
  1.23639,  0.359712,  0.0390398
  1.2625,  0.88729,  0.0546558
  1.29168,  1.43885,  -0.105408
  1.31011,  1.1271,  -0.206911
  1.32394,  0.767386,  -0.160063
  1.33008,  0.479616,  0.0663677
  1.33469,  0.263789,  0.0390398
  1.34237,  0.239808,  0.0390398
  1.36694,  0.815348,  0.0234239
  1.39305,  1.29496,  0.00390398
  1.41148,  1.03118,  -0.335743
  1.42377,  0.671463,  -0.292799
  1.43145,  0.479616,  -0.121024
  1.43452,  0.239808,  -0.105408
  1.43606,  0.0959233,  -0.0624637
  1.43913,  0.0959233,  0.011712
  1.44374,  0.119904,  -0.0273279
  1.44527,  0.119904,  0.0156159
  1.44834,  0.0959233,  -0.0156159
  1.45142,  0.119904,  0.0195199
  1.45449,  0.119904,  -0.0312319
  1.45756,  0.119904,  -0.0585598
  1.46063,  0.0959233,  -0.0507518
  1.4637,  0.0959233,  -0.0702717
  1.46524,  0.0959233,  -0.0312319
  1.46677,  0.0959233,  -0.0468478
  1.46985,  0.0719425,  -0.0780797
  1.47138,  0.0719425,  -0.0897916
  1.47292,  0.0719425,  -0.0936956
  1.47445,  0.0719425,  -0.109312
  1.47445,  0,  -0.124927
  1.47445,  0,  -0.144447
  1.47292,  0,  -0.163967
  1.47445,  0,  -0.179583
  1.47445,  0,  -0.203007
  1.47445,  0,  -0.222527
  1.47445,  0,  -0.238143
  1.47445,  0,  -0.265471
  1.47445,  0,  -0.296703
  1.47445,  0,  -0.331839
  1.47445,  0,  -0.363071
  1.47292,  0,  -0.390398
  1.46985,  -0.0719425,  -0.417726
  1.45756,  -0.383693,  -0.437246
  1.43606,  -0.815348,  -0.363071
  1.41302,  -1.07914,  -0.261567
  1.39152,  -1.1271,  -0.210815
  1.37155,  -1.00719,  -0.199103
  1.35619,  -0.815348,  -0.203007
  1.33622,  -0.815348,  -0.226431
  1.31779,  -0.935252,  -0.210815
  1.3009,  -0.86331,  -0.128831
  1.29168,  -0.599521,  -0.183487
  1.27786,  -0.527578,  -0.261567
  1.26097,  -0.719425,  -0.234239
  1.241,  -0.911271,  -0.238143
  1.22257,  -0.935252,  -0.171775
  1.20875,  -0.743406,  -0.171775
  1.19799,  -0.551559,  -0.214719
  1.18417,  -0.623501,  -0.261567
  1.1642,  -0.839329,  -0.245951
  1.14424,  -0.959233,  -0.191295
  1.12427,  -0.959233,  -0.140543
  1.11198,  -0.719425,  -0.183487
  1.09663,  -0.647482,  -0.269375
  1.07666,  -0.88729,  -0.234239
  1.05516,  -1.03118,  -0.171775
  1.03826,  -0.935252,  -0.191295
  1.02751,  -0.671463,  -0.199103
  1.01522,  -0.527578,  -0.288895
  0.996792,  -0.743406,  -0.296703
  0.97529,  -0.959233,  -0.234239
  0.955323,  -1.03118,  -0.253759
  0.938429,  -0.911271,  -0.265471
  0.921534,  -0.767386,  -0.245951
  0.901567,  -0.88729,  -0.238143
  0.881601,  -0.983214,  -0.222527
  0.866242,  -0.839329,  -0.203007
  0.850883,  -0.719425,  -0.257663
  0.82938,  -0.88729,  -0.249855
  0.806342,  -1.07914,  -0.195199
  0.783304,  -1.15108,  -0.156159
  0.75873,  -1.15108,  -0.156159
  0.735691,  -1.15108,  -0.163967
  0.712653,  -1.1271,  -0.113216
  0.692686,  -1.05516,  -0.109312
  0.67272,  -0.959233,  -0.0897916
  0.654289,  -0.911271,  -0.0975996
  0.640466,  -0.767386,  -0.0585598
  0.632787,  -0.503597,  -0.148351
  0.618964,  -0.479616,  -0.210815
  0.600533,  -0.767386,  -0.214719
  0.580566,  -0.935252,  -0.148351
  0.5606,  -0.959233,  -0.132735
  0.542169,  -0.911271,  -0.0273279
  0.52681,  -0.815348,  -0.0195199
  0.516059,  -0.623501,  -0.109312
  0.505308,  -0.479616,  -0.156159
  0.488413,  -0.695444,  -0.128831
  0.469982,  -0.86331,  -0.156159
  0.454623,  -0.839329,  -0.0429438
  0.439264,  -0.767386,  -0.124927
  0.428513,  -0.599521,  -0.0858876
  0.420834,  -0.407674,  -0.128831
  0.403939,  -0.599521,  -0.167871
  0.385508,  -0.839329,  -0.0780797
  0.368614,  -0.88729,  -0.0429438
  0.348647,  -0.88729,  -0.0546558
  0.330216,  -0.911271,  -0.00780797
  0.325609,  -0.503597,  0.0156159
  0.333288,  0.0959233,  -0.0975996
  0.330216,  0.119904,  -0.210815
  0.322537,  -0.28777,  -0.171775
  0.305642,  -0.647482,  -0.152255
  0.28414,  -0.911271,  -0.0468478
  0.265709,  -0.959233,  0.0273279
  0.256494,  -0.647482,  0.011712
  0.259565,  -0.0959233,  -0.0429438
  0.262637,  0.119904,  -0.144447
  0.256494,  -0.119904,  -0.144447
  0.245742,  -0.359712,  -0.128831
  0.230383,  -0.695444,  -0.0858876
  0.211953,  -0.839329,  -0.011712
  0.19813,  -0.767386,  -0.0429438
  0.188914,  -0.527578,  0.0195199
  0.191986,  -0.0239808,  0
  0.199666,  0.28777,  -0.0858876
  0.196594,  0.0479616,  -0.156159
  0.191986,  -0.143885,  -0.109312
  0.184307,  -0.263789,  -0.0975996
  0.176627,  -0.359712,  -0.0624637
  0.167412,  -0.383693,  -0.0624637
  0.159733,  -0.383693,  -0.0312319
  0.152053,  -0.383693,  -0.0234239
  0.144374,  -0.383693,  -0.011712
  0.136694,  -0.359712,  -0.00390398
  0.133622,  -0.239808,  0.00780797
  0.136694,  0,  -0.0273279
  0.136694,  0.0719425,  -0.0624637
  0.135158,  -0.0239808,  -0.0624637
  0.133622,  -0.0239808,  -0.0741757
  0.132087,  -0.0239808,  -0.0624637
  0.130551,  -0.0239808,  -0.0702717
  0.129015,  -0.0239808,  -0.0819837
  0.127479,  -0.0239808,  -0.0819837
  0.124407,  -0.0719425,  -0.0741757
  0.122871,  -0.0479616,  -0.0624637
  0.121335,  -0.0479616,  -0.0780797
  0.119799,  -0.0479616,  -0.0858876
  0.118264,  -0.0479616,  -0.0819837
  0.116728,  -0.0719425,  -0.0897916
  0.113656,  -0.0719425,  -0.0897916
  0.11212,  -0.0719425,  -0.0780797
  0.110584,  -0.0479616,  -0.0858876
  0.107512,  -0.0719425,  -0.0897916
  0.105976,  -0.0719425,  -0.0741757
  0.104441,  -0.0479616,  -0.0897916
  0.102905,  -0.0479616,  -0.0975996
  0.101369,  -0.0479616,  -0.0936956
  0.0982969,  -0.0479616,  -0.105408
  0.0967611,  -0.0719425,  -0.0897916
  0.0936893,  -0.0719425,  -0.109312
  0.0921534,  -0.0719425,  -0.0975996
  0.0906175,  -0.0719425,  -0.109312
